time,open,high,low,close,volume
2024-01-02 00:00:00,2000.0,2000.8016119371002,1999.5031051426542,2000.3047170797545,177
2024-01-02 00:01:00,2000.3047170797545,2000.7847461457056,1998.784545457103,1999.264574523054,158
2024-01-02 00:02:00,1999.264574523054,2000.3360881732103,1998.9432361182403,2000.0147497683965,139
2024-01-02 00:03:00,2000.0147497683965,2001.7270830570164,1999.2429881327237,2000.9553214213436,57
2024-01-02 00:04:00,2000.9553214213436,2001.6488341308925,1998.3098415902862,1999.003354299835,128
2024-01-02 00:05:00,1999.003354299835,1999.0395725133453,1997.6656054852656,1997.7018236987758,165
2024-01-02 00:06:00,1997.7018236987758,1997.8900618232333,1997.6412790775933,1997.8295172020507,23
2024-01-02 00:07:00,1997.8295172020507,1998.5984338831036,1996.7447011282077,1997.5136178092605,43
2024-01-02 00:08:00,1997.5136178092605,1997.787160447881,1997.223294900185,1997.4968375388055,107
2024-01-02 00:09:00,1997.4968375388055,1998.2164447812293,1995.925254022577,1996.6448612650008,78
2024-01-02 00:10:00,1996.6448612650008,1998.4340265479575,1995.7336187058024,1997.522783988759,144
2024-01-02 00:11:00,1997.522783988759,1998.3911535161235,1997.4312430175057,1998.2996125448701,86
2024-01-02 00:12:00,1998.2996125448701,1998.4009432847859,1998.264256363631,1998.3655871035467,199
2024-01-02 00:13:00,1998.3655871035467,2000.7613572134637,1997.0961370118146,1999.4919071217316,66
2024-01-02 00:14:00,1999.4919071217316,2000.6999109354451,1998.7512938811865,1999.9592976949,78
2024-01-02 00:15:00,1999.9592976949,2000.3914069004597,1998.667913514049,1999.1000227196087,10
2024-01-02 00:16:00,1999.1000227196087,1999.694971229017,1998.8736590606188,1999.4686075700272,57
2024-01-02 00:17:00,1999.4686075700272,1999.8641363378276,1998.1144509728754,1998.5099797406758,54
2024-01-02 00:18:00,1998.5099797406758,1999.5115087653305,1998.3862465629552,1999.38777558761,154
2024-01-02 00:19:00,1999.38777558761,2000.340824829103,1998.3848157180612,1999.3378649595543,74
2024-01-02 00:20:00,1999.3378649595543,1999.6270419889856,1998.863886768502,1999.1530637979333,48
2024-01-02 00:21:00,1999.1530637979333,2000.189685268258,1997.435801135146,1998.4724226054707,69
2024-01-02 00:22:00,1998.4724226054707,2000.1337113381062,1998.0327414482529,1999.6940301808884,116
2024-01-02 00:23:00,1999.6940301808884,1999.8766480522163,1999.3569064681703,1999.5395243394983,159
2024-01-02 00:24:00,1999.5395243394983,1999.9688128640921,1998.6820066100097,1999.1112951346036,195
2024-01-02 00:25:00,1999.1112951346036,1999.5606828989194,1998.3099302911994,1998.7593180555152,18
2024-01-02 00:26:00,1998.7593180555152,1999.8427941041195,1998.2078209792667,1999.291297027871,169
2024-01-02 00:27:00,1999.291297027871,2000.188472587006,1998.7594360374526,1999.6566115965875,83
2024-01-02 00:28:00,1999.6566115965875,2000.9992026515476,1998.7266822894273,2000.0692733443875,163
2024-01-02 00:29:00,2000.0692733443875,2000.6546698797295,1999.9147127342592,2000.5001092696011,17
2024-01-02 00:30:00,2000.5001092696011,2003.7084456295765,1999.433956039405,2002.6422923993805,128
2024-01-02 00:31:00,2002.6422923993805,2003.5715695832737,2001.306063265448,2002.2353404493413,186
2024-01-02 00:32:00,2002.2353404493413,2003.3371059676997,2000.6207596834654,2001.7225252018238,17
2024-01-02 00:33:00,2001.7225252018238,2002.3016994921566,2000.3288773112267,2000.9080516015595,160
2024-01-02 00:34:00,2000.9080516015595,2002.5306358202924,1999.9017264759525,2001.5243106946855,31
2024-01-02 00:35:00,2001.5243106946855,2002.6656610902048,2001.512793044157,2002.6541434396763,196
2024-01-02 00:36:00,2002.6541434396763,2003.540486713735,2001.653701491514,2002.5400447655727,151
2024-01-02 00:37:00,2002.5400447655727,2002.8318272935733,2001.4070387430788,2001.6988212710794,182
2024-01-02 00:38:00,2001.6988212710794,2001.75940845818,2000.813052545174,2000.8736397322746,180
2024-01-02 00:39:00,2000.8736397322746,2001.6749751055006,2000.723181338728,2001.524516711954,70
2024-01-02 00:40:00,2001.524516711954,2002.87123290084,2000.9216212459742,2002.26833743486,89
2024-01-02 00:41:00,2002.26833743486,2003.082768077142,2001.997677089463,2002.8121077317448,141
2024-01-02 00:42:00,2002.8121077317448,2003.5633422284661,2001.3944277852383,2002.1456622819596,43
2024-01-02 00:43:00,2002.1456622819596,2002.5015142991867,2002.0222206576966,2002.3780726749237,68
2024-01-02 00:44:00,2002.3780726749237,2002.7460491539625,2002.1269207486928,2002.4948972277316,28
2024-01-02 00:45:00,2002.4948972277316,2003.8643726515886,2001.3443832033904,2002.7138586272474,178
2024-01-02 00:46:00,2002.7138586272474,2004.5497141555586,2001.750614344138,2003.5864698724492,57
2024-01-02 00:47:00,2003.5864698724492,2003.9910911240593,2003.4058451289638,2003.8104663805739,88
2024-01-02 00:48:00,2003.8104663805739,2005.0908180828571,2003.2103217300162,2004.4906734322994,95
2024-01-02 00:49:00,2004.4906734322994,2005.5685040499677,2003.480573621886,2004.5584042395542,81
2024-01-02 00:50:00,2004.5584042395542,2005.6177237701056,2003.788863069239,2004.8481825997903,157
2024-01-02 00:51:00,2004.8481825997903,2006.1420971469272,2004.1870865787878,2005.4810011259246,183
2024-01-02 00:52:00,2005.4810011259246,2006.5211491854989,2002.9797039101504,2004.0198519697246,118
2024-01-02 00:53:00,2004.0198519697246,2004.328136181367,2003.3912540262404,2003.6995382378827,168
2024-01-02 00:54:00,2003.6995382378827,2004.3129982366486,2002.6148355040136,2003.2282955027795,31
2024-01-02 00:55:00,2003.2282955027795,2003.8219233235513,2001.994758590522,2002.5883864112939,193
2024-01-02 00:56:00,2002.5883864112939,2003.07984928503,2001.8214251990992,2002.3128880728352,32
2024-01-02 00:57:00,2002.3128880728352,2004.254481865569,2001.8679644073,2003.8095582000337,22
2024-01-02 00:58:00,2003.8095582000337,2004.4396309953313,2002.3120050720297,2002.9420778673273,14
2024-01-02 00:59:00,2002.9420778673273,2004.5267440485657,2002.3271144158389,2003.9117805970773,56
2024-01-02 01:00:00,2003.9117805970773,2004.0926105456958,2002.044789368183,2002.2256193168016,169
2024-01-02 01:01:00,2002.2256193168016,2003.1472079260925,2000.968773014229,2001.89036162352,67
2024-01-02 01:02:00,2001.89036162352,2002.2629294609465,2001.6807006822726,2002.053268519699,160
2024-01-02 01:03:00,2002.053268519699,2003.1534761056705,2001.539885101016,2002.6400926869874,90
2024-01-02 01:04:00,2002.6400926869874,2003.8349536359015,2002.1573971699122,2003.3522581188263,29
2024-01-02 01:05:00,2003.3522581188263,2004.8917176384657,2002.607475586742,2004.1469351063815,99
2024-01-02 01:06:00,2004.1469351063815,2004.395046890297,2003.5493751800955,2003.797486964011,54
2024-01-02 01:07:00,2003.797486964011,2004.7554452716759,2002.376298976229,2003.334257283894,65
2024-01-02 01:08:00,2003.334257283894,2004.5235576673833,2003.0043631378276,2004.193663521317,108
2024-01-02 01:09:00,2004.193663521317,2005.2838258750357,2002.9117957097321,2004.001958063451,160
2024-01-02 01:10:00,2004.001958063451,2004.4112487319908,2002.3144284499895,2002.7237191185293,121
2024-01-02 01:11:00,2002.7237191185293,2003.304642829391,2001.0079648156382,2001.5888885264999,52
2024-01-02 01:12:00,2001.5888885264999,2002.9548595062233,1999.3027348071807,2000.6687057869042,146
2024-01-02 01:13:00,2000.6687057869042,2001.655382607314,2000.1793559376815,2001.1660327580914,142
2024-01-02 01:14:00,2001.1660327580914,2002.4047982643324,2000.069776024458,2001.308541530699,55
2024-01-02 01:15:00,2001.308541530699,2002.615712140931,2000.6923080389154,2001.9994786491475,171
2024-01-02 01:16:00,2001.9994786491475,2002.7662483118922,2000.805029198794,2001.5717988615388,170
2024-01-02 01:17:00,2001.5717988615388,2002.3589899357298,2000.9432720746775,2001.7304631488685,124
2024-01-02 01:18:00,2001.7304631488685,2003.2968420609152,2000.7902159113507,2002.3565948233975,66
2024-01-02 01:19:00,2002.3565948233975,2002.6827156026827,2001.720763002165,2002.0468837814503,77
2024-01-02 01:20:00,2002.0468837814503,2002.7107654942663,2001.8402447891046,2002.5041265019206,93
2024-01-02 01:21:00,2002.5041265019206,2002.84901326607,2001.4964850235585,2001.8413717877079,45
2024-01-02 01:22:00,2001.8413717877079,2002.4817288074041,2000.8376266628916,2001.4779836825878,68
2024-01-02 01:23:00,2001.4779836825878,2001.9899365555998,2000.5840108143884,2001.0959636874004,35
2024-01-02 01:24:00,2001.0959636874004,2001.9800291976467,1999.0154032331513,1999.8994687433976,39
2024-01-02 01:25:00,1999.8994687433976,2001.5085261851932,1998.7773593044096,2000.3864167462052,151
2024-01-02 01:26:00,2000.3864167462052,2000.5960727022302,1999.7072677575152,1999.9169237135402,34
2024-01-02 01:27:00,1999.9169237135402,2000.2358269826493,1999.6105140441762,1999.9294173132853,99
2024-01-02 01:28:00,1999.9294173132853,2000.435656468913,1999.9039078503681,2000.410147005996,91
2024-01-02 01:29:00,2000.410147005996,2002.2695238934016,1998.9973928663326,2000.8567697537383,18
2024-01-02 01:30:00,2000.8567697537383,2002.2448572034493,2000.134352453918,2001.522439903629,167
2024-01-02 01:31:00,2001.522439903629,2002.3149246316173,2000.6313947220156,2001.4238794500038,196
2024-01-02 01:32:00,2001.4238794500038,2001.4878280632556,2000.936331161824,2001.0002797750758,131
2024-01-02 01:33:00,2001.0002797750758,2001.600087720581,2000.3207137484071,2000.9205216939124,137
2024-01-02 01:34:00,2000.9205216939124,2001.7239124322052,1998.4290199076859,1999.2324106459787,54
2024-01-02 01:35:00,1999.2324106459787,1999.730755254343,1997.287508959255,1997.7858535676194,170
2024-01-02 01:36:00,1997.7858535676194,1998.814314597034,1995.4361572511643,1996.4646182805789,159
2024-01-02 01:37:00,1996.4646182805789,1997.9858965518383,1993.94785600582,1995.4691342770795,93
2024-01-02 01:38:00,1995.4691342770795,1996.0887207643298,1995.2484163548825,1995.8680028421327,144
2024-01-02 01:39:00,1995.8680028421327,1996.058686627724,1994.773710719623,1994.9643945052144,191
2024-01-02 01:40:00,1994.9643945052144,1995.2126184606293,1994.3389601344777,1994.5871840898926,124
2024-01-02 01:41:00,1994.5871840898926,1997.1228181009776,1993.3472621347928,1995.8828961458778,47
2024-01-02 01:42:00,1995.8828961458778,1996.8975640675012,1994.5126976410772,1995.5273655627007,72
2024-01-02 01:43:00,1995.5273655627007,1996.8080009420364,1994.9825964330669,1996.2632318124026,45
2024-01-02 01:44:00,1996.2632318124026,1996.8764209489163,1994.7181693523023,1995.331358488816,72
2024-01-02 01:45:00,1995.331358488816,1995.6040748598073,1994.8536841171124,1995.1264004881036,179
2024-01-02 01:46:00,1995.1264004881036,1996.0796287350497,1993.2254651997584,1994.1786934467045,46
2024-01-02 01:47:00,1994.1786934467045,1994.6253529010892,1993.3939877241526,1993.8406471785372,179
2024-01-02 01:48:00,1993.8406471785372,1995.173017139652,1993.3459974777313,1994.6783674388462,64
2024-01-02 01:49:00,1994.6783674388462,1995.5189123339014,1992.1150982029023,1992.9556430979576,104
2024-01-02 01:50:00,1992.9556430979576,1993.911603793991,1992.432575927874,1993.3885366239074,110
2024-01-02 01:51:00,1993.3885366239074,1994.1298871434144,1992.8841358166185,1993.6254863361255,33
2024-01-02 01:52:00,1993.6254863361255,1994.227611652359,1992.431104772701,1993.0332300889345,44
2024-01-02 01:53:00,1993.0332300889345,1993.9475124809223,1990.677927018733,1991.592209410721,67
2024-01-02 01:54:00,1991.592209410721,1992.9173871129365,1990.338857991321,1991.6640356935366,21
2024-01-02 01:55:00,1991.6640356935366,1992.494533349224,1990.3062522449468,1991.1367499006342,153
2024-01-02 01:56:00,1991.1367499006342,1992.2857444079884,1990.2194004709083,1991.3683949782626,113
2024-01-02 01:57:00,1991.3683949782626,1991.9079723778318,1990.850575414672,1991.3901528142412,170
2024-01-02 01:58:00,1991.3901528142412,1993.3008055706875,1991.074383413376,1992.9850361698223,173
2024-01-02 01:59:00,1992.9850361698223,1993.8435058835387,1991.8880503641674,1992.7465200778838,76
2024-01-02 02:00:00,1992.7465200778838,1993.4122510839277,1991.0610035384748,1991.7267345445186,165
2024-01-02 02:01:00,1991.7267345445186,1991.9360918624545,1991.6959112640802,1991.905268582016,21
2024-01-02 02:02:00,1991.905268582016,1992.5913010727154,1991.4383423682539,1992.1243748589532,91
2024-01-02 02:03:00,1992.1243748589532,1994.0432029893364,1991.559382077891,1993.4782102082743,136
2024-01-02 02:04:00,1993.4782102082743,1994.7052891168285,1993.0835193356354,1994.3105982441896,98
2024-01-02 02:05:00,1994.3105982441896,1995.855967705017,1993.1210846510967,1994.6664541119242,150
2024-01-02 02:06:00,1994.6664541119242,1996.916256284528,1993.8760525339806,1996.1258547065843,173
2024-01-02 02:07:00,1996.1258547065843,1997.2722166727083,1993.7930324065335,1994.9393943726575,90
2024-01-02 02:08:00,1994.9393943726575,1995.6427546174693,1993.5979013601993,1994.3012616050112,62
2024-01-02 02:09:00,1994.3012616050112,1994.9317221363028,1992.7468652892605,1993.3773258205522,120
2024-01-02 02:10:00,1993.3773258205522,1993.601896669199,1992.7642359604088,1992.9888068090556,175
2024-01-02 02:11:00,1992.9888068090556,1993.5910437051823,1991.0147098716445,1991.6169467677712,197
2024-01-02 02:12:00,1991.6169467677712,1992.852311628337,1991.014070601921,1992.2494354624869,164
2024-01-02 02:13:00,1992.2494354624869,1992.302378037215,1991.975131366338,1992.0280739410662,56
2024-01-02 02:14:00,1992.0280739410662,1992.4104501823201,1990.180753984823,1990.563130226077,49
2024-01-02 02:15:00,1990.563130226077,1991.031358398732,1989.0841149159817,1989.5523430886367,118
2024-01-02 02:16:00,1989.5523430886367,1990.6257320893042,1988.7908301928617,1989.8642191935292,86
2024-01-02 02:17:00,1989.8642191935292,1991.478989415411,1989.0833280059514,1990.6980982278333,126
2024-01-02 02:18:00,1990.6980982278333,1993.0516710980305,1990.3319695520177,1992.685542422215,185
2024-01-02 02:19:00,1992.685542422215,1996.3745590316364,1991.8997316171033,1995.5887482265248,114
2024-01-02 02:20:00,1995.5887482265248,1996.5283583104158,1995.062633543736,1996.002243627627,77
2024-01-02 02:21:00,1996.002243627627,1996.5487260397001,1994.4682010616848,1995.014683473758,175
2024-01-02 02:22:00,1995.014683473758,1995.4193584913307,1992.4832766382328,1992.8879516558056,93
2024-01-02 02:23:00,1992.8879516558056,1994.182775801328,1991.8598869841958,1993.1547111297182,124
2024-01-02 02:24:00,1993.1547111297182,1993.2271550714822,1992.2721085009596,1992.3445524427236,35
2024-01-02 02:25:00,1992.3445524427236,1992.9870262925028,1991.288311205626,1991.9307850554053,106
2024-01-02 02:26:00,1991.9307850554053,1993.1595342420512,1990.0924086400191,1991.321157826665,90
2024-01-02 02:27:00,1991.321157826665,1991.615608511318,1990.886527206537,1991.18097789119,33
2024-01-02 02:28:00,1991.18097789119,1992.8407866454359,1990.5824489161203,1992.2422576703661,50
2024-01-02 02:29:00,1992.2422576703661,1992.476792617401,1992.164162119617,1992.398697066652,143
2024-01-02 02:30:00,1992.398697066652,1993.6447364765982,1990.9946257353931,1992.2406651453393,44
2024-01-02 02:31:00,1992.2406651453393,1992.8048413182912,1990.6448532116924,1991.2090293846443,35
2024-01-02 02:32:00,1991.2090293846443,1991.824445106575,1988.9262917622877,1989.5417074842185,20
2024-01-02 02:33:00,1989.5417074842185,1990.6771812864863,1987.9224687480603,1989.057942550328,15
2024-01-02 02:34:00,1989.057942550328,1989.9177805812692,1988.1446162144491,1989.0044542453902,92
2024-01-02 02:35:00,1989.0044542453902,1991.0112594834666,1988.755859243766,1990.7626644818424,102
2024-01-02 02:36:00,1990.7626644818424,1991.2318728779408,1990.4231289124848,1990.8923373085831,128
2024-01-02 02:37:00,1990.8923373085831,1992.6653305931507,1990.0976083050489,1991.8706015896164,118
2024-01-02 02:38:00,1991.8706015896164,1992.2194419848272,1991.024495082289,1991.3733354774997,111
2024-01-02 02:39:00,1991.3733354774997,1991.6190222033815,1989.9478160413762,1990.193502767258,199
2024-01-02 02:40:00,1990.193502767258,1990.769091030743,1988.6575299489693,1989.2331182124544,57
2024-01-02 02:41:00,1989.2331182124544,1989.2409876838087,1988.5039268882174,1988.5117963595717,145
2024-01-02 02:42:00,1988.5117963595717,1991.868711512945,1987.2711247917691,1990.6280399451425,25
2024-01-02 02:43:00,1990.6280399451425,1991.2953378754812,1989.1432043371533,1989.810502267492,171
2024-01-02 02:44:00,1989.810502267492,1990.8815366057818,1989.5736852410184,1990.6447195793082,78
2024-01-02 02:45:00,1990.6447195793082,1990.9636231713587,1989.427112377646,1989.7460159696964,75
2024-01-02 02:46:00,1989.7460159696964,1990.8278454534834,1989.5909833313851,1990.6728128151722,35
2024-01-02 02:47:00,1990.6728128151722,1991.2154672866084,1990.5133140549826,1991.0559685264188,106
2024-01-02 02:48:00,1991.0559685264188,1992.057918114866,1989.898081527457,1990.900031115904,85
2024-01-02 02:49:00,1990.900031115904,1992.3859234615597,1989.373561712973,1990.8594540586287,195
2024-01-02 02:50:00,1990.8594540586287,1991.7456523371018,1989.3214606432318,1990.207658921705,43
2024-01-02 02:51:00,1990.207658921705,1991.2120976173587,1989.6471083819622,1990.651547077616,89
2024-01-02 02:52:00,1990.651547077616,1991.0766696879666,1989.7735676827479,1990.1986902930985,181
2024-01-02 02:53:00,1990.1986902930985,1990.4148939856102,1988.7628871076545,1988.9790908001662,163
2024-01-02 02:54:00,1988.9790908001662,1990.394245970419,1986.2930400725784,1987.7081952428312,155
2024-01-02 02:55:00,1987.7081952428312,1988.4010444253797,1987.1868732695107,1987.8797224520592,109
2024-01-02 02:56:00,1987.8797224520592,1990.887866602861,1986.441100045517,1989.449244196319,175
2024-01-02 02:57:00,1989.449244196319,1990.7597859332977,1988.297850056691,1989.6083917936699,52
2024-01-02 02:58:00,1989.6083917936699,1989.7042042299233,1989.3945574528082,1989.4903698890616,163
2024-01-02 02:59:00,1989.4903698890616,1990.1066074284752,1989.1584565257488,1989.7746940651623,120
2024-01-02 03:00:00,1989.7746940651623,1991.4049172059783,1989.4437955323729,1991.074018673189,76
2024-01-02 03:01:00,1991.074018673189,1991.8580103071647,1990.5084304385218,1991.2924220724976,51
2024-01-02 03:02:00,1991.2924220724976,1991.8656713300159,1990.3100346745882,1990.8832839321065,109
2024-01-02 03:03:00,1990.8832839321065,1993.775817526184,1989.0919961880595,1991.984529782137,10
2024-01-02 03:04:00,1991.984529782137,1992.5800350930615,1991.8160625674425,1992.411567878367,145
2024-01-02 03:05:00,1992.411567878367,1994.6309898606287,1991.722074898051,1993.9414968803128,54
2024-01-02 03:06:00,1993.9414968803128,1994.9682921060269,1993.097381028616,1994.12417625433,83
2024-01-02 03:07:00,1994.12417625433,1994.7214206751312,1992.3060601839145,1992.9033046047157,46
2024-01-02 03:08:00,1992.9033046047157,1993.544652410326,1990.8986523044043,1991.5400001100147,98
2024-01-02 03:09:00,1991.5400001100147,1993.3654005379035,1991.3585441892947,1993.1839446171834,80
2024-01-02 03:10:00,1993.1839446171834,1995.542692457166,1992.542988197477,1994.9017360374594,45
2024-01-02 03:11:00,1994.9017360374594,1995.7041726744633,1993.9202378053408,1994.7226744423447,178
2024-01-02 03:12:00,1994.7226744423447,1995.4516460143025,1993.6115266513725,1994.3404982233303,154
2024-01-02 03:13:00,1994.3404982233303,1996.6241474771002,1993.5141577385182,1995.797806992288,83
2024-01-02 03:14:00,1995.797806992288,1996.9597587613828,1993.531135550962,1994.6930873200567,20
2024-01-02 03:15:00,1994.6930873200567,1995.664852456262,1992.8289692839764,1993.8007344201817,170
2024-01-02 03:16:00,1993.8007344201817,1995.0688383534489,1993.1739632047763,1994.4420671380435,142
2024-01-02 03:17:00,1994.4420671380435,1994.572973095104,1993.9176526525134,1994.048558609574,115
2024-01-02 03:18:00,1994.048558609574,1994.4074843273304,1993.6845262663421,1994.0434519840985,124
2024-01-02 03:19:00,1994.0434519840985,1994.5540324788392,1993.36991536857,1993.8804958633107,11
2024-01-02 03:20:00,1993.8804958633107,1994.9159491001824,1993.181584280814,1994.2170375176856,100
2024-01-02 03:21:00,1994.2170375176856,1996.0282216783826,1993.8092655109033,1995.6204496716002,45
2024-01-02 03:22:00,1995.6204496716002,1995.9360588917039,1995.395226997819,1995.7108362179226,133
2024-01-02 03:23:00,1995.7108362179226,1996.4778871527722,1995.586343096875,1996.3533940317245,186
2024-01-02 03:24:00,1996.3533940317245,1996.4136930031414,1994.2466610441866,1994.3069600156034,110
2024-01-02 03:25:00,1994.3069600156034,1994.8115270476992,1993.7538132594825,1994.2583802915783,124
2024-01-02 03:26:00,1994.2583802915783,1994.270474179734,1993.4054768868991,1993.4175707750549,136
2024-01-02 03:27:00,1993.4175707750549,1993.6165815980771,1992.0037582669631,1992.2027690899854,186
2024-01-02 03:28:00,1992.2027690899854,1992.6432899331714,1990.8875194582602,1991.3280403014462,17
2024-01-02 03:29:00,1991.3280403014462,1991.393377876762,1990.9300280379355,1990.9953656132514,68
2024-01-02 03:30:00,1990.9953656132514,1992.6560028346646,1990.2465072504299,1991.9071444718431,60
2024-01-02 03:31:00,1991.9071444718431,1992.7990158585767,1989.694247519689,1990.5861189064226,146
2024-01-02 03:32:00,1990.5861189064226,1990.995051490374,1990.207673634451,1990.6166062184025,95
2024-01-02 03:33:00,1990.6166062184025,1991.0396979882355,1989.7116165914608,1990.1347083612939,156
2024-01-02 03:34:00,1990.1347083612939,1990.9455274380084,1988.9978324855363,1989.8086515622508,99
2024-01-02 03:35:00,1989.8086515622508,1991.1192563627549,1989.495694859853,1990.8062996603571,195
2024-01-02 03:36:00,1990.8062996603571,1991.627605870328,1990.5206352513524,1991.3419414613231,155
2024-01-02 03:37:00,1991.3419414613231,1993.7481981721976,1990.2672932223397,1992.6735499332142,13
2024-01-02 03:38:00,1992.6735499332142,1993.6236580979914,1991.5695020782591,1992.5196102430364,197
2024-01-02 03:39:00,1992.5196102430364,1993.3567947437627,1990.9890860916314,1991.8262705923578,190
2024-01-02 03:40:00,1991.8262705923578,1992.7924549718086,1990.6371422767238,1991.6033266561747,18
2024-01-02 03:41:00,1991.6033266561747,1992.0349383942412,1991.4131936262079,1991.8448053642744,84
2024-01-02 03:42:00,1991.8448053642744,1993.1576386008398,1990.7078254911098,1992.0206587276753,194
2024-01-02 03:43:00,1992.0206587276753,1992.7740553836682,1990.187200350699,1990.9405970066919,169
2024-01-02 03:44:00,1990.9405970066919,1992.0304854483277,1989.9407884549846,1991.0306768966204,98
2024-01-02 03:45:00,1991.0306768966204,1992.0094468532836,1990.2791117432787,1991.257881699942,113
2024-01-02 03:46:00,1991.257881699942,1994.3819899293342,1990.6402434801569,1993.7643517095491,15
2024-01-02 03:47:00,1993.7643517095491,1996.1241518938002,1993.2755444651339,1995.635344649385,117
2024-01-02 03:48:00,1995.635344649385,1996.3802545814412,1994.0390534233472,1994.7839633554036,136
2024-01-02 03:49:00,1994.7839633554036,1995.2579564798948,1994.0233363704358,1994.497329494927,78
2024-01-02 03:50:00,1994.497329494927,1995.4411828635025,1992.0940605440844,1993.0379139126599,68
2024-01-02 03:51:00,1993.0379139126599,1993.0723660082067,1992.4148110796914,1992.4492631752382,167
2024-01-02 03:52:00,1992.4492631752382,1993.145659215556,1992.0672806133493,1992.763676653667,95
2024-01-02 03:53:00,1992.763676653667,1995.3788181175412,1991.3500258373267,1993.9651673012008,60
2024-01-02 03:54:00,1993.9651673012008,1994.3135532765268,1992.8898974376234,1993.2382834129494,81
2024-01-02 03:55:00,1993.2382834129494,1993.7409397318747,1992.0836922303733,1992.5863485492987,103
2024-01-02 03:56:00,1992.5863485492987,1992.832136537454,1990.20123115762,1990.4470191457754,59
2024-01-02 03:57:00,1990.4470191457754,1991.1777904145918,1989.5543589286262,1990.2851301974426,116
2024-01-02 03:58:00,1990.2851301974426,1990.5889788315847,1988.9240277602848,1989.2278763944269,173
2024-01-02 03:59:00,1989.2278763944269,1989.7506618399507,1988.1785031150137,1988.7012885605375,151
2024-01-02 04:00:00,1988.7012885605375,1989.635117743239,1986.895552298121,1987.8293814808226,53
2024-01-02 04:01:00,1987.8293814808226,1988.1479107909413,1987.4171632332454,1987.7356925433642,99
2024-01-02 04:02:00,1987.7356925433642,1988.6447237272714,1985.0797116288088,1985.988742812716,113
2024-01-02 04:03:00,1985.988742812716,1986.910450478784,1983.6102674753763,1984.5319751414443,139
2024-01-02 04:04:00,1984.5319751414443,1987.65991265462,1983.5168171166674,1986.6447546298432,153
2024-01-02 04:05:00,1986.6447546298432,1987.2961694691212,1984.7145141315252,1985.3659289708032,102
2024-01-02 04:06:00,1985.3659289708032,1987.2475233981866,1982.3955741839948,1984.277168611378,69
2024-01-02 04:07:00,1984.277168611378,1987.1143530905874,1983.2624569196494,1986.0996413988587,135
2024-01-02 04:08:00,1986.0996413988587,1989.710448498769,1985.3737107304826,1988.9845178303929,33
2024-01-02 04:09:00,1988.9845178303929,1989.232627742229,1987.5712939753864,1987.8194038872225,138
2024-01-02 04:10:00,1987.8194038872225,1988.3770598086267,1986.8957417549364,1987.4533976763405,180
2024-01-02 04:11:00,1987.4533976763405,1988.9561968916444,1986.2900113311425,1987.7928105464464,144
2024-01-02 04:12:00,1987.7928105464464,1990.7880377779068,1986.5157296895652,1989.5109569210256,92
2024-01-02 04:13:00,1989.5109569210256,1990.695455842647,1987.3447765141802,1988.5292754358018,166
2024-01-02 04:14:00,1988.5292754358018,1989.4379983377212,1987.3766814452465,1988.285404347166,111
2024-01-02 04:15:00,1988.285404347166,1989.1553900390377,1988.188203133661,1989.0581888255329,112
2024-01-02 04:16:00,1989.0581888255329,1990.2812642778974,1988.2675008834892,1989.4905763358538,171
2024-01-02 04:17:00,1989.4905763358538,1989.5934524898544,1989.0135207023814,1989.116396856382,46
2024-01-02 04:18:00,1989.116396856382,1989.1213807738143,1988.978318212452,1988.9833021298844,158
2024-01-02 04:19:00,1988.9833021298844,1989.674658048434,1986.9246238088267,1987.6159797273763,139
2024-01-02 04:20:00,1987.6159797273763,1988.4201526598451,1986.5751078251697,1987.3792807576385,110
2024-01-02 04:21:00,1987.3792807576385,1988.3344378896095,1986.159417136519,1987.11457426849,24
2024-01-02 04:22:00,1987.11457426849,1988.1390481977112,1986.3207744249605,1987.3452483541816,155
2024-01-02 04:23:00,1987.3452483541816,1988.1525166939632,1985.9861665595993,1986.7934348993808,51
2024-01-02 04:24:00,1986.7934348993808,1987.4666857722984,1986.5886088469108,1987.2618597198284,180
2024-01-02 04:25:00,1987.2618597198284,1988.8228615580013,1986.7071236414,1988.2681254795727,160
2024-01-02 04:26:00,1988.2681254795727,1988.4254733040968,1988.2652952440324,1988.4226430685565,79
2024-01-02 04:27:00,1988.4226430685565,1988.9725805948244,1988.2224257459413,1988.7723632722093,92
2024-01-02 04:28:00,1988.7723632722093,1989.7164695614863,1987.8811139260438,1988.8252202153208,14
2024-01-02 04:29:00,1988.8252202153208,1989.1223851578095,1988.5281391943865,1988.8253041368753,104
2024-01-02 04:30:00,1988.8253041368753,1989.7686606818133,1987.1644211541807,1988.1077776991187,21
2024-01-02 04:31:00,1988.1077776991187,1989.4596893957116,1987.0704783541405,1988.4223900507334,197
2024-01-02 04:32:00,1988.4223900507334,1988.7726068442541,1987.975449831944,1988.3256666254647,131
2024-01-02 04:33:00,1988.3256666254647,1991.2387305688105,1987.493552818726,1990.4066167620717,54
2024-01-02 04:34:00,1990.4066167620717,1992.3066152993335,1990.0724262290112,1991.972424766273,162
2024-01-02 04:35:00,1991.972424766273,1992.4945454329293,1991.8346019460585,1992.3567226127147,13
2024-01-02 04:36:00,1992.3567226127147,1993.003318104846,1990.9499860398469,1991.596581531978,114
2024-01-02 04:37:00,1991.596581531978,1992.0062743442954,1990.0791512772312,1990.4888440895486,31
2024-01-02 04:38:00,1990.4888440895486,1992.0965219698116,1990.0666445892052,1991.6743224694683,20
2024-01-02 04:39:00,1991.6743224694683,1993.3205101103601,1990.2897902710633,1991.9359779119552,56
2024-01-02 04:40:00,1991.9359779119552,1992.4244889356787,1991.9256743481178,1992.4141853718413,65
2024-01-02 04:41:00,1992.4141853718413,1993.1638227294015,1989.926579080257,1990.6762164378172,147
2024-01-02 04:42:00,1990.6762164378172,1991.8005596152768,1990.474988124081,1991.5993313015406,179
2024-01-02 04:43:00,1991.5993313015406,1993.0113192381134,1990.6398549858266,1992.0518429223994,157
2024-01-02 04:44:00,1992.0518429223994,1992.7679587547054,1990.2297093444306,1990.9458251767367,150
2024-01-02 04:45:00,1990.9458251767367,1991.6939833047968,1989.7282768752466,1990.4764350033067,117
2024-01-02 04:46:00,1990.4764350033067,1990.959912409707,1990.255419037295,1990.7388964436952,80
2024-01-02 04:47:00,1990.7388964436952,1991.083532503997,1990.446484231523,1990.7911202918249,58
2024-01-02 04:48:00,1990.7911202918249,1991.7574088617112,1989.5340058207873,1990.5002943906736,189
2024-01-02 04:49:00,1990.5002943906736,1991.8023317799882,1989.0952602873333,1990.397297676648,109
2024-01-02 04:50:00,1990.397297676648,1991.1855182228555,1989.358309584111,1990.1465301303188,117
2024-01-02 04:51:00,1990.1465301303188,1990.538203515318,1989.906667622364,1990.2983410073632,12
2024-01-02 04:52:00,1990.2983410073632,1992.4952408531863,1989.565795177867,1991.76269502369,97
2024-01-02 04:53:00,1991.76269502369,1993.3252056921654,1987.644097088457,1989.2066077569325,139
2024-01-02 04:54:00,1989.2066077569325,1989.844042268426,1988.3336011898334,1988.9710357013269,104
2024-01-02 04:55:00,1988.9710357013269,1990.324881868185,1987.7927285812445,1989.1465747481027,126
2024-01-02 04:56:00,1989.1465747481027,1989.743226438985,1988.8443107725864,1989.4409624634686,163
2024-01-02 04:57:00,1989.4409624634686,1990.0209413378334,1988.491032537795,1989.0710114121598,14
2024-01-02 04:58:00,1989.0710114121598,1989.9134639259407,1986.4814367120566,1987.3238892258375,181
2024-01-02 04:59:00,1987.3238892258375,1988.4040507047218,1986.5696443771249,1987.6498058560092,165
2024-01-02 05:00:00,1987.6498058560092,1989.6583738701468,1987.357921500786,1989.3664895149236,89
2024-01-02 05:01:00,1989.3664895149236,1989.6410033866948,1987.5662694039022,1987.8407832756734,155
2024-01-02 05:02:00,1987.8407832756734,1989.6890494731235,1986.851093355906,1988.699359553356,22
2024-01-02 05:03:00,1988.699359553356,1989.7697207796048,1987.3023293766967,1988.3726906029453,68
2024-01-02 05:04:00,1988.3726906029453,1989.5705066724047,1987.1139067062284,1988.3117227756877,30
2024-01-02 05:05:00,1988.3117227756877,1989.6248798432132,1985.9518204822994,1987.2649775498248,130
2024-01-02 05:06:00,1987.2649775498248,1987.9145532958325,1986.283075284893,1986.9326510309006,172
2024-01-02 05:07:00,1986.9326510309006,1988.6969220440922,1986.459930544211,1988.2242015574025,124
2024-01-02 05:08:00,1988.2242015574025,1989.9374382934573,1987.09018944799,1988.8034261840448,145
2024-01-02 05:09:00,1988.8034261840448,1991.4070742187603,1987.9223917773581,1990.5260398120736,37
2024-01-02 05:10:00,1990.5260398120736,1991.9040328766068,1990.3198812598378,1991.697874324371,187
2024-01-02 05:11:00,1991.697874324371,1992.3209504825013,1991.5120621687745,1992.1351383269048,46
2024-01-02 05:12:00,1992.1351383269048,1994.6665458076864,1991.3408074703834,1993.872214951165,110
2024-01-02 05:13:00,1993.872214951165,1994.8374479197962,1993.3446301134147,1994.309863082046,139
2024-01-02 05:14:00,1994.309863082046,1995.7234899562995,1993.7218687015431,1995.1354955757968,172
2024-01-02 05:15:00,1995.1354955757968,1996.1618538850912,1993.8132876483255,1994.83964595762,187
2024-01-02 05:16:00,1994.83964595762,1995.8073334335143,1993.9383325975998,1994.9060200734941,123
2024-01-02 05:17:00,1994.9060200734941,1996.0346925905117,1993.0817000646543,1994.210372581672,119
2024-01-02 05:18:00,1994.210372581672,1995.36929177202,1994.0381726647786,1995.1970918551267,89
2024-01-02 05:19:00,1995.1970918551267,1995.8963545254617,1993.3223552037111,1994.0216178740461,117
2024-01-02 05:20:00,1994.0216178740461,1995.6772232700102,1993.1460242258481,1994.8016296218123,138
2024-01-02 05:21:00,1994.8016296218123,1994.812235312772,1994.6008684107524,1994.611474101712,132
2024-01-02 05:22:00,1994.611474101712,1996.116893949497,1994.2741456997462,1995.779565547531,122
2024-01-02 05:23:00,1995.779565547531,1996.7921981196755,1995.516217467443,1996.5288500395875,93
2024-01-02 05:24:00,1996.5288500395875,1998.9545123223425,1995.9206740465602,1998.3463363293151,47
2024-01-02 05:25:00,1998.3463363293151,2000.3270706697738,1997.0957724522161,1999.0765067926748,20
2024-01-02 05:26:00,1999.0765067926748,2000.4837849179921,1996.0979142959532,1997.5051924212705,89
2024-01-02 05:27:00,1997.5051924212705,1997.7791260852484,1997.164389102036,1997.438322766014,85
2024-01-02 05:28:00,1997.438322766014,1998.2474329695963,1995.4587065219084,1996.2678167254908,125
2024-01-02 05:29:00,1996.2678167254908,1997.089586095717,1994.9287346705778,1995.7505040408041,181
2024-01-02 05:30:00,1995.7505040408041,1998.0125368260306,1994.996488709294,1997.2585214945204,143
2024-01-02 05:31:00,1997.2585214945204,1998.6539738651677,1996.499729042151,1997.8951814127984,162
2024-01-02 05:32:00,1997.8951814127984,1998.6156672308782,1996.4765007270184,1997.1969865450983,119
2024-01-02 05:33:00,1997.1969865450983,1998.469582279732,1994.9120941757328,1996.1846899103666,186
2024-01-02 05:34:00,1996.1846899103666,1997.256427259025,1995.1456721176596,1996.217409466318,188
2024-01-02 05:35:00,1996.217409466318,1996.3929083382961,1994.8276513194112,1995.0031501913893,39
2024-01-02 05:36:00,1995.0031501913893,1995.9188369687663,1993.417999930199,1994.333686707576,131
2024-01-02 05:37:00,1994.333686707576,1995.5991992354855,1993.3792996795094,1994.644812207419,106
2024-01-02 05:38:00,1994.644812207419,1996.5214920516041,1993.9203509428842,1995.7970307870694,194
2024-01-02 05:39:00,1995.7970307870694,1997.455190454186,1994.7463532893144,1996.404512956431,121
2024-01-02 05:40:00,1996.404512956431,1997.0777564979082,1993.4440990572264,1994.1173425987035,13
2024-01-02 05:41:00,1994.1173425987035,1995.099103728457,1993.4390529553846,1994.420814085138,49
2024-01-02 05:42:00,1994.420814085138,1995.1393571830047,1993.7741036161556,1994.4926467140222,34
2024-01-02 05:43:00,1994.4926467140222,1995.112166864157,1994.285877129248,1994.905397279383,48
2024-01-02 05:44:00,1994.905397279383,1997.0843418749896,1994.3385453923065,1996.5174899879132,28
2024-01-02 05:45:00,1996.5174899879132,1996.8492678211733,1994.1260665018267,1994.4578443350867,158
2024-01-02 05:46:00,1994.4578443350867,1994.5828806273714,1993.7433426112093,1993.868378903494,103
2024-01-02 05:47:00,1993.868378903494,1995.627828558597,1992.698023964347,1994.45747361945,137
2024-01-02 05:48:00,1994.45747361945,1995.2563027404717,1992.0814331133156,1992.8802622343374,199
2024-01-02 05:49:00,1992.8802622343374,1994.9373636554647,1992.2938556761749,1994.3509570973022,132
2024-01-02 05:50:00,1994.3509570973022,1995.0913640477816,1993.9778663283691,1994.7182732788485,101
2024-01-02 05:51:00,1994.7182732788485,1996.2794953290727,1994.0013995018378,1995.562621552062,60
2024-01-02 05:52:00,1995.562621552062,1996.5567010376985,1993.9988651514527,1994.9929446370893,153
2024-01-02 05:53:00,1994.9929446370893,1996.073319989776,1994.7242956944447,1995.8046710471315,106
2024-01-02 05:54:00,1995.8046710471315,1997.468034251466,1995.207538103959,1996.8709013082935,153
2024-01-02 05:55:00,1996.8709013082935,1998.0492697176273,1995.9250465699427,1997.1034149792765,14
2024-01-02 05:56:00,1997.1034149792765,1997.511644669892,1996.9292467003029,1997.3374763909183,40
2024-01-02 05:57:00,1997.3374763909183,1998.183741613124,1996.7611945103656,1997.6074597325714,34
2024-01-02 05:58:00,1997.6074597325714,1998.0350461845696,1996.3175608099893,1996.7451472619875,139
2024-01-02 05:59:00,1996.7451472619875,1997.2906857381056,1996.0523201976935,1996.5978586738115,108
2024-01-02 06:00:00,1996.5978586738115,1996.996497528091,1996.0469567386851,1996.4455955929645,70
2024-01-02 06:01:00,1996.4455955929645,1997.4823191228375,1995.7915845590244,1996.8283080888973,68
2024-01-02 06:02:00,1996.8283080888973,1999.1945094380096,1995.4603454194573,1997.8265467685696,125
2024-01-02 06:03:00,1997.8265467685696,1998.2962178355767,1996.2994899589182,1996.7691610259253,193
2024-01-02 06:04:00,1996.7691610259253,1997.4846429599645,1995.9288720035902,1996.6443539376294,199
2024-01-02 06:05:00,1996.6443539376294,1999.5199107309738,1995.247767071706,1998.1233238650505,99
2024-01-02 06:06:00,1998.1233238650505,1998.502819924204,1997.0009373142261,1997.3804333733797,137
2024-01-02 06:07:00,1997.3804333733797,1998.704022525955,1995.2356711728658,1996.559260325441,25
2024-01-02 06:08:00,1996.559260325441,1997.3623725959844,1995.9581062052587,1996.761218475802,189
2024-01-02 06:09:00,1996.761218475802,1998.9154222374716,1995.4500325150404,1997.60423627671,13
2024-01-02 06:10:00,1997.60423627671,1998.5146560411645,1996.7052288807517,1997.6156486452062,75
2024-01-02 06:11:00,1997.6156486452062,1999.6654862124687,1996.8931873138886,1998.9430248811511,147
2024-01-02 06:12:00,1998.9430248811511,2000.373056229368,1998.3693347105398,1999.7993660587567,194
2024-01-02 06:13:00,1999.7993660587567,2000.9915974165567,1999.4488703190082,2000.6411016768081,42
2024-01-02 06:14:00,2000.6411016768081,2001.8260891595476,2000.0104083179021,2001.1953958006416,135
2024-01-02 06:15:00,2001.1953958006416,2004.485074589355,2000.234761345645,2003.5244401343584,45
2024-01-02 06:16:00,2003.5244401343584,2004.1201825338815,2002.7231745059241,2003.3189169054472,19
2024-01-02 06:17:00,2003.3189169054472,2003.7925783181304,2000.8384084386948,2001.312069851378,90
2024-01-02 06:18:00,2001.312069851378,2003.4177925336905,2000.8116539774735,2002.917376659786,119
2024-01-02 06:19:00,2002.917376659786,2003.9155931099974,2001.4607931377993,2002.4590095880108,60
2024-01-02 06:20:00,2002.4590095880108,2003.6584863641651,2001.367545895723,2002.5670226718773,194
2024-01-02 06:21:00,2002.5670226718773,2004.2120399747796,2002.2332368769844,2003.8782541798867,127
2024-01-02 06:22:00,2003.8782541798867,2004.2111969781865,2001.9399448556464,2002.2728876539463,93
2024-01-02 06:23:00,2002.2728876539463,2003.0250145426292,2000.2676911244073,2001.0198180130901,102
2024-01-02 06:24:00,2001.0198180130901,2002.2304782668805,1998.2070633161388,1999.4177235699292,98
2024-01-02 06:25:00,1999.4177235699292,2000.475391420663,1997.5661506325916,1998.6238184833255,31
2024-01-02 06:26:00,1998.6238184833255,1999.162365199262,1998.5246058635205,1999.063152579457,125
2024-01-02 06:27:00,1999.063152579457,2000.0813624283867,1998.5688850313256,1999.5870948802553,159
2024-01-02 06:28:00,1999.5870948802553,2000.0910550342667,1999.359351868061,1999.8633120220723,90
2024-01-02 06:29:00,1999.8633120220723,2000.35592510061,1997.9580296136985,1998.4506426922362,90
2024-01-02 06:30:00,1998.4506426922362,1999.6900115320705,1994.90296000359,1996.1423288434241,182
2024-01-02 06:31:00,1996.1423288434241,1996.2274784536864,1996.1114279794228,1996.1965775896851,126
2024-01-02 06:32:00,1996.1965775896851,1996.2440220937826,1995.6782542337187,1995.7256987378162,66
2024-01-02 06:33:00,1995.7256987378162,1996.4521686378932,1995.4576328328637,1996.1841027329408,10
2024-01-02 06:34:00,1996.1841027329408,1997.5985277130876,1995.4702920875534,1996.8847170677002,166
2024-01-02 06:35:00,1996.8847170677002,1997.869782291073,1996.037677945799,1997.022743169172,129
2024-01-02 06:36:00,1997.022743169172,1998.5558645217293,1996.2486233462796,1997.781744698837,128
2024-01-02 06:37:00,1997.781744698837,1999.0799114623662,1996.71253508475,1998.0107018482793,63
2024-01-02 06:38:00,1998.0107018482793,1998.645396754804,1997.9055444189867,1998.5402393255115,45
2024-01-02 06:39:00,1998.5402393255115,1999.6144104720242,1996.7619092432874,1997.8360803898001,103
2024-01-02 06:40:00,1997.8360803898001,1998.3106855296571,1997.182058168442,1997.656663308299,153
2024-01-02 06:41:00,1997.656663308299,1998.7448484621063,1996.7650236948248,1997.8532088486322,66
2024-01-02 06:42:00,1997.8532088486322,1998.743439533752,1997.7826258872944,1998.6728565724143,110
2024-01-02 06:43:00,1998.6728565724143,1999.2743213584988,1997.6779118896095,1998.279376675694,199
2024-01-02 06:44:00,1998.279376675694,1999.494187201594,1997.585285039258,1998.800095565158,51
2024-01-02 06:45:00,1998.800095565158,1999.861617535052,1997.4728942939214,1998.5344162638153,53
2024-01-02 06:46:00,1998.5344162638153,1998.5684911205667,1998.3828853736802,1998.4169602304316,54
2024-01-02 06:47:00,1998.4169602304316,1999.8578928192856,1997.804890102785,1999.245822691639,183
2024-01-02 06:48:00,1999.245822691639,1999.4115007460791,1997.0878358265977,1997.2535138810379,110
2024-01-02 06:49:00,1997.2535138810379,1998.0540913853924,1995.1582444202347,1995.9588219245893,184
2024-01-02 06:50:00,1995.9588219245893,1996.8671943242457,1993.5712590150563,1994.4796314147127,190
2024-01-02 06:51:00,1994.4796314147127,1995.590125023775,1991.041962896361,1992.1524565054233,89
2024-01-02 06:52:00,1992.1524565054233,1992.5367998066188,1991.09251011892,1991.4768534201155,20
2024-01-02 06:53:00,1991.4768534201155,1993.1902088839677,1990.5097380885013,1992.2230935523535,67
2024-01-02 06:54:00,1992.2230935523535,1993.362842023326,1990.7995687733649,1991.9393172443374,113
2024-01-02 06:55:00,1991.9393172443374,1992.1933836627215,1991.8822437463434,1992.1363101647275,82
2024-01-02 06:56:00,1992.1363101647275,1994.063319181473,1991.2942360104144,1993.2212450271597,10
2024-01-02 06:57:00,1993.2212450271597,1995.5251531159613,1992.2405230411402,1994.5444311299418,197
2024-01-02 06:58:00,1994.5444311299418,1995.03956908765,1993.9803438308895,1994.4754817885978,67
2024-01-02 06:59:00,1994.4754817885978,1995.9407778071607,1994.3600327046556,1995.8253287232185,127
2024-01-02 07:00:00,1995.8253287232185,1996.892450595708,1994.8501412099054,1995.9172630823948,189
2024-01-02 07:01:00,1995.9172630823948,1996.0371639626705,1994.9616734166134,1995.0815742968891,113
2024-01-02 07:02:00,1995.0815742968891,1995.608776905741,1993.9614330928234,1994.4886357016753,141
2024-01-02 07:03:00,1994.4886357016753,1995.0705458082232,1992.4302689706014,1993.0121790771493,16
2024-01-02 07:04:00,1993.0121790771493,1993.8949057773202,1991.2444215834073,1992.1271482835782,142
2024-01-02 07:05:00,1992.1271482835782,1992.4750581898015,1991.4226309954292,1991.7705409016526,171
2024-01-02 07:06:00,1991.7705409016526,1992.8957743354654,1991.445585952194,1992.5708193860069,184
2024-01-02 07:07:00,1992.5708193860069,1994.9229359564317,1991.9330806918126,1994.2851972622375,25
2024-01-02 07:08:00,1994.2851972622375,1995.2841978703066,1991.9079645861455,1992.9069651942145,53
2024-01-02 07:09:00,1992.9069651942145,1994.8083030979144,1991.3970615893222,1993.298399493022,18
2024-01-02 07:10:00,1993.298399493022,1993.3013803940446,1992.258361307737,1992.2613422087595,184
2024-01-02 07:11:00,1992.2613422087595,1993.4577013636913,1991.53784338313,1992.7342025380617,62
2024-01-02 07:12:00,1992.7342025380617,1992.8989768964493,1992.4388177535134,1992.603592111901,110
2024-01-02 07:13:00,1992.603592111901,1993.6064716478843,1989.7765778132166,1990.7794573492,100
2024-01-02 07:14:00,1990.7794573492,1991.9271251949626,1990.555806794004,1991.7034746397667,140
2024-01-02 07:15:00,1991.7034746397667,1992.03214638869,1990.7723118799129,1991.1009836288363,180
2024-01-02 07:16:00,1991.1009836288363,1991.4635575515072,1990.2068850612727,1990.5694589839436,71
2024-01-02 07:17:00,1990.5694589839436,1991.13599077905,1988.9382189495434,1989.5047507446498,160
2024-01-02 07:18:00,1989.5047507446498,1990.2299654751748,1988.1286861704734,1988.8539009009985,65
2024-01-02 07:19:00,1988.8539009009985,1990.0686339533302,1988.0646736347342,1989.2794066870658,47
2024-01-02 07:20:00,1989.2794066870658,1989.8738396050467,1988.4967438339565,1989.0911767519374,30
2024-01-02 07:21:00,1989.0911767519374,1989.485729670326,1989.0234931779855,1989.4180460963742,80
2024-01-02 07:22:00,1989.4180460963742,1990.664613027862,1988.5314860986277,1989.7780530301156,116
2024-01-02 07:23:00,1989.7780530301156,1991.6682032944482,1989.2018145546074,1991.09196481894,158
2024-01-02 07:24:00,1991.09196481894,1992.151734901125,1989.6909353614362,1990.7507054436214,171
2024-01-02 07:25:00,1990.7507054436214,1991.0659114311356,1988.9654715857444,1989.2806775732586,110
2024-01-02 07:26:00,1989.2806775732586,1990.3828923799983,1989.239965232499,1990.3421800392387,87
2024-01-02 07:27:00,1990.3421800392387,1990.9256412942952,1989.4288313386276,1990.0122925936842,43
2024-01-02 07:28:00,1990.0122925936842,1992.234735127525,1988.8988763928135,1991.1213189266543,183
2024-01-02 07:29:00,1991.1213189266543,1992.1645483458963,1990.4597646790353,1991.5029940982772,85
2024-01-02 07:30:00,1991.5029940982772,1992.0208824364045,1990.8545253681307,1991.372413706258,155
2024-01-02 07:31:00,1991.372413706258,1991.970503501179,1991.1215952583211,1991.7196850532423,128
2024-01-02 07:32:00,1991.7196850532423,1994.9615975600736,1990.4207076073058,1993.662620114137,186
2024-01-02 07:33:00,1993.662620114137,1995.9207768625965,1993.4748625874174,1995.7330193358769,194
2024-01-02 07:34:00,1995.7330193358769,1996.1114444241052,1995.4238273588,1995.8022524470284,144
2024-01-02 07:35:00,1995.8022524470284,1996.7884487835515,1994.975910483987,1995.9621068205101,135
2024-01-02 07:36:00,1995.9621068205101,1997.1783713458676,1995.8199095812233,1997.0361741065808,36
2024-01-02 07:37:00,1997.0361741065808,1998.1438971147816,1995.0840432616455,1996.1917662698463,13
2024-01-02 07:38:00,1996.1917662698463,1997.3724030301883,1995.343565677209,1996.524202437551,113
2024-01-02 07:39:00,1996.524202437551,1997.4822146293511,1995.5403723448087,1996.498384536609,143
2024-01-02 07:40:00,1996.498384536609,1997.6336775987925,1995.6764500929592,1996.8117431551427,151
2024-01-02 07:41:00,1996.8117431551427,1997.3462172118977,1995.445228789338,1995.979702846093,57
2024-01-02 07:42:00,1995.979702846093,1996.1539535058807,1994.2190799598309,1994.3933306196186,105
2024-01-02 07:43:00,1994.3933306196186,1994.9352132740119,1991.7842757956123,1992.3261584500056,173
2024-01-02 07:44:00,1992.3261584500056,1992.5351417120692,1991.004078389269,1991.2130616513325,28
2024-01-02 07:45:00,1991.2130616513325,1992.0038519309308,1989.9656112625205,1990.7564015421187,82
2024-01-02 07:46:00,1990.7564015421187,1991.6747142445242,1989.5462523257136,1990.464565028119,189
2024-01-02 07:47:00,1990.464565028119,1993.5787542935414,1989.2783707542387,1992.392560019661,47
2024-01-02 07:48:00,1992.392560019661,1994.240618142359,1991.6462883777801,1993.494346500478,70
2024-01-02 07:49:00,1993.494346500478,1994.4605569387525,1991.5691744615808,1992.5353848998552,98
2024-01-02 07:50:00,1992.5353848998552,1993.3612252686066,1992.0559552286727,1992.8817955974241,140
2024-01-02 07:51:00,1992.8817955974241,1993.288947287619,1992.069014503926,1992.4761661941209,58
2024-01-02 07:52:00,1992.4761661941209,1993.2625532086745,1991.406485094656,1992.1928721092097,160
2024-01-02 07:53:00,1992.1928721092097,1992.8211876011924,1991.7491588361192,1992.377474328102,54
2024-01-02 07:54:00,1992.377474328102,1993.699481054677,1991.6722788946347,1992.9942856212099,79
2024-01-02 07:55:00,1992.9942856212099,1993.169164243477,1992.4813368890782,1992.6562155113454,118
2024-01-02 07:56:00,1992.6562155113454,1993.9627324724424,1992.4096437347905,1993.7161606958875,12
2024-01-02 07:57:00,1993.7161606958875,1994.5671545337314,1991.7268165100554,1992.5778103478992,155
2024-01-02 07:58:00,1992.5778103478992,1993.5352620369322,1991.6266741963668,1992.5841258853998,137
2024-01-02 07:59:00,1992.5841258853998,1995.3774085005732,1992.3788849861487,1995.1721676013221,168
2024-01-02 08:00:00,1995.1721676013221,1996.2609553101702,1994.3059211392952,1995.3947088481432,62
2024-01-02 08:01:00,1995.3947088481432,1997.210914614746,1995.0084174031037,1996.8246231697065,85
2024-01-02 08:02:00,1996.8246231697065,1997.5216647318468,1996.2189564802127,1996.915998042353,180
2024-01-02 08:03:00,1996.915998042353,1998.6611964691338,1995.7506811520525,1997.4958795788332,22
2024-01-02 08:04:00,1997.4958795788332,1998.417692654773,1996.517354404479,1997.4391674804187,103
2024-01-02 08:05:00,1997.4391674804187,1998.356262260288,1996.3518833120231,1997.2689780918924,101
2024-01-02 08:06:00,1997.2689780918924,1998.6301016462874,1995.1294365325234,1996.4905600869183,95
2024-01-02 08:07:00,1996.4905600869183,1997.2380642576875,1996.1726022167247,1996.920106387494,92
2024-01-02 08:08:00,1996.920106387494,1997.1253522829418,1995.8646346248352,1996.069880520283,151
2024-01-02 08:09:00,1996.069880520283,1997.0448008485769,1995.7592375135512,1996.734157841845,47
2024-01-02 08:10:00,1996.734157841845,1998.3153286196207,1996.2365018804887,1997.8176726582644,179
2024-01-02 08:11:00,1997.8176726582644,1998.5253139592016,1997.4761628188087,1998.183804119746,180
2024-01-02 08:12:00,1998.183804119746,1998.7002893801575,1997.3813300676638,1997.8978153280755,44
2024-01-02 08:13:00,1997.8978153280755,1998.7331604123542,1997.5159586633642,1998.351303747643,195
2024-01-02 08:14:00,1998.351303747643,1999.2639137385695,1997.130275155225,1998.0428851461515,59
2024-01-02 08:15:00,1998.0428851461515,1999.7181057230882,1997.302296208092,1998.9775167850287,19
2024-01-02 08:16:00,1998.9775167850287,1999.3367249998687,1996.7878387769642,1997.1470469918042,85
2024-01-02 08:17:00,1997.1470469918042,1997.9816987367894,1995.9772666147257,1996.811918359711,161
2024-01-02 08:18:00,1996.811918359711,1997.6989221861347,1993.9372759737485,1994.8242798001722,170
2024-01-02 08:19:00,1994.8242798001722,1995.115886176082,1993.0414816023049,1993.3330879782147,132
2024-01-02 08:20:00,1993.3330879782147,1995.094125207007,1992.9313666044882,1994.6924038332804,164
2024-01-02 08:21:00,1994.6924038332804,1995.8747179851337,1994.4028990232096,1995.5852131750628,59
2024-01-02 08:22:00,1995.5852131750628,1995.748528983134,1994.704005309634,1994.8673211177054,177
2024-01-02 08:23:00,1994.8673211177054,1995.1693286072148,1993.066666106035,1993.3686735955444,130
2024-01-02 08:24:00,1993.3686735955444,1993.9953220666505,1989.7873256657758,1990.413974136882,35
2024-01-02 08:25:00,1990.413974136882,1990.634697752491,1989.652359994338,1989.8730836099471,34
2024-01-02 08:26:00,1989.8730836099471,1992.6743391722603,1989.4799873896525,1992.2812429519656,60
2024-01-02 08:27:00,1992.2812429519656,1992.8239163443043,1992.1717754480728,1992.7144488404115,23
2024-01-02 08:28:00,1992.7144488404115,1993.3802730621373,1991.4910907288947,1992.1569149506206,63
2024-01-02 08:29:00,1992.1569149506206,1993.3876148773802,1991.3894714015423,1992.620171328302,198
2024-01-02 08:30:00,1992.620171328302,1993.377717930435,1990.3074261757786,1991.0649727779116,55
2024-01-02 08:31:00,1991.0649727779116,1991.6671251028104,1990.166825386485,1990.7689777113837,130
2024-01-02 08:32:00,1990.7689777113837,1990.8843502278614,1990.7526235285366,1990.8679960450143,195
2024-01-02 08:33:00,1990.8679960450143,1991.2183921768155,1990.4318923971382,1990.7822885289395,58
2024-01-02 08:34:00,1990.7822885289395,1992.0046848692127,1990.3470535990268,1991.5694499393,142
2024-01-02 08:35:00,1991.5694499393,1992.3495503773522,1991.1325419530674,1991.9126423911196,95
2024-01-02 08:36:00,1991.9126423911196,1993.2059205823116,1991.2849877222818,1992.5782659134738,64
2024-01-02 08:37:00,1992.5782659134738,1993.7437386667136,1990.7269753360188,1991.8924480892586,190
2024-01-02 08:38:00,1991.8924480892586,1993.7081268363415,1990.9709452080715,1992.7866239551545,134
2024-01-02 08:39:00,1992.7866239551545,1994.6141057361376,1992.582204054417,1994.4096858354,93
2024-01-02 08:40:00,1994.4096858354,1995.278189900372,1992.5737439710776,1993.4422480360495,164
2024-01-02 08:41:00,1993.4422480360495,1994.2951831272137,1991.7045279331355,1992.5574630242998,181
2024-01-02 08:42:00,1992.5574630242998,1994.1650013345425,1992.2807382382202,1993.888276548463,158
2024-01-02 08:43:00,1993.888276548463,1994.8248621801406,1992.7609316508556,1993.6975172825332,175
2024-01-02 08:44:00,1993.6975172825332,1995.6314505827181,1993.162981594384,1995.096914894569,71
2024-01-02 08:45:00,1995.096914894569,1995.1328372472017,1994.619541725173,1994.6554640778056,75
2024-01-02 08:46:00,1994.6554640778056,1996.8871800033596,1993.874905456847,1996.106621382401,54
2024-01-02 08:47:00,1996.106621382401,1996.9233440734586,1995.4211285461154,1996.237851237173,142
2024-01-02 08:48:00,1996.237851237173,1997.0036315144464,1995.7298140355977,1996.4955943128712,162
2024-01-02 08:49:00,1996.4955943128712,1998.6420212183646,1995.9111437256806,1998.057570631174,135
2024-01-02 08:50:00,1998.057570631174,1998.3695766178707,1997.3841455238332,1997.69615151053,123
2024-01-02 08:51:00,1997.69615151053,1998.5388347072846,1995.91343031921,1996.7561135159647,156
2024-01-02 08:52:00,1996.7561135159647,1997.3376578267598,1995.726732542827,1996.3082768536221,44
2024-01-02 08:53:00,1996.3082768536221,1997.425275462432,1995.6427772495979,1996.7597758584077,79
2024-01-02 08:54:00,1996.7597758584077,1997.5008484918008,1994.455480858007,1995.1965534914,144
2024-01-02 08:55:00,1995.1965534914,1995.9703712162413,1995.0586756405191,1995.8324933653605,19
2024-01-02 08:56:00,1995.8324933653605,1996.0742101581195,1995.053127921504,1995.294844714263,183
2024-01-02 08:57:00,1995.294844714263,1996.7234293538863,1995.0113724169694,1996.4399570565927,42
2024-01-02 08:58:00,1996.4399570565927,1997.2633968995997,1993.2265187434368,1994.0499585864438,159
2024-01-02 08:59:00,1994.0499585864438,1994.1646869660292,1993.1510044812223,1993.2657328608077,127
2024-01-02 09:00:00,1993.2657328608077,1993.916013111422,1990.9346630224854,1991.5849432730997,171
2024-01-02 09:01:00,1991.5849432730997,1992.3298817964,1990.01725166735,1990.7621901906502,157
2024-01-02 09:02:00,1990.7621901906502,1991.845872710162,1989.925029627002,1991.0087121465137,108
2024-01-02 09:03:00,1991.0087121465137,1991.1265625652409,1990.712440841427,1990.8302912601541,153
2024-01-02 09:04:00,1990.8302912601541,1991.4015228250857,1990.0068438255287,1990.5780753904603,75
2024-01-02 09:05:00,1990.5780753904603,1991.8401130735035,1989.1576027499655,1990.4196404330087,120
2024-01-02 09:06:00,1990.4196404330087,1991.901751545747,1989.1399432946523,1990.6220544073906,183
2024-01-02 09:07:00,1990.6220544073906,1991.6118190903835,1988.628482680519,1989.618247363512,26
2024-01-02 09:08:00,1989.618247363512,1991.052868228888,1988.8868069699736,1990.3214278353496,77
2024-01-02 09:09:00,1990.3214278353496,1991.1779517197065,1990.1243630911706,1990.9808869755275,13
2024-01-02 09:10:00,1990.9808869755275,1992.2478052933993,1990.0972702449726,1991.3641885628444,111
2024-01-02 09:11:00,1991.3641885628444,1992.4529413662801,1990.829566143225,1991.9183189466607,158
2024-01-02 09:12:00,1991.9183189466607,1993.034541635167,1991.0973164810928,1992.213539169599,17
2024-01-02 09:13:00,1992.213539169599,1994.5865532363443,1991.8676753963055,1994.2406894630508,114
2024-01-02 09:14:00,1994.2406894630508,1994.7699645704615,1993.6245709857762,1994.153846093187,88
2024-01-02 09:15:00,1994.153846093187,1994.817457357311,1993.1840492386066,1993.8476605027306,158
2024-01-02 09:16:00,1993.8476605027306,1994.5437606360192,1992.400350767832,1993.0964509011205,51
2024-01-02 09:17:00,1993.0964509011205,1993.89077704605,1991.2734252236278,1992.0677513685573,40
2024-01-02 09:18:00,1992.0677513685573,1992.4343842896787,1990.461582389652,1990.8282153107734,27
2024-01-02 09:19:00,1990.8282153107734,1990.8905863277575,1989.881122909353,1989.9434939263372,87
2024-01-02 09:20:00,1989.9434939263372,1991.1870791082597,1988.6295837616062,1989.8731689435288,102
2024-01-02 09:21:00,1989.8731689435288,1991.7936587310337,1988.2852816093769,1990.2057713968818,184
2024-01-02 09:22:00,1990.2057713968818,1991.031836416157,1989.4305979876522,1990.2566630069273,98
2024-01-02 09:23:00,1990.2566630069273,1990.3266963713982,1989.424823799121,1989.4948571635919,42
2024-01-02 09:24:00,1989.4948571635919,1990.6796385237394,1989.205532083752,1990.3903134438995,142
2024-01-02 09:25:00,1990.3903134438995,1991.926254669609,1989.5902321284827,1991.1261733541924,21
2024-01-02 09:26:00,1991.1261733541924,1992.2574869720197,1989.835919774645,1990.9672333924723,75
2024-01-02 09:27:00,1990.9672333924723,1991.0815211379365,1990.202978321918,1990.3172660673822,134
2024-01-02 09:28:00,1990.3172660673822,1991.4107918355382,1989.7695130792367,1990.8630388473928,58
2024-01-02 09:29:00,1990.8630388473928,1991.7254908407044,1990.1877016878839,1991.0501536811955,122
2024-01-02 09:30:00,1991.0501536811955,1991.9910707614736,1988.6675895997132,1989.6085066799913,96
2024-01-02 09:31:00,1989.6085066799913,1990.0686472591617,1989.0807390530244,1989.540879632195,190
2024-01-02 09:32:00,1989.540879632195,1989.8269408264982,1989.5154839179163,1989.8015451122196,64
2024-01-02 09:33:00,1989.8015451122196,1990.6453178087042,1988.0626653775937,1988.9064380740783,182
2024-01-02 09:34:00,1988.9064380740783,1990.1394222731924,1987.8622442480844,1989.0952284471985,128
2024-01-02 09:35:00,1989.0952284471985,1989.6586903923253,1987.0848762702399,1987.6483382153667,152
2024-01-02 09:36:00,1987.6483382153667,1989.7341677228962,1986.890442748455,1988.9762722559844,42
2024-01-02 09:37:00,1988.9762722559844,1990.6255407788713,1988.56807518772,1990.2173437106069,13
2024-01-02 09:38:00,1990.2173437106069,1990.4777216976108,1989.7056835344445,1989.9660615214484,148
2024-01-02 09:39:00,1989.9660615214484,1991.3333754190216,1988.9603785224815,1990.3276924200547,101
2024-01-02 09:40:00,1990.3276924200547,1991.0781341272202,1987.178983500338,1987.9294252075035,68
2024-01-02 09:41:00,1987.9294252075035,1988.7203101351538,1985.9891715100475,1986.7800564376978,180
2024-01-02 09:42:00,1986.7800564376978,1987.9727897126452,1985.2954861129704,1986.4882193879178,72
2024-01-02 09:43:00,1986.4882193879178,1986.6649846708747,1985.2465642966201,1985.423329579577,92
2024-01-02 09:44:00,1985.423329579577,1986.5090795924198,1985.0467692883267,1986.1325193011694,147
2024-01-02 09:45:00,1986.1325193011694,1988.7751998490126,1985.4732865485294,1988.1159670963725,192
2024-01-02 09:46:00,1988.1159670963725,1988.4877989746146,1986.5745119627218,1986.946343840964,180
2024-01-02 09:47:00,1986.946343840964,1987.8532578864704,1985.2074323710333,1986.1143464165398,133
2024-01-02 09:48:00,1986.1143464165398,1986.869616536113,1985.592889988037,1986.3481601076103,30
2024-01-02 09:49:00,1986.3481601076103,1988.1500426126438,1986.1463964012228,1987.9482789062563,30
2024-01-02 09:50:00,1987.9482789062563,1988.5704330424612,1986.111116314655,1986.73327045086,141
2024-01-02 09:51:00,1986.73327045086,1987.6444407905783,1986.069484286007,1986.9806546257255,106
2024-01-02 09:52:00,1986.9806546257255,1989.7585117325639,1986.012240310316,1988.7900974171544,35
2024-01-02 09:53:00,1988.7900974171544,1989.5424874961832,1986.3952062195171,1987.147596298546,142
2024-01-02 09:54:00,1987.147596298546,1987.9265145222037,1985.0958412773502,1985.874759501008,189
2024-01-02 09:55:00,1985.874759501008,1986.597580634711,1984.7313235334407,1985.4541446671437,22
2024-01-02 09:56:00,1985.4541446671437,1985.9749038876398,1984.4165832356628,1984.9373424561588,166
2024-01-02 09:57:00,1984.9373424561588,1986.0551013867264,1984.6260648458865,1985.743823776454,75
2024-01-02 09:58:00,1985.743823776454,1986.6942817079619,1985.0333029929911,1985.983760924499,85
2024-01-02 09:59:00,1985.983760924499,1986.4468286488275,1983.7581702868174,1984.221238011146,146
2024-01-02 10:00:00,1984.221238011146,1985.99877112222,1982.9550490339354,1984.7325821450095,56
2024-01-02 10:01:00,1984.7325821450095,1985.860450717918,1983.0315834485057,1984.1594520214142,39
2024-01-02 10:02:00,1984.1594520214142,1986.2707231844474,1983.312534104179,1985.4238052672122,193
2024-01-02 10:03:00,1985.4238052672122,1986.1694818008516,1984.0551151162072,1984.8007916498466,76
2024-01-02 10:04:00,1984.8007916498466,1985.3611372294654,1983.608668811289,1984.1690143909077,42
2024-01-02 10:05:00,1984.1690143909077,1984.8006825045109,1984.0741945647376,1984.7058626783407,141
2024-01-02 10:06:00,1984.7058626783407,1985.9727535077252,1984.1960641800995,1985.462955009484,51
2024-01-02 10:07:00,1985.462955009484,1986.5438439157176,1984.8269084468798,1985.9077973531134,157
2024-01-02 10:08:00,1985.9077973531134,1986.594126647344,1983.5477476309868,1984.2340769252173,23
2024-01-02 10:09:00,1984.2340769252173,1985.5496845603836,1983.4522624251836,1984.7678700603499,108
2024-01-02 10:10:00,1984.7678700603499,1985.7285286707336,1982.7807807556123,1983.741439365996,86
2024-01-02 10:11:00,1983.741439365996,1984.2953520453912,1983.4208901727263,1983.9748028521215,191
2024-01-02 10:12:00,1983.9748028521215,1984.2987235815342,1982.2385554998161,1982.5624762292289,109
2024-01-02 10:13:00,1982.5624762292289,1984.1752196554003,1981.392163574072,1983.0049070002433,185
2024-01-02 10:14:00,1983.0049070002433,1983.9052172861186,1981.3048519217568,1982.2051622076322,57
2024-01-02 10:15:00,1982.2051622076322,1982.644624105157,1980.494477797621,1980.9339396951457,99
2024-01-02 10:16:00,1980.9339396951457,1982.1929564405873,1980.381938217302,1981.6409549627435,164
2024-01-02 10:17:00,1981.6409549627435,1982.434232066323,1981.0871041995129,1981.8803813030922,40
2024-01-02 10:18:00,1981.8803813030922,1982.4872742778684,1980.6650740396883,1981.2719670144645,186
2024-01-02 10:19:00,1981.2719670144645,1983.4918085247928,1980.4897154904813,1982.7095570008096,156
2024-01-02 10:20:00,1982.7095570008096,1984.3092482052602,1980.673022912578,1982.2727141170287,138
2024-01-02 10:21:00,1982.2727141170287,1982.9744596196333,1981.6027916974374,1982.304537200042,56
2024-01-02 10:22:00,1982.304537200042,1983.4285722801735,1981.447036293634,1982.5710713737656,165
2024-01-02 10:23:00,1982.5710713737656,1982.6449891291456,1981.8828877409258,1981.9568054963058,170
2024-01-02 10:24:00,1981.9568054963058,1982.8261630485047,1981.5543338356172,1982.423691387816,65
2024-01-02 10:25:00,1982.423691387816,1983.5053363099928,1980.8132821800164,1981.8949271021932,121
2024-01-02 10:26:00,1981.8949271021932,1982.648809751532,1980.7331325015537,1981.4870151508926,21
2024-01-02 10:27:00,1981.4870151508926,1983.982773184358,1980.3412864659579,1982.8370444994232,84
2024-01-02 10:28:00,1982.8370444994232,1983.6987426787132,1980.9436900336775,1981.8053882129675,38
2024-01-02 10:29:00,1981.8053882129675,1983.1585810856236,1978.0613648101064,1979.4145576827625,115
2024-01-02 10:30:00,1979.4145576827625,1981.2053932221804,1979.2180782130624,1981.0089137524803,114
2024-01-02 10:31:00,1981.0089137524803,1984.7318460951462,1979.811102108911,1983.5340344515769,111
2024-01-02 10:32:00,1983.5340344515769,1984.038525660199,1982.6276105523868,1983.132101761009,138
2024-01-02 10:33:00,1983.132101761009,1984.0981401186248,1980.24556055626,1981.2115989138758,185
2024-01-02 10:34:00,1981.2115989138758,1981.8024437037545,1980.313186896539,1980.9040316864177,47
2024-01-02 10:35:00,1980.9040316864177,1981.2407257761522,1980.283847499033,1980.6205415887675,50
2024-01-02 10:36:00,1980.6205415887675,1981.3913804929516,1979.6616191541502,1980.4324580583343,50
2024-01-02 10:37:00,1980.4324580583343,1981.4818353669355,1978.2805858414151,1979.3299631500163,186
2024-01-02 10:38:00,1979.3299631500163,1980.6415978107684,1978.591899856655,1979.903534517407,27
2024-01-02 10:39:00,1979.903534517407,1981.2485395459373,1979.0777664919815,1980.4227715205118,15
2024-01-02 10:40:00,1980.4227715205118,1980.853517707063,1978.5122478742712,1978.9429940608225,40
2024-01-02 10:41:00,1978.9429940608225,1979.7779132469288,1978.7999101115452,1979.6348292976515,156
2024-01-02 10:42:00,1979.6348292976515,1982.5353213900719,1978.7661205471493,1981.6666126395696,120
2024-01-02 10:43:00,1981.6666126395696,1983.1250931738368,1980.3785161300468,1981.836996664314,184
2024-01-02 10:44:00,1981.836996664314,1982.8791009951838,1980.460630590398,1981.5027349212678,48
2024-01-02 10:45:00,1981.5027349212678,1981.6960666515608,1981.1687133121166,1981.3620450424096,84
2024-01-02 10:46:00,1981.3620450424096,1981.9774723037465,1981.356140984086,1981.971568245423,115
2024-01-02 10:47:00,1981.971568245423,1982.2305985711712,1979.9974669616324,1980.2564972873806,23
2024-01-02 10:48:00,1980.2564972873806,1980.4560912411935,1980.2196712124,1980.4192651662129,184
2024-01-02 10:49:00,1980.4192651662129,1981.0307744498882,1979.4211147186031,1980.0326240022785,162
2024-01-02 10:50:00,1980.0326240022785,1982.6124986740692,1979.2821262350378,1981.8620009068286,37
2024-01-02 10:51:00,1981.8620009068286,1981.8896441727934,1981.6617644795028,1981.6894077454676,170
2024-01-02 10:52:00,1981.6894077454676,1984.2452902656817,1980.7861428313865,1983.3420253516006,95
2024-01-02 10:53:00,1983.3420253516006,1984.1750069502828,1981.4144960974172,1982.2474776960994,73
2024-01-02 10:54:00,1982.2474776960994,1983.2069918350933,1981.8700100581798,1982.8295241971737,189
2024-01-02 10:55:00,1982.8295241971737,1983.67269892484,1982.3030076060481,1983.1461823337145,108
2024-01-02 10:56:00,1983.1461823337145,1983.324509109694,1982.1061316917996,1982.2844584677791,53
2024-01-02 10:57:00,1982.2844584677791,1982.9232820275795,1981.8214596884977,1982.460283248298,163
2024-01-02 10:58:00,1982.460283248298,1984.2601969759519,1981.8622547389987,1983.6621684666525,145
2024-01-02 10:59:00,1983.6621684666525,1984.3241075787782,1982.6790826773981,1983.341021789524,46
2024-01-02 11:00:00,1983.341021789524,1984.0856820183847,1980.9184920959462,1981.663152324807,138
2024-01-02 11:01:00,1981.663152324807,1982.3544461724782,1980.9544566740954,1981.6457505217666,129
2024-01-02 11:02:00,1981.6457505217666,1982.1352561637477,1980.2621034343013,1980.7516090762824,62
2024-01-02 11:03:00,1980.7516090762824,1981.4590896570849,1979.7050823129246,1980.412562893727,91
2024-01-02 11:04:00,1980.412562893727,1981.4035335849962,1979.3408034804263,1980.3317741716955,169
2024-01-02 11:05:00,1980.3317741716955,1980.8875757234969,1978.0870939803633,1978.6428955321646,43
2024-01-02 11:06:00,1978.6428955321646,1979.3615887249896,1976.3257968919875,1977.0444900848124,147
2024-01-02 11:07:00,1977.0444900848124,1978.0406487443981,1976.5248652157409,1977.5210238753266,167
2024-01-02 11:08:00,1977.5210238753266,1977.8583961131062,1976.666808031923,1977.0041802697026,187
2024-01-02 11:09:00,1977.0041802697026,1977.8030028780227,1973.6701025188313,1974.4689251271514,71
2024-01-02 11:10:00,1974.4689251271514,1975.6169820176558,1974.095693317324,1975.2437502078285,60
2024-01-02 11:11:00,1975.2437502078285,1976.2579699859582,1974.4985287581242,1975.5127485362539,187
2024-01-02 11:12:00,1975.5127485362539,1976.116350605052,1974.2040120595839,1974.807614128382,97
2024-01-02 11:13:00,1974.807614128382,1975.2797028747907,1973.0352822183174,1973.507370964726,118
2024-01-02 11:14:00,1973.507370964726,1974.7948345331458,1973.0446439183497,1974.3321074867695,107
2024-01-02 11:15:00,1974.3321074867695,1975.0687026897808,1973.9403793592037,1974.676974562215,107
2024-01-02 11:16:00,1974.676974562215,1977.0870601368247,1974.6193239211832,1977.0294094957928,128
2024-01-02 11:17:00,1977.0294094957928,1978.1894363168692,1976.2847452833232,1977.4447721043996,90
2024-01-02 11:18:00,1977.4447721043996,1978.5130432738054,1976.7598317099023,1977.828102879308,84
2024-01-02 11:19:00,1977.828102879308,1978.7574740753867,1976.7336543075673,1977.663025503646,86
2024-01-02 11:20:00,1977.663025503646,1978.8539260440587,1977.2797786795766,1978.4706792199893,134
2024-01-02 11:21:00,1978.4706792199893,1980.4329888922928,1977.1267259190279,1979.0890355913314,165
2024-01-02 11:22:00,1979.0890355913314,1980.7713711920999,1978.645337610576,1980.3276732113445,115
2024-01-02 11:23:00,1980.3276732113445,1980.5751062319332,1979.5640450895276,1979.8114781101162,138
2024-01-02 11:24:00,1979.8114781101162,1980.0119161459522,1979.1800277179855,1979.3804657538215,88
2024-01-02 11:25:00,1979.3804657538215,1979.4730478574086,1978.8137199214423,1978.9063020250294,157
2024-01-02 11:26:00,1978.9063020250294,1980.8894951522325,1977.7055701526733,1979.6887632798764,84
2024-01-02 11:27:00,1979.6887632798764,1982.3095364206606,1978.5511476604127,1981.1719208011968,90
2024-01-02 11:28:00,1981.1719208011968,1982.0041173005525,1979.8852033512642,1980.7173998506198,20
2024-01-02 11:29:00,1980.7173998506198,1980.9565845214267,1980.0575368229931,1980.2967214938,59
2024-01-02 11:30:00,1980.2967214938,1981.9193689985423,1978.9850570374206,1980.6077045421628,150
2024-01-02 11:31:00,1980.6077045421628,1981.062507423909,1979.9095231002138,1980.36432598196,26
2024-01-02 11:32:00,1980.36432598196,1981.7948200829999,1979.87653842647,1981.3070325275098,52
2024-01-02 11:33:00,1981.3070325275098,1982.469644494964,1977.913689469261,1979.0763014367153,157
2024-01-02 11:34:00,1979.0763014367153,1979.930477969618,1977.404068720497,1978.2582452533998,175
2024-01-02 11:35:00,1978.2582452533998,1979.72201994883,1976.0205597760296,1977.4843344714598,88
2024-01-02 11:36:00,1977.4843344714598,1978.1751462509296,1974.4992888595445,1975.1901006390144,87
2024-01-02 11:37:00,1975.1901006390144,1975.6256054724595,1973.802911247613,1974.2384160810582,106
2024-01-02 11:38:00,1974.2384160810582,1974.5889573916268,1972.9845065901823,1973.3350479007509,156
2024-01-02 11:39:00,1973.3350479007509,1973.471982073904,1972.9996902960688,1973.136624469222,99
2024-01-02 11:40:00,1973.136624469222,1974.7169090578157,1972.6543567619383,1974.234641350532,42
2024-01-02 11:41:00,1974.234641350532,1975.2787229595547,1972.9486561281028,1973.9927377371255,91
2024-01-02 11:42:00,1973.9927377371255,1974.82092734531,1972.1471387300533,1972.975328338238,58
2024-01-02 11:43:00,1972.975328338238,1973.575217292235,1972.3192544319152,1972.9191433859123,139
2024-01-02 11:44:00,1972.9191433859123,1974.1535059933158,1972.7197481397473,1973.9541107471507,37
2024-01-02 11:45:00,1973.9541107471507,1974.6355316839524,1972.309440851854,1972.9908617886558,125
2024-01-02 11:46:00,1972.9908617886558,1973.9819620431663,1971.1014835716696,1972.09258382618,34
2024-01-02 11:47:00,1972.09258382618,1973.4050630524584,1971.330859730046,1972.6433389563244,194
2024-01-02 11:48:00,1972.6433389563244,1973.3008409240765,1971.7673311170552,1972.4248330848072,131
2024-01-02 11:49:00,1972.4248330848072,1973.3408199495664,1972.147403661547,1973.0633905263062,36
2024-01-02 11:50:00,1973.0633905263062,1973.9975041076648,1972.115813952303,1973.0499275336615,192
2024-01-02 11:51:00,1973.0499275336615,1974.3863280992869,1972.4057356730443,1973.7421362386697,118
2024-01-02 11:52:00,1973.7421362386697,1974.4850019598923,1971.9777818734567,1972.7206475946793,125
2024-01-02 11:53:00,1972.7206475946793,1974.3265595340117,1971.1028158352824,1972.7087277746148,22
2024-01-02 11:54:00,1972.7087277746148,1972.7120310774458,1972.4976094566891,1972.5009127595201,45
2024-01-02 11:55:00,1972.5009127595201,1972.9971408762578,1970.8055116639764,1971.3017397807141,163
2024-01-02 11:56:00,1971.3017397807141,1971.8895514381452,1969.1728847239121,1969.7606963813432,98
2024-01-02 11:57:00,1969.7606963813432,1970.8449099800193,1969.3518635312996,1970.4360771299757,127
2024-01-02 11:58:00,1970.4360771299757,1971.43545439481,1969.090935247503,1970.0903125123373,197
2024-01-02 11:59:00,1970.0903125123373,1970.8670965908216,1968.30653619408,1969.0833202725644,91
2024-01-02 12:00:00,1969.0833202725644,1969.7339924013154,1968.3379559735847,1968.9886281023357,82
2024-01-02 12:01:00,1968.9886281023357,1971.0043272004277,1968.083457155447,1970.099156253539,162
2024-01-02 12:02:00,1970.099156253539,1970.696104593459,1967.2555680612172,1967.8525164011373,22
2024-01-02 12:03:00,1967.8525164011373,1969.692994726346,1964.5394559698939,1966.3799342951024,96
2024-01-02 12:04:00,1966.3799342951024,1967.0290697126609,1964.823426187056,1965.4725616046144,172
2024-01-02 12:05:00,1965.4725616046144,1967.575408048682,1964.8056686456148,1966.9085150896824,53
2024-01-02 12:06:00,1966.9085150896824,1967.2692324392262,1966.8257091116175,1967.1864264611613,67
2024-01-02 12:07:00,1967.1864264611613,1968.3176411847166,1966.8099397677183,1967.9411544912737,99
2024-01-02 12:08:00,1967.9411544912737,1968.9825371790178,1965.7778870057841,1966.8192696935282,24
2024-01-02 12:09:00,1966.8192696935282,1966.8839587898467,1965.6536182309121,1965.7183073272306,23
2024-01-02 12:10:00,1965.7183073272306,1966.4170174561307,1965.4597350089477,1966.1584451378478,57
2024-01-02 12:11:00,1966.1584451378478,1966.8183059794026,1965.5558725802448,1966.2157334217995,180
2024-01-02 12:12:00,1966.2157334217995,1967.8844132106326,1965.0865230825614,1966.7552028713944,52
2024-01-02 12:13:00,1966.7552028713944,1967.3618432029261,1965.9640110909445,1966.5706514224762,148
2024-01-02 12:14:00,1966.5706514224762,1967.3019783695527,1966.112819120061,1966.8441460671374,90
2024-01-02 12:15:00,1966.8441460671374,1967.1406729945743,1966.703116937964,1966.999643865401,154
2024-01-02 12:16:00,1966.999643865401,1968.5328932560349,1966.2313285634373,1967.7645779540712,72
2024-01-02 12:17:00,1967.7645779540712,1969.4094984412156,1966.9136586225895,1968.558579109734,176
2024-01-02 12:18:00,1968.558579109734,1968.6694106561347,1966.8533411075234,1966.9641726539242,80
2024-01-02 12:19:00,1966.9641726539242,1967.9994143000624,1963.7187826404422,1964.7540242865805,160
2024-01-02 12:20:00,1964.7540242865805,1966.6288687481247,1963.8632714757096,1965.7381159372537,167
2024-01-02 12:21:00,1965.7381159372537,1967.9409975187573,1964.7026125992904,1966.905494180794,92
2024-01-02 12:22:00,1966.905494180794,1967.7246953096637,1965.08255853964,1965.9017596685098,136
2024-01-02 12:23:00,1965.9017596685098,1966.7477579528768,1963.227634534932,1964.0736328192988,32
2024-01-02 12:24:00,1964.0736328192988,1964.9646968923016,1963.2798245866315,1964.1708886596343,104
2024-01-02 12:25:00,1964.1708886596343,1966.0159012434544,1963.2400387489388,1965.085051332759,80
2024-01-02 12:26:00,1965.085051332759,1966.9766542192028,1964.9596615085115,1966.8512643949555,191
2024-01-02 12:27:00,1966.8512643949555,1967.3594215184562,1966.8508475377005,1967.3590046612012,187
2024-01-02 12:28:00,1967.3590046612012,1967.6595581378547,1966.6928010894424,1966.9933545660958,158
2024-01-02 12:29:00,1966.9933545660958,1967.5321407787465,1965.5761773547367,1966.1149635673873,190
2024-01-02 12:30:00,1966.1149635673873,1966.8686839480324,1965.372500464695,1966.12622084534,195
2024-01-02 12:31:00,1966.12622084534,1966.8436243711199,1965.1146212289188,1965.8320247546988,155
2024-01-02 12:32:00,1965.8320247546988,1966.8604606068018,1963.8058624044047,1964.8342982565077,122
2024-01-02 12:33:00,1964.8342982565077,1967.8888679651848,1963.7924612336124,1966.8470309422894,48
2024-01-02 12:34:00,1966.8470309422894,1968.8497123904306,1966.5999260798221,1968.6026075279633,164
2024-01-02 12:35:00,1968.6026075279633,1970.405723641151,1967.9177056151382,1969.720821728326,46
2024-01-02 12:36:00,1969.720821728326,1969.9776213927703,1968.557112962751,1968.8139126271954,45
2024-01-02 12:37:00,1968.8139126271954,1970.1723399110554,1968.2971723139563,1969.6555995978163,177
2024-01-02 12:38:00,1969.6555995978163,1971.0034112988897,1968.937709766302,1970.2855214673755,31
2024-01-02 12:39:00,1970.2855214673755,1971.4738000676157,1969.5332134851144,1970.7214920853546,36
2024-01-02 12:40:00,1970.7214920853546,1973.4954209617092,1969.1789343088378,1971.9528631851924,107
2024-01-02 12:41:00,1971.9528631851924,1973.3945551638265,1971.1376321787336,1972.5793241573676,120
2024-01-02 12:42:00,1972.5793241573676,1973.6660839563096,1972.222432749484,1973.309192548426,18
2024-01-02 12:43:00,1973.309192548426,1975.2906818654574,1971.9561097432797,1973.9375990603112,81
2024-01-02 12:44:00,1973.9375990603112,1974.7290468701913,1973.4825017372773,1974.2739495471574,52
2024-01-02 12:45:00,1974.2739495471574,1974.9179827811815,1971.8692478183746,1972.5132810523987,67
2024-01-02 12:46:00,1972.5132810523987,1972.9953551053995,1972.1136788422818,1972.5957528952827,44
2024-01-02 12:47:00,1972.5957528952827,1973.838928219393,1970.8040066232622,1972.0471819473726,138
2024-01-02 12:48:00,1972.0471819473726,1972.597037054261,1970.235373463557,1970.7852285704453,99
2024-01-02 12:49:00,1970.7852285704453,1973.093180747184,1970.1345260689475,1972.4424782456863,192
2024-01-02 12:50:00,1972.4424782456863,1975.2151832100071,1971.3749452088912,1974.147650173212,11
2024-01-02 12:51:00,1974.147650173212,1976.3131353882482,1973.3238160352462,1975.4893012502823,157
2024-01-02 12:52:00,1975.4893012502823,1976.3126338093139,1974.918054378518,1975.7413869375496,182
2024-01-02 12:53:00,1975.7413869375496,1978.1078179875997,1974.7091988623513,1977.0756299124014,102
2024-01-02 12:54:00,1977.0756299124014,1978.6844319158852,1975.4787429337334,1977.0875449372172,142
2024-01-02 12:55:00,1977.0875449372172,1978.006727703543,1976.368836156042,1977.2880189223679,93
2024-01-02 12:56:00,1977.2880189223679,1977.9270294316461,1975.567954493165,1976.2069650024432,123
2024-01-02 12:57:00,1976.2069650024432,1977.259665535528,1975.5465329598564,1976.5992334929413,182
2024-01-02 12:58:00,1976.5992334929413,1977.7699649872293,1975.4881813885718,1976.6589128828598,110
2024-01-02 12:59:00,1976.6589128828598,1977.0147967005405,1975.0155796066158,1975.3714634242965,119
2024-01-02 13:00:00,1975.3714634242965,1975.8541063949997,1974.838253796747,1975.3208967674502,197
2024-01-02 13:01:00,1975.3208967674502,1975.335688545725,1975.2273592523873,1975.242151030662,104
2024-01-02 13:02:00,1975.242151030662,1977.142460074434,1975.1171512795959,1977.017460323368,42
2024-01-02 13:03:00,1977.017460323368,1978.2899369547872,1976.628921373811,1977.9013980052302,139
2024-01-02 13:04:00,1977.9013980052302,1978.4839630969338,1977.3301518885166,1977.9127169802202,141
2024-01-02 13:05:00,1977.9127169802202,1979.4521099336575,1976.6193638187221,1978.1587567721594,55
2024-01-02 13:06:00,1978.1587567721594,1979.0080075293797,1977.3532355663915,1978.2024863236118,148
2024-01-02 13:07:00,1978.2024863236118,1978.4350682747333,1977.7692018978742,1978.0017838489957,22
2024-01-02 13:08:00,1978.0017838489957,1978.3070297517268,1976.6260164826044,1976.9312623853355,70
2024-01-02 13:09:00,1976.9312623853355,1978.0678126485022,1975.6454025326273,1976.781952795794,172
2024-01-02 13:10:00,1976.781952795794,1977.8200125908156,1975.006456216391,1976.0445160114125,127
2024-01-02 13:11:00,1976.0445160114125,1976.6480769045465,1974.205615536292,1974.809176429426,125
2024-01-02 13:12:00,1974.809176429426,1975.7317276415258,1974.391407982606,1975.3139591947058,127
2024-01-02 13:13:00,1975.3139591947058,1976.7376106347485,1974.2767430269157,1975.7003944669584,41
2024-01-02 13:14:00,1975.7003944669584,1975.9004223706174,1973.735367195796,1973.935395099455,192
2024-01-02 13:15:00,1973.935395099455,1974.682298434128,1973.0674059905887,1973.8143093252615,66
2024-01-02 13:16:00,1973.8143093252615,1976.2870212588546,1972.3242622133207,1974.7969741469137,159
2024-01-02 13:17:00,1974.7969741469137,1976.5167530304911,1974.1230711805952,1975.8428500641726,198
2024-01-02 13:18:00,1975.8428500641726,1977.1426994522205,1975.556446871798,1976.856296259846,55
2024-01-02 13:19:00,1976.856296259846,1977.6500787441596,1976.1009766845677,1976.8947591688814,130
2024-01-02 13:20:00,1976.8947591688814,1977.3018239751466,1975.6524115225552,1976.0594763288204,18
2024-01-02 13:21:00,1976.0594763288204,1976.1013003322912,1974.9469256567058,1974.9887496601766,130
2024-01-02 13:22:00,1974.9887496601766,1976.1985991437793,1974.1191955815536,1975.3290450651564,93
2024-01-02 13:23:00,1975.3290450651564,1976.738059493423,1974.294632070937,1975.7036464992036,23
2024-01-02 13:24:00,1975.7036464992036,1977.4455005219181,1975.2334848622145,1976.975338884929,137
2024-01-02 13:25:00,1976.975338884929,1978.5068348426632,1976.5311592481955,1978.0626552059298,194
2024-01-02 13:26:00,1978.0626552059298,1978.2756526012374,1977.718879526906,1977.9318769222136,25
2024-01-02 13:27:00,1977.9318769222136,1978.4656117598583,1976.1676648499424,1976.7013996875871,179
2024-01-02 13:28:00,1976.7013996875871,1977.072024089778,1976.0153860569155,1976.3860104591065,170
2024-01-02 13:29:00,1976.3860104591065,1976.7939754308154,1976.1927118346268,1976.6006768063357,114
2024-01-02 13:30:00,1976.6006768063357,1977.941533951465,1975.0601007214025,1976.4009578665318,181
2024-01-02 13:31:00,1976.4009578665318,1977.178048920795,1975.0527915778937,1975.8298826321568,68
2024-01-02 13:32:00,1975.8298826321568,1976.89875490466,1975.010839046794,1976.0797113192973,146
2024-01-02 13:33:00,1976.0797113192973,1977.0214314723355,1974.6400608321774,1975.5817809852156,142
2024-01-02 13:34:00,1975.5817809852156,1976.4788227507279,1974.0643412635718,1974.9613830290841,120
2024-01-02 13:35:00,1974.9613830290841,1975.6983167188437,1974.5320029995166,1975.2689366892762,168
2024-01-02 13:36:00,1975.2689366892762,1975.9690495678556,1974.1718020825422,1974.8719149611215,176
2024-01-02 13:37:00,1974.8719149611215,1975.5992131790897,1974.3856541942093,1975.1129524121775,159
2024-01-02 13:38:00,1975.1129524121775,1976.1485983380896,1974.3471108883584,1975.3827568142706,121
2024-01-02 13:39:00,1975.3827568142706,1976.1099511688394,1973.5301582590166,1974.2573526135855,195
2024-01-02 13:40:00,1974.2573526135855,1974.6984296948979,1973.3412286186872,1973.7823056999996,115
2024-01-02 13:41:00,1973.7823056999996,1975.2686689164368,1973.714871825338,1975.2012350417751,131
2024-01-02 13:42:00,1975.2012350417751,1975.8511870678701,1973.4036125712955,1974.0535645973905,45
2024-01-02 13:43:00,1974.0535645973905,1974.5645914780152,1971.45334308676,1971.9643699673848,71
2024-01-02 13:44:00,1971.9643699673848,1972.1181866752156,1969.9748071072584,1970.1286238150892,181
2024-01-02 13:45:00,1970.1286238150892,1970.9483808821572,1969.3375419175156,1970.1572989845836,104
2024-01-02 13:46:00,1970.1572989845836,1971.1591923033272,1969.1858616163304,1970.187754935074,107
2024-01-02 13:47:00,1970.187754935074,1971.7749853118178,1968.4846668247276,1970.0718972014713,165
2024-01-02 13:48:00,1970.0718972014713,1971.7050671891743,1969.6347478436883,1971.2679178313913,71
2024-01-02 13:49:00,1971.2679178313913,1971.6464026205454,1968.2549966584118,1968.6334814475658,60
2024-01-02 13:50:00,1968.6334814475658,1969.1770175993395,1968.4796696366143,1969.023205788388,11
2024-01-02 13:51:00,1969.023205788388,1971.2338562514467,1968.3498093522066,1970.5604598152654,53
2024-01-02 13:52:00,1970.5604598152654,1971.2309856781778,1968.778753861035,1969.4492797239475,107
2024-01-02 13:53:00,1969.4492797239475,1969.7205015957275,1968.804053021628,1969.075274893408,147
2024-01-02 13:54:00,1969.075274893408,1969.5969110130186,1967.8123883443563,1968.334024463967,72
2024-01-02 13:55:00,1968.334024463967,1968.5223749847112,1967.265488067153,1967.4538385878973,94
2024-01-02 13:56:00,1967.4538385878973,1968.4084396867322,1966.1782847719783,1967.1328858708132,52
2024-01-02 13:57:00,1967.1328858708132,1968.8240514533059,1966.8457469111368,1968.5369124936294,165
2024-01-02 13:58:00,1968.5369124936294,1970.9228408620347,1967.959465871835,1970.3453942402402,109
2024-01-02 13:59:00,1970.3453942402402,1970.374277243901,1969.9855530841783,1970.014436087839,37
2024-01-02 14:00:00,1970.014436087839,1972.252833873096,1969.6525363642436,1971.8909341495007,125
2024-01-02 14:01:00,1971.8909341495007,1972.407321805311,1971.409622959908,1971.9260106157183,73
2024-01-02 14:02:00,1971.9260106157183,1974.2427247688092,1971.338370937695,1973.6550850907859,174
2024-01-02 14:03:00,1973.6550850907859,1974.4365104653953,1972.781590039016,1973.5630154136254,60
2024-01-02 14:04:00,1973.5630154136254,1974.852506849102,1972.4028494173317,1973.6923408528082,174
2024-01-02 14:05:00,1973.6923408528082,1974.9345058870097,1972.810842902323,1974.0530079365244,142
2024-01-02 14:06:00,1974.0530079365244,1978.1642544985973,1973.079374208224,1977.1906207702968,35
2024-01-02 14:07:00,1977.1906207702968,1979.197695454834,1976.0251230128497,1978.032197697387,154
2024-01-02 14:08:00,1978.032197697387,1978.8506979128035,1976.5142014757037,1977.3327016911203,146
2024-01-02 14:09:00,1977.3327016911203,1978.869680993817,1976.7537379768066,1978.2907172795033,96
2024-01-02 14:10:00,1978.2907172795033,1979.2832882333287,1976.940241351016,1977.9328123048415,40
2024-01-02 14:11:00,1977.9328123048415,1978.950410957858,1976.4308671735287,1977.448465826545,100
2024-01-02 14:12:00,1977.448465826545,1979.1969436886118,1976.5983441470617,1978.3468220091283,125
2024-01-02 14:13:00,1978.3468220091283,1978.3955237948903,1978.3288692602548,1978.3775710460168,35
2024-01-02 14:14:00,1978.3775710460168,1978.9137396031176,1978.1169666594678,1978.6531352165687,74
2024-01-02 14:15:00,1978.6531352165687,1979.1518023119575,1978.1683040727253,1978.666971168114,143
2024-01-02 14:16:00,1978.666971168114,1979.9022381095988,1977.7646971844626,1978.9999641259474,115
2024-01-02 14:17:00,1978.9999641259474,1980.0058433064353,1978.41458869335,1979.4204678738379,198
2024-01-02 14:18:00,1979.4204678738379,1980.4633512282496,1976.4605485233303,1977.503431877742,51
2024-01-02 14:19:00,1977.503431877742,1979.2763058569487,1976.389632768421,1978.1625067476277,157
2024-01-02 14:20:00,1978.1625067476277,1979.2298619724843,1976.123854524168,1977.1912097490247,90
2024-01-02 14:21:00,1977.1912097490247,1978.2603124140467,1974.6962564976745,1975.7653591626965,52
2024-01-02 14:22:00,1975.7653591626965,1975.9483121001374,1975.5247027691548,1975.7076557065957,190
2024-01-02 14:23:00,1975.7076557065957,1976.5740711854041,1974.9242011833785,1975.790616662187,128
2024-01-02 14:24:00,1975.790616662187,1976.1431615230706,1974.7529603150238,1975.1055051759074,111
2024-01-02 14:25:00,1975.1055051759074,1975.9851017881604,1975.0465963621828,1975.9261929744357,66
2024-01-02 14:26:00,1975.9261929744357,1976.4050449170247,1974.1213214984507,1974.6001734410397,177
2024-01-02 14:27:00,1974.6001734410397,1975.7154916794134,1973.0830796042123,1974.198397842586,15
2024-01-02 14:28:00,1974.198397842586,1974.9723501910153,1972.8471167040948,1973.621069052524,31
2024-01-02 14:29:00,1973.621069052524,1975.0096012463507,1972.1865640495519,1973.5750962433785,44
2024-01-02 14:30:00,1973.5750962433785,1974.5123962841305,1972.9129760063322,1973.8502760470842,134
2024-01-02 14:31:00,1973.8502760470842,1975.4079649704408,1971.2978722353073,1972.855561158664,29
2024-01-02 14:32:00,1972.855561158664,1974.2321548303084,1972.1934200410544,1973.570013712699,161
2024-01-02 14:33:00,1973.570013712699,1974.2331467274166,1972.9690504904506,1973.6321835051683,47
2024-01-02 14:34:00,1973.6321835051683,1973.7191816937902,1971.678182309047,1971.765180497669,138
2024-01-02 14:35:00,1971.765180497669,1972.7936556716004,1968.80576412124,1969.8342392951713,161
2024-01-02 14:36:00,1969.8342392951713,1970.2273664911409,1969.4289786166937,1969.8221058126633,176
2024-01-02 14:37:00,1969.8221058126633,1970.1581015695403,1969.268476902167,1969.6044726590442,65
2024-01-02 14:38:00,1969.6044726590442,1970.7000008378668,1968.4070961210919,1969.5026242999145,24
2024-01-02 14:39:00,1969.5026242999145,1970.5496849544784,1968.4280078845654,1969.4750685391293,153
2024-01-02 14:40:00,1969.4750685391293,1970.7340546134833,1968.438199704965,1969.697185779319,95
2024-01-02 14:41:00,1969.697185779319,1971.078917329814,1969.2487456136353,1970.6304771641303,190
2024-01-02 14:42:00,1970.6304771641303,1971.2012581135075,1968.9649076242158,1969.535688573593,45
2024-01-02 14:43:00,1969.535688573593,1970.102639785538,1967.8146174225417,1968.3815686344867,119
2024-01-02 14:44:00,1968.3815686344867,1969.2796507620312,1966.4074472417353,1967.3055293692798,32
2024-01-02 14:45:00,1967.3055293692798,1968.791355539782,1966.1038968772016,1967.5897230477037,102
2024-01-02 14:46:00,1967.5897230477037,1969.550102685345,1966.8541162440424,1968.8144958816838,10
2024-01-02 14:47:00,1968.8144958816838,1970.1824839725252,1967.0218941215167,1968.389882212358,152
2024-01-02 14:48:00,1968.389882212358,1969.3324244045882,1964.98517968934,1965.92772188157,124
2024-01-02 14:49:00,1965.92772188157,1966.424756637598,1963.7557237222952,1964.2527584783231,28
2024-01-02 14:50:00,1964.2527584783231,1965.1672129931521,1962.5201566231613,1963.4346111379903,104
2024-01-02 14:51:00,1963.4346111379903,1964.693190887839,1961.6284992874719,1962.8870790373205,91
2024-01-02 14:52:00,1962.8870790373205,1964.2601478560412,1961.1131998387677,1962.4862686574884,137
2024-01-02 14:53:00,1962.4862686574884,1963.5787439371356,1961.4316508398808,1962.524126119528,104
2024-01-02 14:54:00,1962.524126119528,1963.1228673620674,1961.6194800292546,1962.218221271794,97
2024-01-02 14:55:00,1962.218221271794,1963.7516277370567,1961.7143314585865,1963.2477379238492,167
2024-01-02 14:56:00,1963.2477379238492,1964.0626301414236,1961.7692509831866,1962.584143200761,108
2024-01-02 14:57:00,1962.584143200761,1963.8294444494147,1960.4926561752752,1961.737957423929,164
2024-01-02 14:58:00,1961.737957423929,1962.9665629056642,1960.9790661025925,1962.2076715843277,178
2024-01-02 14:59:00,1962.2076715843277,1962.9741221219426,1959.9345967215045,1960.7010472591194,171
2024-01-02 15:00:00,1960.7010472591194,1961.6915657435093,1960.0925632420938,1961.0830817264837,191
2024-01-02 15:01:00,1961.0830817264837,1961.6433835575838,1960.6233375521751,1961.1836393832752,142
2024-01-02 15:02:00,1961.1836393832752,1961.7083606807691,1960.5143371862928,1961.0390584837867,116
2024-01-02 15:03:00,1961.0390584837867,1963.2383304530076,1960.3971222554537,1962.5963942246747,110
2024-01-02 15:04:00,1962.5963942246747,1963.8591675387145,1960.7230498663375,1961.9858231803773,48
2024-01-02 15:05:00,1961.9858231803773,1964.5020032638076,1961.4907809979932,1964.0069610814235,167
2024-01-02 15:06:00,1964.0069610814235,1964.616760524679,1963.1757871704026,1963.785586613658,141
2024-01-02 15:07:00,1963.785586613658,1964.0346799046126,1962.2826000784532,1962.5316933694078,175
2024-01-02 15:08:00,1962.5316933694078,1963.4703752268217,1961.6616212088386,1962.6003030662525,143
2024-01-02 15:09:00,1962.6003030662525,1963.7249266400408,1960.4195599143045,1961.5441834880928,101
2024-01-02 15:10:00,1961.5441834880928,1962.76949086413,1959.581574956715,1960.8068823327521,66
2024-01-02 15:11:00,1960.8068823327521,1961.8642615308609,1960.1387559482364,1961.1961351463451,197
2024-01-02 15:12:00,1961.1961351463451,1962.5548070122843,1960.3822660029145,1961.7409378688537,149
2024-01-02 15:13:00,1961.7409378688537,1962.2690506211384,1960.6025591926648,1961.1306719449494,176
2024-01-02 15:14:00,1961.1306719449494,1962.8947218416736,1960.3348373060185,1962.0988872027426,121
2024-01-02 15:15:00,1962.0988872027426,1963.9467073238734,1961.3866394235827,1963.2344595447134,106
2024-01-02 15:16:00,1963.2344595447134,1965.2566451634755,1962.6221724773463,1964.6443580961084,16
2024-01-02 15:17:00,1964.6443580961084,1965.808103682356,1964.0006670415657,1965.1644126278134,23
2024-01-02 15:18:00,1965.1644126278134,1967.2717860519524,1964.3967199957472,1966.5040934198862,144
2024-01-02 15:19:00,1966.5040934198862,1966.9779082599534,1964.1809796760647,1964.654794516132,52
2024-01-02 15:20:00,1964.654794516132,1965.1488279167336,1963.8484728030446,1964.3425062036463,25
2024-01-02 15:21:00,1964.3425062036463,1965.6020314665839,1962.2314333016598,1963.4909585645973,157
2024-01-02 15:22:00,1963.4909585645973,1965.261580685458,1961.837385893912,1963.6080080147726,127
2024-01-02 15:23:00,1963.6080080147726,1963.7240763271795,1962.9308885708713,1963.0469568832782,31
2024-01-02 15:24:00,1963.0469568832782,1963.1413829018732,1962.7894430416823,1962.8838690602772,104
2024-01-02 15:25:00,1962.8838690602772,1964.9444241617448,1962.6705593143615,1964.731114415829,99
2024-01-02 15:26:00,1964.731114415829,1965.2799003837233,1964.015601565555,1964.5643875334492,10
2024-01-02 15:27:00,1964.5643875334492,1965.9123761311932,1963.6228597607985,1964.9708483585425,124
2024-01-02 15:28:00,1964.9708483585425,1965.792603126777,1963.9208923591739,1964.7426471274084,85
2024-01-02 15:29:00,1964.7426471274084,1965.4740727393162,1964.0856000784022,1964.81702569031,176
2024-01-02 15:30:00,1964.81702569031,1965.6202363482696,1964.0197258704297,1964.8229365283894,31
2024-01-02 15:31:00,1964.8229365283894,1965.5809279296448,1964.505383831045,1965.2633752323004,170
2024-01-02 15:32:00,1965.2633752323004,1966.9023568596324,1964.769461715215,1966.408443342547,11
2024-01-02 15:33:00,1966.408443342547,1968.6106671987231,1965.82594421957,1968.0281680757462,155
2024-01-02 15:34:00,1968.0281680757462,1968.3659917541152,1967.9950149186766,1968.3328385970456,158
2024-01-02 15:35:00,1968.3328385970456,1969.046420996506,1968.1994684454237,1968.913050844884,87
2024-01-02 15:36:00,1968.913050844884,1969.0619857977308,1967.6311398160924,1967.7800747689391,63
2024-01-02 15:37:00,1967.7800747689391,1968.6710890274408,1966.8025994590569,1967.6936137175585,37
2024-01-02 15:38:00,1967.6936137175585,1969.30590218815,1967.0064260345157,1968.6187145051072,74
2024-01-02 15:39:00,1968.6187145051072,1970.30263034188,1967.7871797022153,1969.4710955389883,137
2024-01-02 15:40:00,1969.4710955389883,1969.813277457536,1969.337293246578,1969.6794751651257,147
2024-01-02 15:41:00,1969.6794751651257,1970.558907701012,1969.6729986237751,1970.5524311596614,44
2024-01-02 15:42:00,1970.5524311596614,1971.8887270149853,1969.6996760701074,1971.0359719254313,12
2024-01-02 15:43:00,1971.0359719254313,1972.7232586172458,1970.5316086397952,1972.2188953316097,116
2024-01-02 15:44:00,1972.2188953316097,1973.5791037194588,1971.1440267422047,1972.5042351300538,120
2024-01-02 15:45:00,1972.5042351300538,1972.6317613325693,1972.0259007105917,1972.1534269131073,196
2024-01-02 15:46:00,1972.1534269131073,1973.409034494673,1971.2289845744215,1972.4845921559872,154
2024-01-02 15:47:00,1972.4845921559872,1972.7254402055496,1969.3534679803104,1969.5943160298727,114
2024-01-02 15:48:00,1969.5943160298727,1970.9756342891776,1968.5900625556046,1969.9713808149095,122
2024-01-02 15:49:00,1969.9713808149095,1971.8229853844186,1964.5261418198647,1966.377746389374,132
2024-01-02 15:50:00,1966.377746389374,1966.6815562181896,1964.3794465150388,1964.6832563438545,95
2024-01-02 15:51:00,1964.6832563438545,1965.9898864493816,1963.820417341333,1965.1270474468602,138
2024-01-02 15:52:00,1965.1270474468602,1965.7173950500344,1965.0059027519924,1965.5962503551666,47
2024-01-02 15:53:00,1965.5962503551666,1966.353260068116,1963.696807816443,1964.4538175293924,167
2024-01-02 15:54:00,1964.4538175293924,1964.961733892889,1963.246455378576,1963.7543717420726,173
2024-01-02 15:55:00,1963.7543717420726,1965.7406117438072,1963.1138346693592,1965.1000746710938,92
2024-01-02 15:56:00,1965.1000746710938,1965.3312377810591,1964.39332773728,1964.6244908472454,96
2024-01-02 15:57:00,1964.6244908472454,1967.7248252384165,1963.7274045444572,1966.8277389356283,104
2024-01-02 15:58:00,1966.8277389356283,1966.8480531634839,1966.8055366975318,1966.8258509253874,165
2024-01-02 15:59:00,1966.8258509253874,1968.3058036105824,1965.7471662905937,1967.2271189757887,43
2024-01-02 16:00:00,1967.2271189757887,1969.2469959747195,1966.79762155921,1968.8174985581409,74
2024-01-02 16:01:00,1968.8174985581409,1968.9848021674084,1968.7791791884467,1968.9464827977142,126
2024-01-02 16:02:00,1968.9464827977142,1970.1646249874098,1966.7415597803515,1967.959701970047,141
2024-01-02 16:03:00,1967.959701970047,1968.523553418559,1967.2878809199678,1967.8517323684798,66
2024-01-02 16:04:00,1967.8517323684798,1969.192852958452,1966.4755734540565,1967.8166940440287,32
2024-01-02 16:05:00,1967.8166940440287,1968.8869892114697,1965.4036181734582,1966.4739133408991,106
2024-01-02 16:06:00,1966.4739133408991,1966.749913664016,1965.9463694705382,1966.2223697936552,131
2024-01-02 16:07:00,1966.2223697936552,1966.778608240514,1964.9364739978457,1965.4927124447045,155
2024-01-02 16:08:00,1965.4927124447045,1967.0386438269886,1964.855190280142,1966.4011216624262,10
2024-01-02 16:09:00,1966.4011216624262,1967.6253578751957,1965.2109158637672,1966.4351520765367,13
2024-01-02 16:10:00,1966.4351520765367,1967.1970449191404,1965.3952094829422,1966.1571023255458,83
2024-01-02 16:11:00,1966.1571023255458,1966.8162382580338,1965.3935812145417,1966.0527171470296,117
2024-01-02 16:12:00,1966.0527171470296,1966.7833300587183,1965.5414390606122,1966.272051972301,10
2024-01-02 16:13:00,1966.272051972301,1967.4486398636182,1965.7018763420385,1966.8784642333558,42
2024-01-02 16:14:00,1966.8784642333558,1967.9811711177774,1964.792601122434,1965.8953080068557,89
2024-01-02 16:15:00,1965.8953080068557,1966.4862255590442,1964.280564334743,1964.8714818869316,63
2024-01-02 16:16:00,1964.8714818869316,1966.3912357468914,1964.4370043704607,1965.9567582304205,145
2024-01-02 16:17:00,1965.9567582304205,1966.324510087968,1965.1836881425838,1965.5514400001314,16
2024-01-02 16:18:00,1965.5514400001314,1965.9231511383498,1963.7872908542347,1964.159001992453,178
2024-01-02 16:19:00,1964.159001992453,1964.633329697236,1964.120533651837,1964.5948613566197,42
2024-01-02 16:20:00,1964.5948613566197,1965.344638330861,1964.3002513522983,1965.0500283265396,93
2024-01-02 16:21:00,1965.0500283265396,1966.2275355916124,1962.3685550316509,1963.5460622967237,197
2024-01-02 16:22:00,1963.5460622967237,1964.2793499222523,1963.0380736305788,1963.7713612561074,135
2024-01-02 16:23:00,1963.7713612561074,1965.359730293116,1962.9052507244662,1964.4936197614747,199
2024-01-02 16:24:00,1964.4936197614747,1965.2459838318332,1964.1089955889672,1964.8613596593257,13
2024-01-02 16:25:00,1964.8613596593257,1966.295283486001,1964.0483138313816,1965.4822376580569,146
2024-01-02 16:26:00,1965.4822376580569,1966.0080856789825,1963.5763566525368,1964.1022046734624,24
2024-01-02 16:27:00,1964.1022046734624,1964.8274804283542,1963.7020272677025,1964.4273030225943,126
2024-01-02 16:28:00,1964.4273030225943,1965.0876278209373,1963.4697409652824,1964.1300657636255,71
2024-01-02 16:29:00,1964.1300657636255,1964.524436503537,1963.261563690611,1963.6559344305224,157
2024-01-02 16:30:00,1963.6559344305224,1964.7557920622744,1963.410812643115,1964.510670274867,33
2024-01-02 16:31:00,1964.510670274867,1966.916105857905,1963.5582599720715,1965.9636955551096,180
2024-01-02 16:32:00,1965.9636955551096,1968.4134854746878,1965.2777388273987,1967.727528746977,101
2024-01-02 16:33:00,1967.727528746977,1969.488195040227,1967.2604542756146,1969.0211205688647,108
2024-01-02 16:34:00,1969.0211205688647,1969.2313274901612,1968.702879186929,1968.9130861082256,118
2024-01-02 16:35:00,1968.9130861082256,1969.272195460102,1968.9012144287076,1969.260323780584,16
2024-01-02 16:36:00,1969.260323780584,1970.6945797315977,1968.5811047579564,1970.01536070897,68
2024-01-02 16:37:00,1970.01536070897,1971.361501547797,1968.7885810808928,1970.1347219197196,144
2024-01-02 16:38:00,1970.1347219197196,1970.9346708133182,1969.4635845596151,1970.2635334532138,192
2024-01-02 16:39:00,1970.2635334532138,1971.1212559657301,1970.217316318849,1971.0750388313654,197
2024-01-02 16:40:00,1971.0750388313654,1971.75508557723,1970.3365668135918,1971.0166135594563,111
2024-01-02 16:41:00,1971.0166135594563,1971.5866826227762,1969.7278261623144,1970.2978952256342,59
2024-01-02 16:42:00,1970.2978952256342,1971.2292762055959,1968.9581965410507,1969.8895775210124,100
2024-01-02 16:43:00,1969.8895775210124,1971.3442136646809,1969.059308100434,1970.5139442441025,98
2024-01-02 16:44:00,1970.5139442441025,1971.1024610859397,1969.9283765632895,1970.5168934051267,85
2024-01-02 16:45:00,1970.5168934051267,1971.6582621323664,1969.7107194312491,1970.8520881584889,78
2024-01-02 16:46:00,1970.8520881584889,1971.7081809957235,1970.656308858117,1971.5124016953516,174
2024-01-02 16:47:00,1971.5124016953516,1971.5432584624557,1971.1120426318614,1971.1428993989655,84
2024-01-02 16:48:00,1971.1428993989655,1972.405472768583,1970.6256626283089,1971.8882359979264,15
2024-01-02 16:49:00,1971.8882359979264,1973.0155406805818,1971.1344489517983,1972.2617536344537,147
2024-01-02 16:50:00,1972.2617536344537,1972.31723245816,1970.988587498646,1971.0440663223524,136
2024-01-02 16:51:00,1971.0440663223524,1973.335179652911,1970.174376142042,1972.4654894726007,81
2024-01-02 16:52:00,1972.4654894726007,1973.3581374757798,1971.0789906063737,1971.9716386095529,129
2024-01-02 16:53:00,1971.9716386095529,1972.5812523442369,1969.730124336891,1970.339738071575,188
2024-01-02 16:54:00,1970.339738071575,1970.5888071176728,1969.0611234509674,1969.3101924970651,185
2024-01-02 16:55:00,1969.3101924970651,1969.5151410533133,1968.0998666198552,1968.3048151761034,160
2024-01-02 16:56:00,1968.3048151761034,1969.3505484883046,1967.3104283610705,1968.3561616732718,120
2024-01-02 16:57:00,1968.3561616732718,1968.3605791171524,1968.0822265644067,1968.0866440082873,15
2024-01-02 16:58:00,1968.0866440082873,1969.0958940184012,1966.745936749779,1967.755186759893,107
2024-01-02 16:59:00,1967.755186759893,1968.890372662406,1967.2297117357919,1968.364897638305,165
2024-01-02 17:00:00,1968.364897638305,1969.2522729583459,1967.8120216835357,1968.6993970035767,170
2024-01-02 17:01:00,1968.6993970035767,1969.0924440050762,1968.6174516282579,1969.0104986297574,156
2024-01-02 17:02:00,1969.0104986297574,1969.9470119339817,1968.477463593092,1969.4139768973162,197
2024-01-02 17:03:00,1969.4139768973162,1970.8534504496306,1968.581215458409,1970.0206890107233,108
2024-01-02 17:04:00,1970.0206890107233,1970.085076178838,1967.8799459952231,1967.944333163338,30
2024-01-02 17:05:00,1967.944333163338,1968.730830648137,1966.7992385818727,1967.5857360666719,104
2024-01-02 17:06:00,1967.5857360666719,1968.2103579890595,1964.8162390320251,1965.4408609544128,70
2024-01-02 17:07:00,1965.4408609544128,1965.8128833904227,1965.1042753451886,1965.4762977811986,168
2024-01-02 17:08:00,1965.4762977811986,1966.4019064651384,1964.5461360987113,1965.471744782651,157
2024-01-02 17:09:00,1965.471744782651,1966.7754243334796,1965.1955473040011,1966.4992268548297,90
2024-01-02 17:10:00,1966.4992268548297,1968.3936984542825,1965.772496312913,1967.6669679123659,83
2024-01-02 17:11:00,1967.6669679123659,1969.0941911618825,1966.439241545031,1967.8664647945477,40
2024-01-02 17:12:00,1967.8664647945477,1969.0232584172415,1966.217349279605,1967.374142902299,18
2024-01-02 17:13:00,1967.374142902299,1968.5951613725047,1966.6303711460753,1967.851389616281,69
2024-01-02 17:14:00,1967.851389616281,1968.322887957255,1966.8604595472011,1967.331957888175,55
2024-01-02 17:15:00,1967.331957888175,1967.6719903010874,1966.9905555714176,1967.33058798433,60
2024-01-02 17:16:00,1967.33058798433,1968.7718564339334,1966.8593476048661,1968.3006160544696,199
2024-01-02 17:17:00,1968.3006160544696,1969.1049570857376,1966.9473441812374,1967.7516852125054,139
2024-01-02 17:18:00,1967.7516852125054,1968.8171172242792,1967.478940950786,1968.5443729625597,114
2024-01-02 17:19:00,1968.5443729625597,1970.1001891059896,1967.6553041454179,1969.2111202888477,43
2024-01-02 17:20:00,1969.2111202888477,1970.6413292056216,1966.8408180401466,1968.2710269569204,169
2024-01-02 17:21:00,1968.2710269569204,1969.795867138022,1967.7046305737656,1969.2294707548672,132
2024-01-02 17:22:00,1969.2294707548672,1969.9785953456276,1969.1681648813983,1969.9172894721587,107
2024-01-02 17:23:00,1969.9172894721587,1970.0788533750524,1969.8561183531547,1970.0176822560484,98
2024-01-02 17:24:00,1970.0176822560484,1970.9143152418903,1968.37015392425,1969.266786910092,114
2024-01-02 17:25:00,1969.266786910092,1969.833792021198,1967.8537788612389,1968.420783972345,169
2024-01-02 17:26:00,1968.420783972345,1969.3562530885124,1966.9561417606074,1967.8916108767748,146
2024-01-02 17:27:00,1967.8916108767748,1968.8059382191634,1967.5111670805964,1968.425494422985,102
2024-01-02 17:28:00,1968.425494422985,1969.3425877765392,1966.567862598118,1967.4849559516722,136
2024-01-02 17:29:00,1967.4849559516722,1968.443426067041,1966.9568852199054,1967.9153553352742,186
2024-01-02 17:30:00,1967.9153553352742,1968.217241195547,1966.391634588575,1966.693520448848,71
2024-01-02 17:31:00,1966.693520448848,1967.1257561756215,1966.060614540703,1966.4928502674766,181
2024-01-02 17:32:00,1966.4928502674766,1966.7198156511618,1966.3736956465004,1966.6006610301856,125
2024-01-02 17:33:00,1966.6006610301856,1970.379071564409,1965.226547775751,1969.0049583099744,45
2024-01-02 17:34:00,1969.0049583099744,1969.5573238906893,1967.0966220518208,1967.6489876325356,193
2024-01-02 17:35:00,1967.6489876325356,1969.9417429521848,1966.8044362986536,1969.0971916183028,140
2024-01-02 17:36:00,1969.0971916183028,1969.6240468313,1968.7178635435896,1969.2447187565867,83
2024-01-02 17:37:00,1969.2447187565867,1969.8260768549715,1969.0682097222289,1969.6495678206136,50
2024-01-02 17:38:00,1969.6495678206136,1970.2649116334796,1969.1507759659764,1969.7661197788425,183
2024-01-02 17:39:00,1969.7661197788425,1971.2290997395157,1968.7411437276883,1970.2041236883615,166
2024-01-02 17:40:00,1970.2041236883615,1970.5899656895558,1969.6668861739856,1970.05272817518,18
2024-01-02 17:41:00,1970.05272817518,1971.733203294118,1969.8045308196836,1971.4850059386217,130
2024-01-02 17:42:00,1971.4850059386217,1972.1376015462156,1970.3824473227867,1971.0350429303805,31
2024-01-02 17:43:00,1971.0350429303805,1972.9393547758766,1970.2465680941755,1972.1508799396715,65
2024-01-02 17:44:00,1972.1508799396715,1973.39011470627,1970.2762505815072,1971.5154853481056,117
2024-01-02 17:45:00,1971.5154853481056,1972.2464028826932,1970.7251740894176,1971.4560916240052,57
2024-01-02 17:46:00,1971.4560916240052,1972.300996013519,1969.554523682639,1970.3994280721527,107
2024-01-02 17:47:00,1970.3994280721527,1971.7224880182725,1969.5246573651987,1970.8477173113185,91
2024-01-02 17:48:00,1970.8477173113185,1972.4086485020225,1970.7108477173326,1972.2717789080366,120
2024-01-02 17:49:00,1972.2717789080366,1972.4834617226445,1971.9838123882364,1972.1954952028443,162
2024-01-02 17:50:00,1972.1954952028443,1972.3596066182938,1971.8372352433678,1972.0013466588173,39
2024-01-02 17:51:00,1972.0013466588173,1972.067511523179,1970.836168718366,1970.9023335827278,161
2024-01-02 17:52:00,1970.9023335827278,1971.8070552926197,1969.771655159856,1970.6763768697479,52
2024-01-02 17:53:00,1970.6763768697479,1971.381336879954,1968.4019758491183,1969.1069358593245,16
2024-01-02 17:54:00,1969.1069358593245,1969.7286912669178,1967.5864032641105,1968.2081586717038,94
2024-01-02 17:55:00,1968.2081586717038,1968.861527231691,1967.7779711848289,1968.4313397448161,67
2024-01-02 17:56:00,1968.4313397448161,1971.1301987574095,1967.0306741902082,1969.7295332028016,45
2024-01-02 17:57:00,1969.7295332028016,1972.7351852391384,1969.4905739656433,1972.4962260019802,90
2024-01-02 17:58:00,1972.4962260019802,1973.897002495461,1970.5169310752337,1971.9177075687146,175
2024-01-02 17:59:00,1971.9177075687146,1973.3528871567723,1971.8976748779396,1973.3328544659973,121
2024-01-02 18:00:00,1973.3328544659973,1973.8447622057,1973.061449115262,1973.5733568549645,148
2024-01-02 18:01:00,1973.5733568549645,1973.8507608380687,1973.1467037089074,1973.4241076920116,38
2024-01-02 18:02:00,1973.4241076920116,1974.5860652839478,1972.6889962600203,1973.8509538519565,24
2024-01-02 18:03:00,1973.8509538519565,1974.0694776012554,1973.6935370578435,1973.9120608071423,73
2024-01-02 18:04:00,1973.9120608071423,1974.1895978682394,1973.743479473169,1974.021016534266,157
2024-01-02 18:05:00,1974.021016534266,1974.0713381810908,1973.5676657648573,1973.6179874116822,178
2024-01-02 18:06:00,1973.6179874116822,1974.5162847963802,1971.3400228405076,1972.2383202252056,29
2024-01-02 18:07:00,1972.2383202252056,1973.1099536394058,1969.8444884227658,1970.716121836966,100
2024-01-02 18:08:00,1970.716121836966,1972.6656440435738,1969.4102797418534,1971.3598019484612,85
2024-01-02 18:09:00,1971.3598019484612,1971.6808105775995,1970.7660556019275,1971.0870642310658,151
2024-01-02 18:10:00,1971.0870642310658,1971.7644508051706,1969.8222060973392,1970.499592671444,49
2024-01-02 18:11:00,1970.499592671444,1970.5909961730638,1970.4165693368207,1970.5079728384405,102
2024-01-02 18:12:00,1970.5079728384405,1971.7504784701655,1970.048677377834,1971.291183009559,171
2024-01-02 18:13:00,1971.291183009559,1971.8558211364289,1970.9043198079994,1971.4689579348692,98
2024-01-02 18:14:00,1971.4689579348692,1972.2432742766184,1970.0479456219762,1970.8222619637254,158
2024-01-02 18:15:00,1970.8222619637254,1973.0233935292576,1969.8295331265344,1972.0306646920667,128
2024-01-02 18:16:00,1972.0306646920667,1974.5710335595936,1971.047396943098,1973.587765810625,123
2024-01-02 18:17:00,1973.587765810625,1974.3352589695978,1973.3282981338748,1974.0757912928477,59
2024-01-02 18:18:00,1974.0757912928477,1976.0237473042303,1973.0888780647701,1975.0368340761527,198
2024-01-02 18:19:00,1975.0368340761527,1976.838746666323,1974.4613798560606,1976.263292446231,57
2024-01-02 18:20:00,1976.263292446231,1977.844823057288,1975.7984487330884,1977.3799793441456,186
2024-01-02 18:21:00,1977.3799793441456,1978.3002438722287,1977.0668685251392,1977.9871330532224,197
2024-01-02 18:22:00,1977.9871330532224,1978.9508926726674,1977.6151348138847,1978.5788944333297,107
2024-01-02 18:23:00,1978.5788944333297,1980.376357275005,1977.2955263130004,1979.0929891546757,175
2024-01-02 18:24:00,1979.0929891546757,1979.8080034285595,1977.2921082315763,1978.00712250546,145
2024-01-02 18:25:00,1978.00712250546,1979.3628511425336,1977.344411565973,1978.7001402030464,150
2024-01-02 18:26:00,1978.7001402030464,1979.1896366078197,1976.8692691508945,1977.3587655556678,23
2024-01-02 18:27:00,1977.3587655556678,1978.918668639478,1975.013258373009,1976.5731614568192,36
2024-01-02 18:28:00,1976.5731614568192,1978.971041747094,1975.4635770301654,1977.8614573204402,23
2024-01-02 18:29:00,1977.8614573204402,1979.000632549267,1977.5532016293414,1978.6923768581682,15
2024-01-02 18:30:00,1978.6923768581682,1980.6496173330165,1978.2066882118966,1980.1639286867448,168
2024-01-02 18:31:00,1980.1639286867448,1980.673060833534,1979.3858166324926,1979.8949487792818,43
2024-01-02 18:32:00,1979.8949487792818,1980.5463040245243,1978.102927703749,1978.7542829489914,11
2024-01-02 18:33:00,1978.7542829489914,1979.0703604436671,1978.2003223875743,1978.51639988225,188
2024-01-02 18:34:00,1978.51639988225,1979.3845703762668,1977.7491646856788,1978.6173351796956,62
2024-01-02 18:35:00,1978.6173351796956,1979.8637360897449,1977.4490784913635,1978.6954794014127,165
2024-01-02 18:36:00,1978.6954794014127,1979.8908800713534,1978.6216829506727,1979.8170836206134,192
2024-01-02 18:37:00,1979.8170836206134,1979.9642973123337,1979.312245249279,1979.4594589409992,109
2024-01-02 18:38:00,1979.4594589409992,1980.2105080641056,1979.056828800435,1979.8078779235414,186
2024-01-02 18:39:00,1979.8078779235414,1980.2286579285944,1978.4084520090983,1978.8292320141513,194
2024-01-02 18:40:00,1978.8292320141513,1980.6596675675603,1977.4443469574794,1979.2747825108884,37
2024-01-02 18:41:00,1979.2747825108884,1980.268174382075,1978.284466977198,1979.2778588483845,37
2024-01-02 18:42:00,1979.2778588483845,1980.245094711495,1977.568578515906,1978.5358143790165,80
2024-01-02 18:43:00,1978.5358143790165,1979.0247060704821,1977.8136242679784,1978.302515959444,116
2024-01-02 18:44:00,1978.302515959444,1978.7826795863125,1977.6401746612207,1978.1203382880892,159
2024-01-02 18:45:00,1978.1203382880892,1978.1394422078815,1977.8340346903794,1977.8531386101718,44
2024-01-02 18:46:00,1977.8531386101718,1980.5082538391907,1976.949749798937,1979.604865027956,46
2024-01-02 18:47:00,1979.604865027956,1980.393126501894,1978.7191614614626,1979.5074229354004,68
2024-01-02 18:48:00,1979.5074229354004,1980.6102689218064,1978.1631798687338,1979.2660258551398,61
2024-01-02 18:49:00,1979.2660258551398,1979.775812857236,1976.680532142396,1977.1903191444922,188
2024-01-02 18:50:00,1977.1903191444922,1977.7271712332627,1975.769457995901,1976.3063100846714,85
2024-01-02 18:51:00,1976.3063100846714,1976.9663275599662,1975.3863357749922,1976.046353250287,174
2024-01-02 18:52:00,1976.046353250287,1976.9913291782723,1974.4237389824889,1975.3687149104742,20
2024-01-02 18:53:00,1975.3687149104742,1976.7451810419855,1975.3569397555195,1976.7334058870308,29
2024-01-02 18:54:00,1976.7334058870308,1977.6173503545012,1975.686442414301,1976.5703868817714,162
2024-01-02 18:55:00,1976.5703868817714,1978.4289829732668,1975.9851411644515,1977.843737255947,57
2024-01-02 18:56:00,1977.843737255947,1978.0793530075266,1977.6691425663753,1977.904758317955,25
2024-01-02 18:57:00,1977.904758317955,1978.172838079972,1977.6734951133378,1977.941574875355,122
2024-01-02 18:58:00,1977.941574875355,1978.4809459939142,1977.3143866639798,1977.853757782539,37
2024-01-02 18:59:00,1977.853757782539,1979.023543251243,1976.6877265291027,1977.8575119978066,21
2024-01-02 19:00:00,1977.8575119978066,1980.8141718293448,1976.6006179704516,1979.5572778019898,87
2024-01-02 19:01:00,1979.5572778019898,1980.290990546094,1976.5276639099818,1977.261376654086,114
2024-01-02 19:02:00,1977.261376654086,1978.6290645549368,1973.9148992061928,1975.2825871070436,110
2024-01-02 19:03:00,1975.2825871070436,1975.858051398323,1974.1706648735594,1974.7461291648387,121
2024-01-02 19:04:00,1974.7461291648387,1975.7294109808565,1973.7771917881314,1974.7604736041492,14
2024-01-02 19:05:00,1974.7604736041492,1975.8562255571,1974.34611712154,1975.4418690744908,65
2024-01-02 19:06:00,1975.4418690744908,1976.298559837269,1975.052456441066,1975.9091472038442,75
2024-01-02 19:07:00,1975.9091472038442,1976.234118209346,1975.204558691324,1975.5295296968259,65
2024-01-02 19:08:00,1975.5295296968259,1976.7576862912456,1975.3079485564313,1976.536105150851,116
2024-01-02 19:09:00,1976.536105150851,1978.6565395645882,1975.4337799419598,1977.554214355697,53
2024-01-02 19:10:00,1977.554214355697,1978.0757314463801,1977.2146894349723,1977.7362065256555,130
2024-01-02 19:11:00,1977.7362065256555,1978.9645948548675,1977.4597595642401,1978.6881478934522,187
2024-01-02 19:12:00,1978.6881478934522,1979.0845523821215,1978.5614833804493,1978.9578878691186,135
2024-01-02 19:13:00,1978.9578878691186,1979.4705475264354,1977.8896525794235,1978.4023122367403,83
2024-01-02 19:14:00,1978.4023122367403,1980.384344152767,1977.1105615446113,1979.092593460638,92
2024-01-02 19:15:00,1979.092593460638,1980.6246131604062,1977.6700305666875,1979.2020502664557,121
2024-01-02 19:16:00,1979.2020502664557,1979.2670538329178,1979.138372613715,1979.2033761801772,147
2024-01-02 19:17:00,1979.2033761801772,1981.114803560361,1978.749586141511,1980.6610135216947,67
2024-01-02 19:18:00,1980.6610135216947,1980.8452433650093,1978.049610241317,1978.2338400846315,17
2024-01-02 19:19:00,1978.2338400846315,1979.2176450126694,1975.8477797566127,1976.8315846846506,143
2024-01-02 19:20:00,1976.8315846846506,1977.537524346421,1974.9523258668291,1975.6582655285995,135
2024-01-02 19:21:00,1975.6582655285995,1975.9993723510165,1974.9583192557272,1975.2994260781443,29
2024-01-02 19:22:00,1975.2994260781443,1975.9206075298512,1974.4267809406306,1975.0479623923375,129
2024-01-02 19:23:00,1975.0479623923375,1975.4515874193587,1973.1558171406682,1973.5594421676894,23
2024-01-02 19:24:00,1973.5594421676894,1974.7880666317642,1971.3586837352673,1972.587308199342,132
2024-01-02 19:25:00,1972.587308199342,1973.3945218800852,1970.9310518338866,1971.7382655146298,151
2024-01-02 19:26:00,1971.7382655146298,1975.0176802124024,1970.8815493753289,1974.1609640731015,12
2024-01-02 19:27:00,1974.1609640731015,1976.4005800342923,1973.6998124221984,1975.9394283833892,148
2024-01-02 19:28:00,1975.9394283833892,1976.5056995302173,1974.9663612820525,1975.5326324288806,32
2024-01-02 19:29:00,1975.5326324288806,1976.948125093052,1973.7580044374056,1975.1734971015771,60
2024-01-02 19:30:00,1975.1734971015771,1976.289274652666,1972.9227809114834,1974.0385584625724,143
2024-01-02 19:31:00,1974.0385584625724,1974.175461368709,1972.0182940512948,1972.1551969574314,77
2024-01-02 19:32:00,1972.1551969574314,1972.6231912883304,1971.571949693009,1972.039944023908,195
2024-01-02 19:33:00,1972.039944023908,1972.1576083959344,1970.9383776672912,1971.0560420393176,191
2024-01-02 19:34:00,1971.0560420393176,1972.3218405616315,1969.7066209404527,1970.9724194627665,197
2024-01-02 19:35:00,1970.9724194627665,1971.6594542013422,1968.708403927227,1969.3954386658027,29
2024-01-02 19:36:00,1969.3954386658027,1969.6837288060465,1968.3568340142706,1968.6451241545144,43
2024-01-02 19:37:00,1968.6451241545144,1969.3955085573457,1968.0410367549255,1968.7914211577568,44
2024-01-02 19:38:00,1968.7914211577568,1969.5880305057137,1968.3553069670315,1969.1519163149885,121
2024-01-02 19:39:00,1969.1519163149885,1969.7264381366074,1968.9884273471519,1969.5629491687707,91
2024-01-02 19:40:00,1969.5629491687707,1970.1677740997843,1967.6577311487665,1968.26255607978,151
2024-01-02 19:41:00,1968.26255607978,1970.027454639272,1967.3387804802092,1969.103679039701,63
2024-01-02 19:42:00,1969.103679039701,1969.2774081535401,1968.1421000279672,1968.3158291418063,47
2024-01-02 19:43:00,1968.3158291418063,1969.3792485813894,1967.8752418276827,1968.9386612672658,133
2024-01-02 19:44:00,1968.9386612672658,1969.926939465892,1967.9399096177906,1968.9281878164168,127
2024-01-02 19:45:00,1968.9281878164168,1968.9472916438415,1967.5540799168457,1967.5731837442704,141
2024-01-02 19:46:00,1967.5731837442704,1968.2535349196246,1966.5817615067685,1967.2621126821227,69
2024-01-02 19:47:00,1967.2621126821227,1968.237744824517,1966.6458636632838,1967.621495805678,110
2024-01-02 19:48:00,1967.621495805678,1969.489862179109,1966.3561713616502,1968.2245377350812,186
2024-01-02 19:49:00,1968.2245377350812,1968.7243779177488,1967.5859496327766,1968.0857898154443,126
2024-01-02 19:50:00,1968.0857898154443,1970.1164072153006,1967.5625085494532,1969.5931259493095,187
2024-01-02 19:51:00,1969.5931259493095,1971.5134489170655,1968.664996125981,1970.5853190937369,92
2024-01-02 19:52:00,1970.5853190937369,1970.653749264244,1970.2640095062984,1970.3324396768055,18
2024-01-02 19:53:00,1970.3324396768055,1971.5756804614389,1969.8281935622533,1971.0714343468867,154
2024-01-02 19:54:00,1971.0714343468867,1973.3893230568885,1970.6593681861752,1972.977256896177,97
2024-01-02 19:55:00,1972.977256896177,1975.4488583364878,1972.4396512207866,1974.9112526610973,17
2024-01-02 19:56:00,1974.9112526610973,1975.8382619921056,1972.7716479386374,1973.6986572696458,36
2024-01-02 19:57:00,1973.6986572696458,1974.5091407787033,1971.9738251818849,1972.7843086909425,69
2024-01-02 19:58:00,1972.7843086909425,1974.545678575376,1972.4876510475833,1974.249020932017,46
2024-01-02 19:59:00,1974.249020932017,1974.8949293347077,1972.5584573650826,1973.2043657677734,140
2024-01-02 20:00:00,1973.2043657677734,1974.3837358586936,1970.7201737077937,1971.899543798714,126
2024-01-02 20:01:00,1971.899543798714,1972.163175629708,1971.1565489754585,1971.4201808064524,72
2024-01-02 20:02:00,1971.4201808064524,1972.4832018053303,1970.7713815153604,1971.8344025142383,26
2024-01-02 20:03:00,1971.8344025142383,1972.3497502750847,1971.218100078992,1971.7334478398384,24
2024-01-02 20:04:00,1971.7334478398384,1972.2999377259546,1970.5255889285716,1971.0920788146877,189
2024-01-02 20:05:00,1971.0920788146877,1971.1435690919916,1970.3761211160122,1970.427611393316,75
2024-01-02 20:06:00,1970.427611393316,1971.5742923358036,1968.5791261406598,1969.7258070831474,30
2024-01-02 20:07:00,1969.7258070831474,1970.0115469299285,1968.5738708297927,1968.8596106765738,145
2024-01-02 20:08:00,1968.8596106765738,1972.1015490667369,1967.8637796956407,1971.1057180858038,175
2024-01-02 20:09:00,1971.1057180858038,1971.745354415732,1970.7592946426794,1971.3989309726076,33
2024-01-02 20:10:00,1971.3989309726076,1972.617957612844,1971.053982258313,1972.2730088985495,189
2024-01-02 20:11:00,1972.2730088985495,1973.3429511435718,1970.7207695087113,1971.7907117537336,147
2024-01-02 20:12:00,1971.7907117537336,1972.774104010518,1970.6239856725174,1971.6073779293017,57
2024-01-02 20:13:00,1971.6073779293017,1972.2809012044938,1970.2304305069995,1970.9039537821916,157
2024-01-02 20:14:00,1970.9039537821916,1971.7940741573143,1967.4007021862842,1968.290822561407,89
2024-01-02 20:15:00,1968.290822561407,1968.7673900667173,1966.4580935495844,1966.9346610548948,130
2024-01-02 20:16:00,1966.9346610548948,1967.520918512538,1964.567719277448,1965.1539767350912,34
2024-01-02 20:17:00,1965.1539767350912,1965.4831135066834,1962.6142541944812,1962.9433909660734,56
2024-01-02 20:18:00,1962.9433909660734,1963.8866355517216,1960.8269353812098,1961.770179966858,156
2024-01-02 20:19:00,1961.770179966858,1963.3864864252762,1961.4535027792342,1963.0698092376524,163
2024-01-02 20:20:00,1963.0698092376524,1964.241797257066,1961.8542055686094,1963.026193588023,12
2024-01-02 20:21:00,1963.026193588023,1964.758108529829,1962.5609838811833,1964.2928988229894,50
2024-01-02 20:22:00,1964.2928988229894,1965.2940114858015,1963.6954312388502,1964.6965439016624,125
2024-01-02 20:23:00,1964.6965439016624,1966.3531795162767,1963.808653597189,1965.4652892118033,182
2024-01-02 20:24:00,1965.4652892118033,1966.0640399089702,1963.9811976279234,1964.5799483250903,138
2024-01-02 20:25:00,1964.5799483250903,1965.5670648752384,1964.1075035441986,1965.0946200943467,144
2024-01-02 20:26:00,1965.0946200943467,1966.3885554072326,1964.5166809919433,1965.8106163048292,83
2024-01-02 20:27:00,1965.8106163048292,1966.7515036531051,1964.302939272085,1965.243826620361,20
2024-01-02 20:28:00,1965.243826620361,1966.122775205947,1964.914694664324,1965.79364324991,155
2024-01-02 20:29:00,1965.79364324991,1966.8904072109042,1965.2533834372623,1966.3501473982565,161
2024-01-02 20:30:00,1966.3501473982565,1966.9439347005105,1965.2160536572212,1965.8098409594752,94
2024-01-02 20:31:00,1965.8098409594752,1966.7389840296662,1963.7771232726457,1964.7062663428367,106
2024-01-02 20:32:00,1964.7062663428367,1965.2561191154145,1962.9931813933415,1963.5430341659194,54
2024-01-02 20:33:00,1963.5430341659194,1964.9272165653267,1962.2437804436402,1963.6279628430475,96
2024-01-02 20:34:00,1963.6279628430475,1964.4767236545613,1963.100264892774,1963.9490257042878,55
2024-01-02 20:35:00,1963.9490257042878,1964.4446542249257,1962.675157017363,1963.170785538001,89
2024-01-02 20:36:00,1963.170785538001,1963.7186864395517,1962.6489804191579,1963.1968813207086,35
2024-01-02 20:37:00,1963.1968813207086,1963.8289339183684,1963.124866988061,1963.7569195857209,125
2024-01-02 20:38:00,1963.7569195857209,1964.5459151448244,1963.574912173391,1964.3639077324947,57
2024-01-02 20:39:00,1964.3639077324947,1966.2692564733754,1963.982787640162,1965.8881363810428,147
2024-01-02 20:40:00,1965.8881363810428,1968.1803481402317,1964.851125356056,1967.1433371152448,108
2024-01-02 20:41:00,1967.1433371152448,1967.7201584472082,1965.5816738980523,1966.1584952300157,180
2024-01-02 20:42:00,1966.1584952300157,1968.2132000874462,1965.7588890367529,1967.8135938941834,52
2024-01-02 20:43:00,1967.8135938941834,1968.886371436041,1966.2183849604742,1967.2911625023316,61
2024-01-02 20:44:00,1967.2911625023316,1969.5200849795538,1966.09002455005,1968.318947027272,56
2024-01-02 20:45:00,1968.318947027272,1969.4705878825478,1967.2342158540969,1968.3858567093725,129
2024-01-02 20:46:00,1968.3858567093725,1968.6404779275701,1967.7256009874718,1967.9802222056694,30
2024-01-02 20:47:00,1967.9802222056694,1968.3753309329322,1965.8063576445165,1966.2014663717794,140
2024-01-02 20:48:00,1966.2014663717794,1967.5044491335152,1964.729818414261,1966.0328011759968,165
2024-01-02 20:49:00,1966.0328011759968,1966.716894926816,1963.8158081300703,1964.4999018808894,138
2024-01-02 20:50:00,1964.4999018808894,1965.9344649926668,1964.0154683960636,1965.450031507841,35
2024-01-02 20:51:00,1965.450031507841,1967.8132933393188,1964.5773597642458,1966.9406215957235,103
2024-01-02 20:52:00,1966.9406215957235,1967.9265702596779,1965.1709346334474,1966.1568832974017,111
2024-01-02 20:53:00,1966.1568832974017,1966.8189345179708,1965.7916930038118,1966.453744224381,84
2024-01-02 20:54:00,1966.453744224381,1967.1297387839809,1965.0645252275403,1965.7405197871403,98
2024-01-02 20:55:00,1965.7405197871403,1966.6942174910641,1964.1691031331677,1965.1228008370915,154
2024-01-02 20:56:00,1965.1228008370915,1966.0173566365024,1964.9892336385274,1965.8837894379383,168
2024-01-02 20:57:00,1965.8837894379383,1966.478397063902,1965.2513009398588,1965.8459085658226,67
2024-01-02 20:58:00,1965.8459085658226,1967.707590537291,1965.6941665871416,1967.55584855861,72
2024-01-02 20:59:00,1967.55584855861,1967.7590164024455,1966.8782710478563,1967.0814388916917,49
2024-01-02 21:00:00,1967.0814388916917,1968.4331027301732,1966.7126630286207,1968.0643268671022,86
2024-01-02 21:01:00,1968.0643268671022,1968.938442389611,1967.2860692760937,1968.1601847986026,113
2024-01-02 21:02:00,1968.1601847986026,1969.4071682251488,1967.6963106694147,1968.943294095961,145
2024-01-02 21:03:00,1968.943294095961,1969.2785624047456,1968.1678117517747,1968.5030800605593,60
2024-01-02 21:04:00,1968.5030800605593,1969.1139129114588,1967.8434688474777,1968.454301698377,51
2024-01-02 21:05:00,1968.454301698377,1968.593281219165,1968.2016450446906,1968.3406245654785,16
2024-01-02 21:06:00,1968.3406245654785,1969.0996154989969,1966.758811040156,1967.5178019736743,27
2024-01-02 21:07:00,1967.5178019736743,1969.2049334155972,1966.4819991345755,1968.1691305764984,19
2024-01-02 21:08:00,1968.1691305764984,1969.3684857694266,1967.6096753935537,1968.8090305864819,49
2024-01-02 21:09:00,1968.8090305864819,1969.9043273916857,1968.2980317030162,1969.39332850822,142
2024-01-02 21:10:00,1969.39332850822,1971.6452487170714,1968.6548532518545,1970.9067734607058,157
2024-01-02 21:11:00,1970.9067734607058,1972.5434989535831,1970.6983097107468,1972.335035203624,194
2024-01-02 21:12:00,1972.335035203624,1973.138341863595,1971.1619702696266,1971.9652769295976,113
2024-01-02 21:13:00,1971.9652769295976,1974.1483903774779,1970.1499865909327,1972.333100038813,96
2024-01-02 21:14:00,1972.333100038813,1972.8762388908249,1971.1749870464855,1971.7181258984974,180
2024-01-02 21:15:00,1971.7181258984974,1972.2856965476242,1971.1735802994301,1971.7411509485569,37
2024-01-02 21:16:00,1971.7411509485569,1972.6256480803916,1970.2653784821791,1971.1498756140138,129
2024-01-02 21:17:00,1971.1498756140138,1973.9875651586913,1969.9088867635062,1972.7465763081836,165
2024-01-02 21:18:00,1972.7465763081836,1974.0819928920016,1971.7699018648152,1973.1053184486332,105
2024-01-02 21:19:00,1973.1053184486332,1973.3640065285792,1972.6315331525673,1972.8902212325133,59
2024-01-02 21:20:00,1972.8902212325133,1974.8823182198644,1972.0755634493107,1974.0676604366618,127
2024-01-02 21:21:00,1974.0676604366618,1975.6735687613962,1970.3192812700663,1971.9251895948007,199
2024-01-02 21:22:00,1971.9251895948007,1972.761405626163,1969.1031437428169,1969.9393597741791,54
2024-01-02 21:23:00,1969.9393597741791,1970.8593735267393,1969.8032229670923,1970.7232367196525,117
2024-01-02 21:24:00,1970.7232367196525,1971.4851398499463,1970.0209168772556,1970.7828200075494,19
2024-01-02 21:25:00,1970.7828200075494,1971.1160620246812,1970.6963656233615,1971.0296076404934,54
2024-01-02 21:26:00,1971.0296076404934,1972.1061805822744,1968.6458517031624,1969.7224246449434,155
2024-01-02 21:27:00,1969.7224246449434,1969.9367742084469,1969.4851931008052,1969.6995426643086,104
2024-01-02 21:28:00,1969.6995426643086,1972.29347708805,1969.0787640252627,1971.672698449004,47
2024-01-02 21:29:00,1971.672698449004,1972.738578284592,1971.4193445576277,1972.4852243932157,73
2024-01-02 21:30:00,1972.4852243932157,1973.028801562586,1972.109019050234,1972.6525962196044,32
2024-01-02 21:31:00,1972.6525962196044,1973.8304651536994,1971.041676867685,1972.21954580178,158
2024-01-02 21:32:00,1972.21954580178,1972.8518949355541,1971.1981045226557,1971.8304536564299,189
2024-01-02 21:33:00,1971.8304536564299,1972.201077312981,1969.360621379986,1969.731245036537,30
2024-01-02 21:34:00,1969.731245036537,1970.1247653442513,1969.5914659223595,1969.9849862300737,55
2024-01-02 21:35:00,1969.9849862300737,1970.9642919246887,1969.8384750503685,1970.8177807449836,172
2024-01-02 21:36:00,1970.8177807449836,1970.9157396211626,1969.167192575968,1969.2651514521472,176
2024-01-02 21:37:00,1969.2651514521472,1969.8998165255593,1967.979233760434,1968.6138988338462,155
2024-01-02 21:38:00,1968.6138988338462,1969.5898582214338,1966.498638965047,1967.4745983526345,145
2024-01-02 21:39:00,1967.4745983526345,1967.8441667988297,1966.1553779293015,1966.5249463754967,173
2024-01-02 21:40:00,1966.5249463754967,1967.7852252639193,1965.3172539637333,1966.5775328521559,80
2024-01-02 21:41:00,1966.5775328521559,1966.8849813125678,1964.2205151680294,1964.5279636284413,180
2024-01-02 21:42:00,1964.5279636284413,1965.6273338977865,1964.0319690857878,1965.131339355133,178
2024-01-02 21:43:00,1965.131339355133,1966.0373511418168,1964.966039680078,1965.8720514667618,53
2024-01-02 21:44:00,1965.8720514667618,1966.8512322900754,1964.6460528635118,1965.6252336868254,23
2024-01-02 21:45:00,1965.6252336868254,1967.037751017402,1961.7746447339252,1963.1871620645018,108
2024-01-02 21:46:00,1963.1871620645018,1963.2899099883173,1962.1063360133815,1962.209083937197,154
2024-01-02 21:47:00,1962.209083937197,1963.8717830163955,1961.7559905453488,1963.4186896245474,171
2024-01-02 21:48:00,1963.4186896245474,1964.5028656973373,1959.607330606531,1960.6915066793208,37
2024-01-02 21:49:00,1960.6915066793208,1960.7123077573683,1960.3300124999435,1960.350813577991,81
2024-01-02 21:50:00,1960.350813577991,1961.160620605157,1958.3843988077797,1959.1942058349457,155
2024-01-02 21:51:00,1959.1942058349457,1961.0491680729099,1958.1273983335072,1959.9823605714714,21
2024-01-02 21:52:00,1959.9823605714714,1960.6008118658467,1958.7023035583077,1959.320754852683,147
2024-01-02 21:53:00,1959.320754852683,1960.520079471958,1958.5171679818245,1959.7164926010996,65
2024-01-02 21:54:00,1959.7164926010996,1961.5490138474752,1958.4380424094034,1960.270563655779,14
2024-01-02 21:55:00,1960.270563655779,1963.4235244606416,1958.9173525818396,1962.0703133867023,55
2024-01-02 21:56:00,1962.0703133867023,1962.6345604143942,1961.3069731774972,1961.871220205189,150
2024-01-02 21:57:00,1961.871220205189,1962.619836914614,1961.4914788089056,1962.2400955183307,175
2024-01-02 21:58:00,1962.2400955183307,1962.4675541549313,1960.5556191791236,1960.7830778157243,25
2024-01-02 21:59:00,1960.7830778157243,1962.9220852378783,1959.8111417788245,1961.9501492009786,98
2024-01-02 22:00:00,1961.9501492009786,1962.0004440615648,1961.153814116421,1961.2041089770073,48
2024-01-02 22:01:00,1961.2041089770073,1961.693263175384,1960.1650780932634,1960.65423229164,139
2024-01-02 22:02:00,1960.65423229164,1961.2826893971644,1960.0039650695505,1960.632422175075,158
2024-01-02 22:03:00,1960.632422175075,1961.0230657906236,1958.7096576997346,1959.1003013152833,192
2024-01-02 22:04:00,1959.1003013152833,1960.021842083679,1958.4028522631907,1959.3243930315864,77
2024-01-02 22:05:00,1959.3243930315864,1961.865693644766,1957.7308825523953,1960.272183165575,66
2024-01-02 22:06:00,1960.272183165575,1961.0997857184934,1959.7316956255113,1960.5592981784298,68
2024-01-02 22:07:00,1960.5592981784298,1960.9764066228545,1958.5846257873534,1959.001734231778,154
2024-01-02 22:08:00,1959.001734231778,1959.9871811054868,1957.8950160469165,1958.8804629206252,94
2024-01-02 22:09:00,1958.8804629206252,1960.289016020407,1958.1986827813275,1959.6072358811093,14
2024-01-02 22:10:00,1959.6072358811093,1960.7581428993533,1956.6162686755204,1957.7671756937643,190
2024-01-02 22:11:00,1957.7671756937643,1958.4186395758866,1956.0636409999402,1956.7151048820624,29
2024-01-02 22:12:00,1956.7151048820624,1958.0626884436426,1956.2250943755791,1957.5726779371594,186
2024-01-02 22:13:00,1957.5726779371594,1957.9481410775934,1957.4615805179355,1957.8370436583696,40
2024-01-02 22:14:00,1957.8370436583696,1958.2872241318519,1957.7901497970986,1958.240330270581,112
2024-01-02 22:15:00,1958.240330270581,1960.1925971158025,1958.1087322884675,1960.0609991336892,69
2024-01-02 22:16:00,1960.0609991336892,1961.2570916250886,1959.3241026558828,1960.5201951472823,140
2024-01-02 22:17:00,1960.5201951472823,1961.2191268150038,1960.4661648448603,1961.1650965125818,86
2024-01-02 22:18:00,1961.1650965125818,1964.9054996249083,1960.0828031570093,1963.8232062693357,79
2024-01-02 22:19:00,1963.8232062693357,1964.4241687612828,1963.0123066009967,1963.6132690929437,100
2024-01-02 22:20:00,1963.6132690929437,1964.1062585863717,1962.3369130086048,1962.8299025020328,194
2024-01-02 22:21:00,1962.8299025020328,1963.5073835550522,1962.5722672303443,1963.2497482833637,56
2024-01-02 22:22:00,1963.2497482833637,1964.5141604946675,1962.416260586033,1963.680672797337,51
2024-01-02 22:23:00,1963.680672797337,1963.953749699419,1962.89044547764,1963.163522379722,22
2024-01-02 22:24:00,1963.163522379722,1963.3654755040247,1961.9481871707176,1962.1501402950203,150
2024-01-02 22:25:00,1962.1501402950203,1965.4724787387272,1961.093932629745,1964.416271073452,138
2024-01-02 22:26:00,1964.416271073452,1965.4660680632765,1963.6875023992898,1964.7372993891142,125
2024-01-02 22:27:00,1964.7372993891142,1965.2342236450238,1963.5210009318857,1964.0179251877953,14
2024-01-02 22:28:00,1964.0179251877953,1965.7589247304024,1963.1763774111382,1964.9173769537454,160
2024-01-02 22:29:00,1964.9173769537454,1965.5103298846336,1964.2171934204005,1964.8101463512887,163
2024-01-02 22:30:00,1964.8101463512887,1965.5500054598822,1963.8218552269207,1964.5617143355141,189
2024-01-02 22:31:00,1964.5617143355141,1965.3825185676428,1964.2932199819716,1965.1140242141003,186
2024-01-02 22:32:00,1965.1140242141003,1966.5163658741278,1962.442334572605,1963.8446762326325,60
2024-01-02 22:33:00,1963.8446762326325,1964.552489183287,1963.483115810532,1964.1909287611863,144
2024-01-02 22:34:00,1964.1909287611863,1967.2713011810993,1962.9892605815119,1966.0696330014248,86
2024-01-02 22:35:00,1966.0696330014248,1967.0435770722115,1965.553957803253,1966.5279018740398,123
2024-01-02 22:36:00,1966.5279018740398,1967.4351253577586,1965.2507625907647,1966.1579860744835,73
2024-01-02 22:37:00,1966.1579860744835,1967.0363305864885,1964.7811170140312,1965.6594615260362,134
2024-01-02 22:38:00,1965.6594615260362,1966.699809873131,1964.2158188534174,1965.2561672005122,191
2024-01-02 22:39:00,1965.2561672005122,1965.5153029561284,1964.74748058526,1965.0066163408762,133
2024-01-02 22:40:00,1965.0066163408762,1966.0186532486368,1963.6233832648322,1964.6354201725928,184
2024-01-02 22:41:00,1964.6354201725928,1966.851038413727,1963.3199108879808,1965.535529129115,187
2024-01-02 22:42:00,1965.535529129115,1966.023072865401,1963.3446433569454,1963.8321870932314,32
2024-01-02 22:43:00,1963.8321870932314,1965.2816396484866,1963.229146260114,1964.6785988153692,193
2024-01-02 22:44:00,1964.6785988153692,1965.0622486646248,1963.9219679710104,1964.305617820266,165
2024-01-02 22:45:00,1964.305617820266,1965.129113911418,1963.8523420556471,1964.6758381467992,91
2024-01-02 22:46:00,1964.6758381467992,1965.9370080403357,1962.3075852947352,1963.5687551882718,124
2024-01-02 22:47:00,1963.5687551882718,1965.0680076703638,1963.3739319311987,1964.8731844132908,127
2024-01-02 22:48:00,1964.8731844132908,1966.3163114743425,1964.6538147176439,1966.0969417786955,159
2024-01-02 22:49:00,1966.0969417786955,1968.2641192586686,1964.8730882977409,1967.040265777714,162
2024-01-02 22:50:00,1967.040265777714,1967.8754472108049,1964.7152925262405,1965.5504739593314,29
2024-01-02 22:51:00,1965.5504739593314,1967.7891077124664,1964.1266798632982,1966.3653136164332,10
2024-01-02 22:52:00,1966.3653136164332,1967.176207883381,1965.9524658501696,1966.7633601171174,56
2024-01-02 22:53:00,1966.7633601171174,1967.4025487002727,1964.5455771980069,1965.1847657811622,110
2024-01-02 22:54:00,1965.1847657811622,1965.514646750225,1964.831010387882,1965.1608913569448,171
2024-01-02 22:55:00,1965.1608913569448,1966.1650637765024,1964.5149033980867,1965.5190758176443,134
2024-01-02 22:56:00,1965.5190758176443,1966.1733425123423,1965.4112974020916,1966.0655640967896,35
2024-01-02 22:57:00,1966.0655640967896,1967.0990467613804,1965.2063351669,1966.2398178314909,146
2024-01-02 22:58:00,1966.2398178314909,1967.243315123188,1965.522635943798,1966.526133235495,98
2024-01-02 22:59:00,1966.526133235495,1968.542820188008,1965.9583939395318,1967.9750808920446,80
2024-01-02 23:00:00,1967.9750808920446,1969.6184977885325,1967.5380660870733,1969.1814829835612,156
2024-01-02 23:01:00,1969.1814829835612,1969.4195091248462,1966.1205810794334,1966.3586072207183,66
2024-01-02 23:02:00,1966.3586072207183,1967.2345646591148,1965.1705507650374,1966.0465082034339,127
2024-01-02 23:03:00,1966.0465082034339,1966.1758280332601,1965.7553325847202,1965.8846524145465,44
2024-01-02 23:04:00,1965.8846524145465,1966.6749904915023,1963.37210249077,1964.1624405677258,82
2024-01-02 23:05:00,1964.1624405677258,1965.6591627396201,1962.7582138085904,1964.2549359804848,115
2024-01-02 23:06:00,1964.2549359804848,1966.6549726659273,1963.0813386041932,1965.4813752896357,128
2024-01-02 23:07:00,1965.4813752896357,1965.48338996966,1964.4115461641045,1964.4135608441288,184
2024-01-02 23:08:00,1964.4135608441288,1965.122488745725,1964.0350482254541,1964.7439761270502,65
2024-01-02 23:09:00,1964.7439761270502,1965.4986621427333,1963.0896107812603,1963.8442967969434,180
2024-01-02 23:10:00,1963.8442967969434,1964.4056568799647,1962.6231714160956,1963.184531499117,165
2024-01-02 23:11:00,1963.184531499117,1964.6742558677795,1963.1450052952234,1964.634729663886,78
2024-01-02 23:12:00,1964.634729663886,1965.3753201417228,1963.361175217928,1964.1017656957647,36
2024-01-02 23:13:00,1964.1017656957647,1965.1411128335812,1963.5163347408443,1964.5556818786608,58
2024-01-02 23:14:00,1964.5556818786608,1965.8959532105891,1961.3773544557616,1962.71762578769,134
2024-01-02 23:15:00,1962.71762578769,1965.0350952593928,1962.227758067269,1964.5452275389719,159
2024-01-02 23:16:00,1964.5452275389719,1966.1857950711958,1963.4966290003758,1965.1371965325998,126
2024-01-02 23:17:00,1965.1371965325998,1965.2287288280254,1964.8663456225977,1964.9578779180233,147
2024-01-02 23:18:00,1964.9578779180233,1965.7088819907617,1964.772336169751,1965.5233402424894,29
2024-01-02 23:19:00,1965.5233402424894,1966.3960702998572,1963.2650936885595,1964.1378237459273,106
2024-01-02 23:20:00,1964.1378237459273,1966.3147112063475,1963.1222629643166,1965.2991504247368,176
2024-01-02 23:21:00,1965.2991504247368,1965.5123929983586,1964.7675443490982,1964.98078692272,83
2024-01-02 23:22:00,1964.98078692272,1965.5796823726369,1964.1813951346696,1964.7802905845865,180
2024-01-02 23:23:00,1964.7802905845865,1964.8268133263598,1964.2507702117937,1964.297292953567,33
2024-01-02 23:24:00,1964.297292953567,1964.8152378022335,1963.2090621156192,1963.7270069642857,195
2024-01-02 23:25:00,1963.7270069642857,1965.3272131520382,1962.8088724970326,1964.409078684785,159
2024-01-02 23:26:00,1964.409078684785,1965.078920533548,1963.990589705843,1964.6604315546058,128
2024-01-02 23:27:00,1964.6604315546058,1965.7923680314543,1964.1687269701342,1965.3006634469828,127
2024-01-02 23:28:00,1965.3006634469828,1965.4461754769814,1965.1465093124436,1965.2920213424422,187
2024-01-02 23:29:00,1965.2920213424422,1966.1311458679293,1964.9571905639875,1965.7963150894745,81
2024-01-02 23:30:00,1965.7963150894745,1967.0770033126162,1964.1039412076393,1965.384629430781,41
2024-01-02 23:31:00,1965.384629430781,1968.194739556134,1964.765659649857,1967.5757697752101,184
2024-01-02 23:32:00,1967.5757697752101,1967.7714656718952,1965.837562930494,1966.033258827179,29
2024-01-02 23:33:00,1966.033258827179,1967.7391145613742,1965.5669254506943,1967.2727811848895,135
2024-01-02 23:34:00,1967.2727811848895,1968.6566642920643,1967.2344216252066,1968.6183047323814,60
2024-01-02 23:35:00,1968.6183047323814,1968.8095100536511,1967.5883116991301,1967.7795170204,186
2024-01-02 23:36:00,1967.7795170204,1971.0998348354392,1966.6525586797036,1969.9728764947429,194
2024-01-02 23:37:00,1969.9728764947429,1971.4885417047747,1969.4377557128194,1970.9534209228511,100
2024-01-02 23:38:00,1970.9534209228511,1973.2476990541036,1969.6161776654433,1971.9104557966957,111
2024-01-02 23:39:00,1971.9104557966957,1972.4920618370172,1971.3564783781696,1971.9380844184911,96
2024-01-02 23:40:00,1971.9380844184911,1972.515413579258,1971.1465769905626,1971.7239061513294,90
2024-01-02 23:41:00,1971.7239061513294,1972.56806819317,1970.6732959142723,1971.5174579561128,188
2024-01-02 23:42:00,1971.5174579561128,1972.3648725601943,1971.0550122962866,1971.902426900368,64
2024-01-02 23:43:00,1971.902426900368,1973.9567940816946,1971.2295610271808,1973.2839282085074,192
2024-01-02 23:44:00,1973.2839282085074,1974.0355246680874,1972.7112239649584,1973.4628204245384,133
2024-01-02 23:45:00,1973.4628204245384,1974.6408506730306,1971.385440124459,1972.563470372951,192
2024-01-02 23:46:00,1972.563470372951,1974.349335849114,1971.5907222504122,1973.376587726575,126
2024-01-02 23:47:00,1973.376587726575,1974.4301158219469,1973.2319482895543,1974.2854763849261,165
2024-01-02 23:48:00,1974.2854763849261,1976.0148260914682,1973.20236907788,1974.931718784422,103
2024-01-02 23:49:00,1974.931718784422,1976.1569245886922,1974.4426676985597,1975.66787350283,97
2024-01-02 23:50:00,1975.66787350283,1975.90316215095,1975.1649528533192,1975.4002415014393,58
2024-01-02 23:51:00,1975.4002415014393,1976.0704216960316,1973.812498594296,1974.4826787888883,49
2024-01-02 23:52:00,1974.4826787888883,1974.9947283008717,1973.1135128315857,1973.625562343569,17
2024-01-02 23:53:00,1973.625562343569,1974.8239401529556,1970.8132884974675,1972.011666306854,82
2024-01-02 23:54:00,1972.011666306854,1972.9713306485887,1971.2856346782612,1972.2452990199959,197
2024-01-02 23:55:00,1972.2452990199959,1972.9180665057004,1971.4902407990776,1972.163008284782,188
2024-01-02 23:56:00,1972.163008284782,1973.1096934485897,1970.7824593834875,1971.7291445472952,141
2024-01-02 23:57:00,1971.7291445472952,1972.7501216122387,1967.7943275942846,1968.815304659228,79
2024-01-02 23:58:00,1968.815304659228,1969.7139431976004,1966.6887972588045,1967.5874357971768,108
2024-01-02 23:59:00,1967.5874357971768,1969.8396155629248,1966.4379320230448,1968.6901117887928,153
2024-01-03 00:00:00,1968.6901117887928,1969.520104322837,1967.2058979375677,1968.0358904716118,10
2024-01-03 00:01:00,1968.0358904716118,1969.0472370865189,1967.3793725384216,1968.3907191533287,185
2024-01-03 00:02:00,1968.3907191533287,1969.4683215020366,1965.9444106578085,1967.0220130065163,175
2024-01-03 00:03:00,1967.0220130065163,1968.9917421172577,1966.4672665727917,1968.436995683533,194
2024-01-03 00:04:00,1968.436995683533,1969.040572047812,1967.6916646320274,1968.2952409963063,27
2024-01-03 00:05:00,1968.2952409963063,1969.8490703803543,1967.0268541783062,1968.5806835623541,190
2024-01-03 00:06:00,1968.5806835623541,1972.100507423714,1967.350102287253,1970.8699261486129,126
2024-01-03 00:07:00,1970.8699261486129,1972.9527633930086,1970.2814419987458,1972.3642792431415,115
2024-01-03 00:08:00,1972.3642792431415,1972.7770114664859,1971.6492174794619,1972.0619497028063,44
2024-01-03 00:09:00,1972.0619497028063,1973.2303153929563,1970.308650535467,1971.477016225617,103
2024-01-03 00:10:00,1971.477016225617,1972.3839129677965,1970.2492172294585,1971.156113971638,79
2024-01-03 00:11:00,1971.156113971638,1972.3745997966405,1970.4401726716294,1971.658658496632,197
2024-01-03 00:12:00,1971.658658496632,1972.1232070288404,1971.090376926734,1971.5549254589425,74
2024-01-03 00:13:00,1971.5549254589425,1972.2770408071456,1970.4431873403196,1971.1653026885226,51
2024-01-03 00:14:00,1971.1653026885226,1973.1945500041306,1970.5820837599908,1972.6113310755989,189
2024-01-03 00:15:00,1972.6113310755989,1972.9409994440136,1972.1690168438631,1972.498685212278,45
2024-01-03 00:16:00,1972.498685212278,1975.4100491370586,1971.8552895187695,1974.7666534435502,181
2024-01-03 00:17:00,1974.7666534435502,1975.553542880511,1974.069361701062,1974.8562511380228,193
2024-01-03 00:18:00,1974.8562511380228,1977.063707857275,1974.4116680143238,1976.619124733576,68
2024-01-03 00:19:00,1976.619124733576,1977.9227262800464,1975.66866538939,1976.9722669358605,140
2024-01-03 00:20:00,1976.9722669358605,1979.027359891888,1975.8690471535663,1977.9241401095937,161
2024-01-03 00:21:00,1977.9241401095937,1978.9008401718872,1976.2308272018065,1977.2075272641,111
2024-01-03 00:22:00,1977.2075272641,1977.6912428684388,1975.8797820790758,1976.3634976834146,142
2024-01-03 00:23:00,1976.3634976834146,1977.7096403254038,1975.4716280760051,1976.8177707179943,35
2024-01-03 00:24:00,1976.8177707179943,1978.4190423164766,1976.1935939280152,1977.7948655264975,108
2024-01-03 00:25:00,1977.7948655264975,1977.939205231302,1977.6903353731732,1977.8346750779776,107
2024-01-03 00:26:00,1977.8346750779776,1978.6935821771042,1975.7036313068922,1976.5625384060188,117
2024-01-03 00:27:00,1976.5625384060188,1977.2128322481444,1974.5679266992129,1975.2182205413385,189
2024-01-03 00:28:00,1975.2182205413385,1976.8341967287774,1972.1927914415014,1973.8087676289404,166
2024-01-03 00:29:00,1973.8087676289404,1974.9751532841453,1970.8979079615483,1972.0642936167533,124
2024-01-03 00:30:00,1972.0642936167533,1973.0444034966583,1971.1921398208676,1972.1722497007727,86
2024-01-03 00:31:00,1972.1722497007727,1973.9719611088663,1971.4819284937228,1973.2816399018163,86
2024-01-03 00:32:00,1973.2816399018163,1973.9382340133839,1972.611809227237,1973.2684033388045,13
2024-01-03 00:33:00,1973.2684033388045,1973.4640527677877,1970.8425514002734,1971.0382008292565,114
2024-01-03 00:34:00,1971.0382008292565,1971.132402434293,1970.7560011469566,1970.850202751993,57
2024-01-03 00:35:00,1970.850202751993,1971.0975010218156,1970.4424782644098,1970.6897765342324,178
2024-01-03 00:36:00,1970.6897765342324,1973.3280579082466,1970.1167768145672,1972.7550581885814,156
2024-01-03 00:37:00,1972.7550581885814,1972.9938002565061,1971.0790280265614,1971.3177700944861,183
2024-01-03 00:38:00,1971.3177700944861,1971.6944855796346,1970.5559797591468,1970.9326952442952,199
2024-01-03 00:39:00,1970.9326952442952,1973.1078508066253,1970.438600092643,1972.613755654973,86
2024-01-03 00:40:00,1972.613755654973,1973.5644798611036,1972.106848181786,1973.0575723879167,91
2024-01-03 00:41:00,1973.0575723879167,1973.9441836412072,1972.7266856972897,1973.6132969505802,125
2024-01-03 00:42:00,1973.6132969505802,1974.1836765815299,1973.1559900038976,1973.7263696348473,91
2024-01-03 00:43:00,1973.7263696348473,1975.3248055643646,1972.4535428366992,1974.0519787662165,63
2024-01-03 00:44:00,1974.0519787662165,1975.673468914757,1973.198009433653,1974.8194995821934,144
2024-01-03 00:45:00,1974.8194995821934,1975.1904966327795,1973.64920784801,1974.0202048985961,95
2024-01-03 00:46:00,1974.0202048985961,1975.4523278140005,1973.4547346711165,1974.8868575865208,188
2024-01-03 00:47:00,1974.8868575865208,1975.4677414652933,1972.9502109010114,1973.5310947797839,51
2024-01-03 00:48:00,1973.5310947797839,1974.1441069648345,1973.2421047971898,1973.8551169822404,94
2024-01-03 00:49:00,1973.8551169822404,1974.3200733623762,1973.566564984603,1974.0315213647389,110
2024-01-03 00:50:00,1974.0315213647389,1975.0223866491635,1972.432365089069,1973.4232303734937,182
2024-01-03 00:51:00,1973.4232303734937,1973.8495700582664,1972.9745068640634,1973.4008465488362,119
2024-01-03 00:52:00,1973.4008465488362,1973.560762055014,1972.6266704105178,1972.7865859166957,23
2024-01-03 00:53:00,1972.7865859166957,1973.3610925392475,1971.154960293273,1971.7294669158248,74
2024-01-03 00:54:00,1971.7294669158248,1972.3674096045095,1970.7429079241522,1971.3808506128369,178
2024-01-03 00:55:00,1971.3808506128369,1971.5671237454537,1970.1063864526873,1970.2926595853041,61
2024-01-03 00:56:00,1970.2926595853041,1971.1857864795854,1969.7175354280405,1970.6106623223218,74
2024-01-03 00:57:00,1970.6106623223218,1971.5433989516373,1968.5447403243268,1969.4774769536423,38
2024-01-03 00:58:00,1969.4774769536423,1970.9474423803338,1968.7086228823953,1970.1785883090868,146
2024-01-03 00:59:00,1970.1785883090868,1971.6473926103895,1967.5459216266997,1969.0147259280025,36
2024-01-03 01:00:00,1969.0147259280025,1970.0978141841204,1967.374116157886,1968.4572044140039,79
2024-01-03 01:01:00,1968.4572044140039,1969.6178119263402,1966.6818443622662,1967.8424518746026,145
2024-01-03 01:02:00,1967.8424518746026,1970.8397915237083,1966.1489522195182,1969.1462918686238,180
2024-01-03 01:03:00,1969.1462918686238,1970.3609613533663,1968.2568169947078,1969.4714864794503,52
2024-01-03 01:04:00,1969.4714864794503,1970.126490999717,1968.607980115766,1969.2629846360326,73
2024-01-03 01:05:00,1969.2629846360326,1970.728571490675,1968.2884526488988,1969.7540395035412,32
2024-01-03 01:06:00,1969.7540395035412,1970.124263592559,1967.3084900954416,1967.6787141844593,93
2024-01-03 01:07:00,1967.6787141844593,1968.311382569527,1967.0036092762903,1967.636277661358,199
2024-01-03 01:08:00,1967.636277661358,1969.937195719178,1967.3005502842339,1969.6014683420537,67
2024-01-03 01:09:00,1969.6014683420537,1970.4795073877565,1968.8537642330211,1969.7318032787239,59
2024-01-03 01:10:00,1969.7318032787239,1970.1328023165647,1969.39768960547,1969.798688643311,85
2024-01-03 01:11:00,1969.798688643311,1970.658945147512,1969.4782834208236,1970.3385399250246,180
2024-01-03 01:12:00,1970.3385399250246,1971.9752383838686,1969.5841642299113,1971.2208626887552,113
2024-01-03 01:13:00,1971.2208626887552,1971.7574006205036,1968.7156007482315,1969.25213867998,125
2024-01-03 01:14:00,1969.25213867998,1969.4203764276012,1967.427438421246,1967.5956761688674,158
2024-01-03 01:15:00,1967.5956761688674,1967.8200513272118,1967.5781851280615,1967.8025602864059,145
2024-01-03 01:16:00,1967.8025602864059,1967.9413326463562,1966.9604199620599,1967.0991923220101,123
2024-01-03 01:17:00,1967.0991923220101,1968.6325445796274,1966.8562819812023,1968.3896342388196,116
2024-01-03 01:18:00,1968.3896342388196,1969.1431816781342,1967.325893798491,1968.0794412378057,111
2024-01-03 01:19:00,1968.0794412378057,1968.7553884256038,1965.4998389653078,1966.175786153106,44
2024-01-03 01:20:00,1966.175786153106,1967.1839046305618,1963.9210985457482,1964.929217023204,88
2024-01-03 01:21:00,1964.929217023204,1965.8133190770957,1961.3436555951523,1962.227757649044,170
2024-01-03 01:22:00,1962.227757649044,1963.2369713679805,1960.9888401160918,1961.9980538350283,17
2024-01-03 01:23:00,1961.9980538350283,1962.8253097516174,1960.9859932729062,1961.8132491894953,167
2024-01-03 01:24:00,1961.8132491894953,1962.483921125755,1960.7262189693172,1961.3968909055768,117
2024-01-03 01:25:00,1961.3968909055768,1963.4751680385432,1960.3766687690186,1962.454945901985,76
2024-01-03 01:26:00,1962.454945901985,1964.5811332681692,1961.5047791262673,1963.6309664924515,31
2024-01-03 01:27:00,1963.6309664924515,1964.3676955140202,1962.726947478666,1963.4636765002347,155
2024-01-03 01:28:00,1963.4636765002347,1964.5506948276595,1960.2809614345367,1961.3679797619616,10
2024-01-03 01:29:00,1961.3679797619616,1962.3052207214632,1961.0360969656972,1961.9733379251988,113
2024-01-03 01:30:00,1961.9733379251988,1962.9928864979229,1961.498590333114,1962.518138905838,40
2024-01-03 01:31:00,1962.518138905838,1963.2905362754282,1962.0493348204766,1962.8217321900668,182
2024-01-03 01:32:00,1962.8217321900668,1964.8268268323363,1961.7798724386205,1963.78496708089,44
2024-01-03 01:33:00,1963.78496708089,1964.9905763725094,1961.4356218367388,1962.6412311283582,162
2024-01-03 01:34:00,1962.6412311283582,1964.632039846499,1962.6216554823063,1964.6124642004472,119
2024-01-03 01:35:00,1964.6124642004472,1965.7557785366039,1962.5266980031295,1963.6700123392861,17
2024-01-03 01:36:00,1963.6700123392861,1964.5347086216168,1963.5409293543062,1964.4056256366368,146
2024-01-03 01:37:00,1964.4056256366368,1964.546466470578,1962.6074671510405,1962.7483079849817,177
2024-01-03 01:38:00,1962.7483079849817,1963.2449326005465,1961.3387456489584,1961.8353702645231,52
2024-01-03 01:39:00,1961.8353702645231,1963.7868515236364,1961.3713218281625,1963.3228030872758,194
2024-01-03 01:40:00,1963.3228030872758,1963.3457384904366,1963.0437523982055,1963.0666878013662,161
2024-01-03 01:41:00,1963.0666878013662,1964.7355250881787,1962.2222625577874,1963.8910998446,151
2024-01-03 01:42:00,1963.8910998446,1964.979900358553,1963.03497662013,1964.1237771340832,73
2024-01-03 01:43:00,1964.1237771340832,1965.1270152476718,1963.0174636155925,1964.0207017291812,32
2024-01-03 01:44:00,1964.0207017291812,1965.779245715506,1963.60147287897,1965.360016865295,91
2024-01-03 01:45:00,1965.360016865295,1965.933998086383,1964.5534757484022,1965.1274569694904,163
2024-01-03 01:46:00,1965.1274569694904,1965.7045222961544,1962.8007029684038,1963.3777682950679,121
2024-01-03 01:47:00,1963.3777682950679,1964.6291134029077,1961.3378913176575,1962.5892364254973,133
2024-01-03 01:48:00,1962.5892364254973,1963.6539771259638,1962.0653772020091,1963.1301179024756,158
2024-01-03 01:49:00,1963.1301179024756,1963.7315957674043,1962.9168579568493,1963.518335821778,74
2024-01-03 01:50:00,1963.518335821778,1964.1091039847786,1961.3890938549584,1961.979862017959,17
2024-01-03 01:51:00,1961.979862017959,1962.1424236921255,1961.1067276256513,1961.2692892998177,177
2024-01-03 01:52:00,1961.2692892998177,1961.756201265157,1960.2119212259183,1960.6988331912576,126
2024-01-03 01:53:00,1960.6988331912576,1961.237505157701,1959.801873321441,1960.3405452878844,117
2024-01-03 01:54:00,1960.3405452878844,1960.6705625085542,1958.6618984699405,1958.9919156906103,118
2024-01-03 01:55:00,1958.9919156906103,1959.6046795042823,1957.7636649165086,1958.3764287301806,172
2024-01-03 01:56:00,1958.3764287301806,1959.209668542398,1956.829742117934,1957.6629819301515,156
2024-01-03 01:57:00,1957.6629819301515,1958.9131667356326,1957.1679981756527,1958.4181829811337,137
2024-01-03 01:58:00,1958.4181829811337,1959.620664294923,1958.008000611185,1959.2104819249744,158
2024-01-03 01:59:00,1959.2104819249744,1959.7332532815587,1958.5448738794587,1959.067645236043,64
2024-01-03 02:00:00,1959.067645236043,1959.652337234655,1958.0989369975634,1958.6836289961755,145
2024-01-03 02:01:00,1958.6836289961755,1958.9148113118674,1958.5894804101285,1958.8206627258205,195
2024-01-03 02:02:00,1958.8206627258205,1959.5888154396364,1957.2527479154287,1958.0209006292446,54
2024-01-03 02:03:00,1958.0209006292446,1958.4314573778438,1956.4875832874473,1956.8981400360465,118
2024-01-03 02:04:00,1956.8981400360465,1957.9784405067846,1954.8978809978237,1955.9781814685618,139
2024-01-03 02:05:00,1955.9781814685618,1956.795932821416,1954.539589766689,1955.3573411195432,108
2024-01-03 02:06:00,1955.3573411195432,1956.4009204665113,1953.1762582547633,1954.2198376017313,194
2024-01-03 02:07:00,1954.2198376017313,1954.5693243082053,1954.0287008978544,1954.3781876043283,86
2024-01-03 02:08:00,1954.3781876043283,1955.5325662245766,1953.9368791820777,1955.091257802326,51
2024-01-03 02:09:00,1955.091257802326,1955.1918813211419,1953.4391732769286,1953.5397967957445,35
2024-01-03 02:10:00,1953.5397967957445,1953.8748837869969,1953.2292547731931,1953.5643417644455,171
2024-01-03 02:11:00,1953.5643417644455,1954.6395065222534,1952.2743476430828,1953.3495124008907,140
2024-01-03 02:12:00,1953.3495124008907,1954.8503772570768,1952.1821904568917,1953.6830553130778,119
2024-01-03 02:13:00,1953.6830553130778,1953.8205416275541,1953.5329298726012,1953.6704161870775,91
2024-01-03 02:14:00,1953.6704161870775,1954.0771567734118,1951.8437486456467,1952.250489231981,87
2024-01-03 02:15:00,1952.250489231981,1952.8060628745586,1950.4626655262557,1951.0182391688334,187
2024-01-03 02:16:00,1951.0182391688334,1951.8607650371375,1950.2044162668428,1951.046942135147,139
2024-01-03 02:17:00,1951.046942135147,1952.1519746220997,1950.9455095819926,1952.0505420689453,193
2024-01-03 02:18:00,1952.0505420689453,1952.090709823188,1949.8492714857591,1949.8894392400018,162
2024-01-03 02:19:00,1949.8894392400018,1951.002547870996,1949.1133949124173,1950.2265035434116,155
2024-01-03 02:20:00,1950.2265035434116,1951.5617692874116,1950.051253981367,1951.386519725367,115
2024-01-03 02:21:00,1951.386519725367,1951.797529344247,1950.8262037904879,1951.237213409368,56
2024-01-03 02:22:00,1951.237213409368,1952.4228067178578,1950.5884078934569,1951.7740012019467,134
2024-01-03 02:23:00,1951.7740012019467,1952.5215277351617,1950.340358692159,1951.087885225374,146
2024-01-03 02:24:00,1951.087885225374,1951.617879065512,1950.441444412579,1950.9714382527168,109
2024-01-03 02:25:00,1950.9714382527168,1951.4136548136485,1948.9480437027366,1949.3902602636683,13
2024-01-03 02:26:00,1949.3902602636683,1950.3032855050901,1946.1922150161733,1947.1052402575951,192
2024-01-03 02:27:00,1947.1052402575951,1948.7185968402455,1946.4097157908955,1948.0230723735458,167
2024-01-03 02:28:00,1948.0230723735458,1948.3552349638635,1946.731513360539,1947.0636759508568,76
2024-01-03 02:29:00,1947.0636759508568,1947.6623484429592,1946.0215325985594,1946.6202050906618,103
2024-01-03 02:30:00,1946.6202050906618,1947.3528598204198,1944.5381121092005,1945.2707668389585,33
2024-01-03 02:31:00,1945.2707668389585,1946.5219527148963,1942.6481945402518,1943.8993804161896,187
2024-01-03 02:32:00,1943.8993804161896,1944.7881797884995,1942.8416195451264,1943.7304189174363,53
2024-01-03 02:33:00,1943.7304189174363,1944.7853073127121,1941.9664798295655,1943.0213682248414,81
2024-01-03 02:34:00,1943.0213682248414,1943.7342581719263,1942.675681140593,1943.388571087678,91
2024-01-03 02:35:00,1943.388571087678,1944.207664259895,1943.0092069111727,1943.8283000833896,60
2024-01-03 02:36:00,1943.8283000833896,1944.6318580978461,1943.336580380232,1944.1401383946884,130
2024-01-03 02:37:00,1944.1401383946884,1944.8995549755878,1943.6126585011375,1944.3720750820369,199
2024-01-03 02:38:00,1944.3720750820369,1946.0974267346353,1944.1806076487492,1945.9059593013476,172
2024-01-03 02:39:00,1945.9059593013476,1946.9818340414304,1943.791366022616,1944.8672407626989,110
2024-01-03 02:40:00,1944.8672407626989,1945.7942758034255,1943.8867852111453,1944.813820251872,34
2024-01-03 02:41:00,1944.813820251872,1946.3800655943476,1944.3490103178985,1945.9152556603742,174
2024-01-03 02:42:00,1945.9152556603742,1947.9796438066107,1945.081211167328,1947.1455993135646,58
2024-01-03 02:43:00,1947.1455993135646,1947.8160694541234,1945.0909387564634,1945.7614088970222,183
2024-01-03 02:44:00,1945.7614088970222,1946.6251251066597,1944.593808105268,1945.4575243149054,85
2024-01-03 02:45:00,1945.4575243149054,1946.8392276796087,1945.396904402645,1946.7786077673484,108
2024-01-03 02:46:00,1946.7786077673484,1947.800620103987,1946.2511541972374,1947.273166533876,92
2024-01-03 02:47:00,1947.273166533876,1948.0249151688088,1946.7115331297516,1947.4632817646843,96
2024-01-03 02:48:00,1947.4632817646843,1948.2903347390195,1946.424262316616,1947.2513152909512,41
2024-01-03 02:49:00,1947.2513152909512,1947.590680359629,1946.5382717935763,1946.8776368622541,115
2024-01-03 02:50:00,1946.8776368622541,1947.547605148341,1946.488232200391,1947.1582004864779,86
2024-01-03 02:51:00,1947.1582004864779,1947.3210792956813,1946.7496155037472,1946.9124943129507,171
2024-01-03 02:52:00,1946.9124943129507,1947.4727851155592,1946.3107550856912,1946.8710458882997,100
2024-01-03 02:53:00,1946.8710458882997,1947.5565167752384,1946.262085773951,1946.9475566608896,193
2024-01-03 02:54:00,1946.9475566608896,1948.186854477781,1945.0481739911772,1946.2874718080686,66
2024-01-03 02:55:00,1946.2874718080686,1947.6162505410362,1945.4765314419844,1946.805310174952,72
2024-01-03 02:56:00,1946.805310174952,1950.258727238434,1946.188626589812,1949.642043653294,16
2024-01-03 02:57:00,1949.642043653294,1950.213797536117,1947.3380458389508,1947.9097997217739,150
2024-01-03 02:58:00,1947.9097997217739,1949.2400805357026,1946.8950924933963,1948.225373307325,23
2024-01-03 02:59:00,1948.225373307325,1948.5797725315188,1947.1304632735394,1947.484862497733,64
2024-01-03 03:00:00,1947.484862497733,1948.576862133256,1946.9551042518528,1948.047103887376,183
2024-01-03 03:01:00,1948.047103887376,1948.2524845940889,1947.8870712562032,1948.0924519629161,126
2024-01-03 03:02:00,1948.0924519629161,1949.9722267120005,1946.9547589812337,1948.834533730318,116
2024-01-03 03:03:00,1948.834533730318,1950.7180346389666,1948.096466727133,1949.9799676357816,162
2024-01-03 03:04:00,1949.9799676357816,1950.4766687729013,1949.6708751611607,1950.1675762982804,156
2024-01-03 03:05:00,1950.1675762982804,1951.812137000539,1949.6268614297917,1951.2714221320502,178
2024-01-03 03:06:00,1951.2714221320502,1952.0547776656874,1948.2008858558559,1948.984241389493,136
2024-01-03 03:07:00,1948.984241389493,1951.0214777005494,1948.4968883110969,1950.5341246221533,95
2024-01-03 03:08:00,1950.5341246221533,1951.2766406207286,1950.1573943866383,1950.8999103852136,34
2024-01-03 03:09:00,1950.8999103852136,1952.281455952652,1950.5697470708415,1951.95129263828,80
2024-01-03 03:10:00,1951.95129263828,1952.6687675673345,1950.0432486907248,1950.7607236197794,143
2024-01-03 03:11:00,1950.7607236197794,1951.2060711243826,1949.5050594874751,1949.9504069920783,58
2024-01-03 03:12:00,1949.9504069920783,1950.5007470894634,1949.542353112725,1950.0926932101102,137
2024-01-03 03:13:00,1950.0926932101102,1950.1566316201386,1950.0121420683295,1950.0760804783579,35
2024-01-03 03:14:00,1950.0760804783579,1950.9674740366331,1949.460689561389,1950.3520831196643,21
2024-01-03 03:15:00,1950.3520831196643,1951.9243709898012,1949.8373884511748,1951.4096763213117,79
2024-01-03 03:16:00,1951.4096763213117,1951.8691597812026,1949.2278588593604,1949.6873423192512,53
2024-01-03 03:17:00,1949.6873423192512,1951.2994005515075,1949.024605445913,1950.6366636781693,175
2024-01-03 03:18:00,1950.6366636781693,1951.5217519351656,1949.7596529197774,1950.6447411767738,81
2024-01-03 03:19:00,1950.6447411767738,1951.5035480852612,1949.5871812604116,1950.445988168899,89
2024-01-03 03:20:00,1950.445988168899,1951.2461463870625,1948.2111645472153,1949.0113227653787,86
2024-01-03 03:21:00,1949.0113227653787,1949.992559588544,1948.5203097174979,1949.5015465406632,70
2024-01-03 03:22:00,1949.5015465406632,1949.8648850788395,1946.7850545079361,1947.1483930461125,184
2024-01-03 03:23:00,1947.1483930461125,1947.9573230913861,1946.9707226793607,1947.7796527246344,150
2024-01-03 03:24:00,1947.7796527246344,1948.1326554299524,1945.9735033262934,1946.3265060316114,40
2024-01-03 03:25:00,1946.3265060316114,1946.9700921712006,1945.7349431681646,1946.3785293077538,50
2024-01-03 03:26:00,1946.3785293077538,1946.6563442271038,1945.984740555235,1946.262555474585,25
2024-01-03 03:27:00,1946.262555474585,1948.0223021745192,1945.6409229262892,1947.4006696262234,58
2024-01-03 03:28:00,1947.4006696262234,1947.6088450334316,1947.0185376211302,1947.2267130283385,134
2024-01-03 03:29:00,1947.2267130283385,1947.289388809319,1946.4882146729549,1946.5508904539354,187
2024-01-03 03:30:00,1946.5508904539354,1947.4536301407986,1945.1550868025975,1946.0578264894607,101
2024-01-03 03:31:00,1946.0578264894607,1947.6958019754313,1945.6584027406595,1947.2963782266302,25
2024-01-03 03:32:00,1947.2963782266302,1948.0768104282004,1947.0381105979297,1947.8185427995,19
2024-01-03 03:33:00,1947.8185427995,1947.976734705725,1947.2847822789397,1947.4429741851648,88
2024-01-03 03:34:00,1947.4429741851648,1948.1918862155308,1946.463829195133,1947.212741225499,60
2024-01-03 03:35:00,1947.212741225499,1948.3314752959661,1944.5681935557598,1945.6869276262269,119
2024-01-03 03:36:00,1945.6869276262269,1946.4917900942992,1945.2599897453129,1946.0648522133852,32
2024-01-03 03:37:00,1946.0648522133852,1946.5643317246768,1943.853014954534,1944.3524944658257,53
2024-01-03 03:38:00,1944.3524944658257,1946.0837807993823,1943.3520867991083,1945.083373132665,115
2024-01-03 03:39:00,1945.083373132665,1945.3292393154388,1944.9625968103815,1945.2084629931553,63
2024-01-03 03:40:00,1945.2084629931553,1948.8803885669665,1943.8580968399879,1947.530022413799,79
2024-01-03 03:41:00,1947.530022413799,1949.0654281218026,1944.923343195994,1946.4587489039975,52
2024-01-03 03:42:00,1946.4587489039975,1946.9283420457073,1945.8892419996444,1946.3588351413541,19
2024-01-03 03:43:00,1946.3588351413541,1948.655335004834,1945.8123918552833,1948.108891718763,75
2024-01-03 03:44:00,1948.108891718763,1949.5738666200793,1947.8043951933234,1949.2693700946397,72
2024-01-03 03:45:00,1949.2693700946397,1949.7507609716308,1948.109426804031,1948.5908176810221,180
2024-01-03 03:46:00,1948.5908176810221,1949.2306003064723,1948.169245492766,1948.8090281182162,179
2024-01-03 03:47:00,1948.8090281182162,1949.712012601268,1947.9079918170805,1948.8109763001323,92
2024-01-03 03:48:00,1948.8109763001323,1949.6265596798942,1948.2701322649755,1949.0857156447373,64
2024-01-03 03:49:00,1949.0857156447373,1949.3152738895838,1948.1752633711017,1948.404821615948,89
2024-01-03 03:50:00,1948.404821615948,1948.9222226744698,1947.800404405781,1948.3178054643026,125
2024-01-03 03:51:00,1948.3178054643026,1949.1022661590391,1945.976587821158,1946.7610485158946,83
2024-01-03 03:52:00,1946.7610485158946,1947.0157271720375,1946.6378963961704,1946.8925750523133,153
2024-01-03 03:53:00,1946.8925750523133,1947.3875990749677,1946.8356219835114,1947.3306460061658,193
2024-01-03 03:54:00,1947.3306460061658,1948.6907963452184,1945.7490652712443,1947.1092156102968,86
2024-01-03 03:55:00,1947.1092156102968,1947.4429037138896,1945.2031872703353,1945.536875373928,32
2024-01-03 03:56:00,1945.536875373928,1947.0289660398773,1945.0063973038086,1946.498487969758,32
2024-01-03 03:57:00,1946.498487969758,1947.2824278092412,1946.0693218479148,1946.8532616873981,175
2024-01-03 03:58:00,1946.8532616873981,1947.6504374468768,1945.3493634974227,1946.1465392569014,89
2024-01-03 03:59:00,1946.1465392569014,1947.4202262897588,1944.59980742978,1945.8734944626374,72
2024-01-03 04:00:00,1945.8734944626374,1946.6823447250622,1943.6045877928004,1944.4134380552252,127
2024-01-03 04:01:00,1944.4134380552252,1944.4205762814768,1943.4093892129888,1943.4165274392403,191
2024-01-03 04:02:00,1943.4165274392403,1943.4615546173388,1942.8489045315641,1942.8939317096626,90
2024-01-03 04:03:00,1942.8939317096626,1944.5153790949923,1942.4658299952157,1944.0872773805454,69
2024-01-03 04:04:00,1944.0872773805454,1944.5660566741853,1942.9868728838724,1943.4656521775123,173
2024-01-03 04:05:00,1943.4656521775123,1944.1740673556715,1943.379353627833,1944.0877688059923,25
2024-01-03 04:06:00,1944.0877688059923,1944.9893265420123,1942.6629440971055,1943.5645018331256,170
2024-01-03 04:07:00,1943.5645018331256,1943.9662753429857,1943.4036793620594,1943.8054528719194,108
2024-01-03 04:08:00,1943.8054528719194,1944.9690497821284,1942.5044332876712,1943.6680301978802,13
2024-01-03 04:09:00,1943.6680301978802,1945.80790127164,1942.3766252251974,1944.5164962989572,53
2024-01-03 04:10:00,1944.5164962989572,1945.003174454646,1943.5098434084814,1943.99652156417,139
2024-01-03 04:11:00,1943.99652156417,1944.749800035956,1941.714748368351,1942.4680268401369,153
2024-01-03 04:12:00,1942.4680268401369,1942.57209167439,1941.0217661018105,1941.1258309360637,47
2024-01-03 04:13:00,1941.1258309360637,1941.9500762737578,1939.7853650271768,1940.6096103648708,134
2024-01-03 04:14:00,1940.6096103648708,1940.9981910151112,1939.0090608231205,1939.3976414733609,197
2024-01-03 04:15:00,1939.3976414733609,1939.9555593880575,1939.237505666521,1939.7954235812176,140
2024-01-03 04:16:00,1939.7954235812176,1940.2650026881,1938.8740969970147,1939.343676103897,143
2024-01-03 04:17:00,1939.343676103897,1942.0478955052627,1938.9420458005454,1941.646265201911,46
2024-01-03 04:18:00,1941.646265201911,1942.1020937789883,1939.5034230980164,1939.9592516750936,131
2024-01-03 04:19:00,1939.9592516750936,1941.1073243199805,1939.0086990646996,1940.1567717095866,144
2024-01-03 04:20:00,1940.1567717095866,1940.4339383686604,1938.7854022021504,1939.0625688612242,31
2024-01-03 04:21:00,1939.0625688612242,1940.3168417565582,1937.329927930609,1938.584200825943,69
2024-01-03 04:22:00,1938.584200825943,1938.7891097267275,1938.5163687035124,1938.7212776042968,177
2024-01-03 04:23:00,1938.7212776042968,1939.927863283291,1935.2605684439022,1936.4671541228963,199
2024-01-03 04:24:00,1936.4671541228963,1936.8837315542173,1936.2798796897746,1936.6964571210956,42
2024-01-03 04:25:00,1936.6964571210956,1939.120303093376,1936.1152882190231,1938.5391341913034,149
2024-01-03 04:26:00,1938.5391341913034,1938.9305542991217,1937.708210140321,1938.0996302481392,105
2024-01-03 04:27:00,1938.0996302481392,1938.7996490327125,1937.6513782191712,1938.3513970037445,122
2024-01-03 04:28:00,1938.3513970037445,1940.2373512054755,1937.458771999858,1939.344726201589,107
2024-01-03 04:29:00,1939.344726201589,1940.5081704741344,1938.0223007512336,1939.185745023779,174
2024-01-03 04:30:00,1939.185745023779,1940.2289273429294,1937.5792678466155,1938.622450165766,94
2024-01-03 04:31:00,1938.622450165766,1939.0465810310302,1935.9924224590443,1936.4165533243086,121
2024-01-03 04:32:00,1936.4165533243086,1937.6896588366035,1935.7640603317957,1937.0371658440906,137
2024-01-03 04:33:00,1937.0371658440906,1937.3152784745953,1936.6494475057639,1936.9275601362685,115
2024-01-03 04:34:00,1936.9275601362685,1937.1244264466065,1935.7499461952011,1935.9468125055391,177
2024-01-03 04:35:00,1935.9468125055391,1936.2063119498516,1935.8098553100945,1936.069354754407,55
2024-01-03 04:36:00,1936.069354754407,1936.4806210477448,1935.0930656351768,1935.5043319285146,190
2024-01-03 04:37:00,1935.5043319285146,1936.1814268395121,1934.3158514845777,1934.9929463955752,138
2024-01-03 04:38:00,1934.9929463955752,1935.7389511495917,1934.8335261968252,1935.5795309508417,192
2024-01-03 04:39:00,1935.5795309508417,1936.1418839808453,1933.7219051208667,1934.28425815087,81
2024-01-03 04:40:00,1934.28425815087,1936.4645418585974,1933.1168771787295,1935.2971608864568,100
2024-01-03 04:41:00,1935.2971608864568,1936.311287085367,1932.9305656559,1933.9446918548101,18
2024-01-03 04:42:00,1933.9446918548101,1934.2984152892968,1932.9501544848367,1933.3038779193234,185
2024-01-03 04:43:00,1933.3038779193234,1935.2026111261464,1933.26396437951,1935.162697586333,165
2024-01-03 04:44:00,1935.162697586333,1937.0124506872016,1934.403751926303,1936.2535050271715,66
2024-01-03 04:45:00,1936.2535050271715,1936.6645631746283,1935.9369399160016,1936.3479980634584,19
2024-01-03 04:46:00,1936.3479980634584,1937.3583560431944,1934.4270431837704,1935.4374011635064,142
2024-01-03 04:47:00,1935.4374011635064,1935.9352235762929,1934.4273920418264,1934.9252144546128,137
2024-01-03 04:48:00,1934.9252144546128,1936.2853162108752,1933.6360038252449,1934.9961055815072,110
2024-01-03 04:49:00,1934.9961055815072,1935.1202463498037,1934.9082684674336,1935.03240923573,39
2024-01-03 04:50:00,1935.03240923573,1935.9682049786932,1934.0086943958252,1934.9444901387883,184
2024-01-03 04:51:00,1934.9444901387883,1935.4860693325763,1934.373081343378,1934.9146605371661,92
2024-01-03 04:52:00,1934.9146605371661,1935.3669755422459,1934.2549467607753,1934.707261765855,147
2024-01-03 04:53:00,1934.707261765855,1934.7575884133014,1933.2620317528313,1933.3123584002776,173
2024-01-03 04:54:00,1933.3123584002776,1934.122496189423,1932.0029323105994,1932.8130700997447,114
2024-01-03 04:55:00,1932.8130700997447,1934.5385668155423,1931.971472046834,1933.6969687626315,27
2024-01-03 04:56:00,1933.6969687626315,1934.966587870782,1931.1043777127668,1932.3739968209172,178
2024-01-03 04:57:00,1932.3739968209172,1933.3432031751413,1931.221644395967,1932.190850750191,136
2024-01-03 04:58:00,1932.190850750191,1932.5408606614083,1931.0488803184548,1931.3988902296721,179
2024-01-03 04:59:00,1931.3988902296721,1931.698079798671,1931.2072317085563,1931.506421277555,126
2024-01-03 05:00:00,1931.506421277555,1931.5572133340186,1931.0803054787154,1931.131097535179,182
2024-01-03 05:01:00,1931.131097535179,1933.7068034318602,1929.981912063365,1932.5576179600462,174
2024-01-03 05:02:00,1932.5576179600462,1933.3261831508974,1932.2785533360752,1933.0471185269264,50
2024-01-03 05:03:00,1933.0471185269264,1934.1985477591452,1930.6278006298676,1931.7792298620864,42
2024-01-03 05:04:00,1931.7792298620864,1933.2102230331257,1930.9965688567156,1932.427562027755,40
2024-01-03 05:05:00,1932.427562027755,1933.134519051715,1930.9721257047863,1931.6790827287464,161
2024-01-03 05:06:00,1931.6790827287464,1932.1398992503641,1930.6609802964285,1931.1217968180463,55
2024-01-03 05:07:00,1931.1217968180463,1932.2594436463512,1930.2871613647337,1931.4248081930386,95
2024-01-03 05:08:00,1931.4248081930386,1931.9981185158642,1930.3766112872972,1930.9499216101228,159
2024-01-03 05:09:00,1930.9499216101228,1932.2488450000294,1930.5130281544853,1931.8119515443918,91
2024-01-03 05:10:00,1931.8119515443918,1932.6600766349434,1930.2157225571289,1931.0638476476804,21
2024-01-03 05:11:00,1931.0638476476804,1931.5874008590515,1929.9426817806416,1930.4662349920127,78
2024-01-03 05:12:00,1930.4662349920127,1930.7370542874655,1929.5618647727467,1929.8326840681996,27
2024-01-03 05:13:00,1929.8326840681996,1930.6429177220314,1928.4766563423923,1929.286889996224,83
2024-01-03 05:14:00,1929.286889996224,1930.9016191839924,1928.7324887373125,1930.3472179250807,149
2024-01-03 05:15:00,1930.3472179250807,1931.7222143076046,1929.579119130563,1930.954115513087,108
2024-01-03 05:16:00,1930.954115513087,1933.0093823101095,1930.5497603737128,1932.6050271707354,138
2024-01-03 05:17:00,1932.6050271707354,1934.9088156670964,1932.4924689685195,1934.7962574648805,30
2024-01-03 05:18:00,1934.7962574648805,1936.0474541166077,1932.5479470852092,1933.7991437369365,152
2024-01-03 05:19:00,1933.7991437369365,1935.0455803561592,1932.6207953417777,1933.8672319610005,90
2024-01-03 05:20:00,1933.8672319610005,1934.788674466563,1931.8084818301486,1932.729924335711,64
2024-01-03 05:21:00,1932.729924335711,1933.1596694985099,1931.5487280499624,1931.9784732127612,133
2024-01-03 05:22:00,1931.9784732127612,1932.4418791448772,1930.9064143575642,1931.3698202896803,35
2024-01-03 05:23:00,1931.3698202896803,1932.4825998366903,1929.2361622330288,1930.3489417800388,104
2024-01-03 05:24:00,1930.3489417800388,1930.7912106439571,1928.8914181740647,1929.333687037983,90
2024-01-03 05:25:00,1929.333687037983,1929.6683806628487,1928.8598070571215,1929.1945006819872,41
2024-01-03 05:26:00,1929.1945006819872,1930.4948484401498,1926.7205096830098,1928.0208574411724,190
2024-01-03 05:27:00,1928.0208574411724,1929.392933961023,1927.4606000922372,1928.8326766120877,78
2024-01-03 05:28:00,1928.8326766120877,1930.0929471526608,1926.687309565491,1927.9475801060642,17
2024-01-03 05:29:00,1927.9475801060642,1930.6951650066353,1927.9083460540123,1930.6559309545835,94
2024-01-03 05:30:00,1930.6559309545835,1931.4350391989576,1929.4410886765118,1930.2201969208859,193
2024-01-03 05:31:00,1930.2201969208859,1931.6683466675295,1928.8415521277238,1930.2897018743674,137
2024-01-03 05:32:00,1930.2897018743674,1930.8798917997472,1928.4493200745933,1929.039509999973,130
2024-01-03 05:33:00,1929.039509999973,1931.1623328190062,1928.5622463854966,1930.6850692045298,181
2024-01-03 05:34:00,1930.6850692045298,1931.8941359238268,1930.5567041099284,1931.7657708292254,25
2024-01-03 05:35:00,1931.7657708292254,1933.0504012873419,1930.7679263290609,1932.0525567871773,114
2024-01-03 05:36:00,1932.0525567871773,1932.3343970485064,1930.4696698719197,1930.7515101332488,70
2024-01-03 05:37:00,1930.7515101332488,1931.4975550841111,1930.2088378785375,1930.9548828293998,138
2024-01-03 05:38:00,1930.9548828293998,1931.0573581614967,1929.7696911202713,1929.8721664523682,172
2024-01-03 05:39:00,1929.8721664523682,1932.463991677666,1928.6914205872915,1931.2832458125893,24
2024-01-03 05:40:00,1931.2832458125893,1933.090519932024,1930.2573638072683,1932.0646379267032,40
2024-01-03 05:41:00,1932.0646379267032,1932.7242768350943,1931.497196213982,1932.1568351223732,191
2024-01-03 05:42:00,1932.1568351223732,1932.29032001398,1929.669620285432,1929.8031051770388,103
2024-01-03 05:43:00,1929.8031051770388,1930.9742695929706,1927.6830411564586,1928.8542055723904,69
2024-01-03 05:44:00,1928.8542055723904,1929.9551419639574,1928.4165646563813,1929.5175010479484,38
2024-01-03 05:45:00,1929.5175010479484,1930.8400864298342,1929.3650558210204,1930.6876412029062,77
2024-01-03 05:46:00,1930.6876412029062,1931.8596411594067,1930.5863714699271,1931.7583714264276,10
2024-01-03 05:47:00,1931.7583714264276,1932.0880665790637,1929.8909840515419,1930.220679204178,52
2024-01-03 05:48:00,1930.220679204178,1930.5292247805469,1930.203164877045,1930.511710453414,44
2024-01-03 05:49:00,1930.511710453414,1931.8307953594663,1930.1728575561438,1931.491942462196,26
2024-01-03 05:50:00,1931.491942462196,1932.3582350411577,1929.024118991824,1929.8904115707858,194
2024-01-03 05:51:00,1929.8904115707858,1930.3244807433055,1929.4487149740528,1929.8827841465725,160
2024-01-03 05:52:00,1929.8827841465725,1930.8633782241402,1929.1664319340373,1930.147026011605,188
2024-01-03 05:53:00,1930.147026011605,1930.4467965840608,1929.5569955046633,1929.8567660771191,55
2024-01-03 05:54:00,1929.8567660771191,1930.4603170445341,1927.466011565446,1928.069562532861,64
2024-01-03 05:55:00,1928.069562532861,1929.3884946613282,1926.43664609809,1927.7555782265572,63
2024-01-03 05:56:00,1927.7555782265572,1928.1994730473718,1926.9962009712635,1927.4400957920782,116
2024-01-03 05:57:00,1927.4400957920782,1928.1664669814838,1926.5710242578696,1927.2973954472752,44
2024-01-03 05:58:00,1927.2973954472752,1927.3226464221352,1926.7291559671,1926.75440694196,54
2024-01-03 05:59:00,1926.75440694196,1927.9179497092248,1925.1640763654018,1926.3276191326665,195
2024-01-03 06:00:00,1926.3276191326665,1926.7216583334612,1925.8953362777029,1926.2893754784975,76
2024-01-03 06:01:00,1926.2893754784975,1927.698353836025,1925.3065449233125,1926.71552328084,158
2024-01-03 06:02:00,1926.71552328084,1927.2459905037222,1925.8917841731088,1926.422251395991,53
2024-01-03 06:03:00,1926.422251395991,1927.2356434541402,1925.2142809324073,1926.0276729905565,186
2024-01-03 06:04:00,1926.0276729905565,1926.9529358270895,1925.1913483707187,1926.1166112072517,141
2024-01-03 06:05:00,1926.1166112072517,1926.5197680324661,1923.8635003452375,1924.266657170452,173
2024-01-03 06:06:00,1924.266657170452,1925.723370314013,1923.2689154217012,1924.7256285652622,108
2024-01-03 06:07:00,1924.7256285652622,1925.010878649636,1924.4398365771567,1924.7250866615304,182
2024-01-03 06:08:00,1924.7250866615304,1925.6401830557693,1923.8481898305017,1924.7632862247406,78
2024-01-03 06:09:00,1924.7632862247406,1926.1153029289815,1924.3358625820367,1925.6878792862776,101
2024-01-03 06:10:00,1925.6878792862776,1926.399518022314,1923.0959839518935,1923.8076226879298,21
2024-01-03 06:11:00,1923.8076226879298,1924.2066136828516,1921.5099933706308,1921.9089843655527,42
2024-01-03 06:12:00,1921.9089843655527,1922.7679615147376,1921.3131202515083,1922.1720974006932,156
2024-01-03 06:13:00,1922.1720974006932,1922.3355991987733,1922.0017556924386,1922.1652574905186,72
2024-01-03 06:14:00,1922.1652574905186,1923.0006874227474,1921.4933816622045,1922.3288115944333,29
2024-01-03 06:15:00,1922.3288115944333,1922.9223617680645,1921.2910813251913,1921.8846314988225,65
2024-01-03 06:16:00,1921.8846314988225,1922.8921024378901,1921.5155661179558,1922.5230370570234,77
2024-01-03 06:17:00,1922.5230370570234,1923.9754043783057,1921.9671795661934,1923.4195468874757,146
2024-01-03 06:18:00,1923.4195468874757,1924.5137247292162,1922.7908195480022,1923.8849973897427,27
2024-01-03 06:19:00,1923.8849973897427,1924.2249585298443,1923.2941342706326,1923.6340954107343,14
2024-01-03 06:20:00,1923.6340954107343,1924.1610928027874,1921.079886434406,1921.6068838264591,147
2024-01-03 06:21:00,1921.6068838264591,1922.5360686694082,1921.4167837798364,1922.3459686227854,36
2024-01-03 06:22:00,1922.3459686227854,1924.9997302948427,1920.8664995388556,1923.5202612109128,89
2024-01-03 06:23:00,1923.5202612109128,1925.124992397104,1922.5354406072142,1924.1401717934054,139
2024-01-03 06:24:00,1924.1401717934054,1924.8222080068203,1922.6118579143347,1923.2938941277496,107
2024-01-03 06:25:00,1923.2938941277496,1924.970044425291,1922.2656961518273,1923.9418464493688,33
2024-01-03 06:26:00,1923.9418464493688,1924.9541411314565,1923.7573563249107,1924.7696510069984,147
2024-01-03 06:27:00,1924.7696510069984,1926.6773074238336,1924.3621756927937,1926.2698321096289,19
2024-01-03 06:28:00,1926.2698321096289,1926.6936988356708,1925.0021533252607,1925.4260200513027,54
2024-01-03 06:29:00,1925.4260200513027,1925.4727779079728,1925.161251419912,1925.2080092765823,30
2024-01-03 06:30:00,1925.2080092765823,1926.4139775369777,1924.7213680851717,1925.927336345567,107
2024-01-03 06:31:00,1925.927336345567,1926.639633167698,1925.2703233364182,1925.9826201585493,141
2024-01-03 06:32:00,1925.9826201585493,1926.9144345480706,1923.9748289977408,1924.9066433872622,133
2024-01-03 06:33:00,1924.9066433872622,1925.4449826900445,1924.767352905232,1925.3056922080143,36
2024-01-03 06:34:00,1925.3056922080143,1926.594428069326,1924.574006615426,1925.8627424767378,75
2024-01-03 06:35:00,1925.8627424767378,1926.5307717010837,1925.2794154847738,1925.9474447091197,37
2024-01-03 06:36:00,1925.9474447091197,1926.8706185235644,1925.2357254093745,1926.1588992238192,75
2024-01-03 06:37:00,1926.1588992238192,1926.5364653742702,1925.5321787359615,1925.9097448864125,53
2024-01-03 06:38:00,1925.9097448864125,1928.4446132404723,1924.7983924363305,1927.3332607903903,150
2024-01-03 06:39:00,1927.3332607903903,1927.8713192147657,1925.9272353643132,1926.4652937886885,152
2024-01-03 06:40:00,1926.4652937886885,1927.726443014161,1924.6384180303232,1925.8995672557958,165
2024-01-03 06:41:00,1925.8995672557958,1926.1834752919535,1925.6262377175126,1925.9101457536703,48
2024-01-03 06:42:00,1925.9101457536703,1927.620815442089,1925.0458693050518,1926.7565389934705,12
2024-01-03 06:43:00,1926.7565389934705,1927.3111570819137,1924.759384131631,1925.3140022200741,16
2024-01-03 06:44:00,1925.3140022200741,1925.7650992787028,1923.601538821752,1924.0526358803806,170
2024-01-03 06:45:00,1924.0526358803806,1924.8723372544357,1921.272586053068,1922.092287427123,182
2024-01-03 06:46:00,1922.092287427123,1922.585336472491,1921.6306600019025,1922.1237090472705,50
2024-01-03 06:47:00,1922.1237090472705,1922.5701475049786,1920.602509526953,1921.0489479846613,176
2024-01-03 06:48:00,1921.0489479846613,1921.649301762179,1920.0792244149948,1920.6795781925125,110
2024-01-03 06:49:00,1920.6795781925125,1922.380065088546,1919.6142390878729,1921.3147259839063,45
2024-01-03 06:50:00,1921.3147259839063,1922.3635266069268,1919.649622622492,1920.6984232455125,69
2024-01-03 06:51:00,1920.6984232455125,1922.2218973100914,1919.3970606891373,1920.9205347537163,60
2024-01-03 06:52:00,1920.9205347537163,1921.4899915969615,1920.063575743556,1920.6330325868012,155
2024-01-03 06:53:00,1920.6330325868012,1921.358156322705,1920.5533513285213,1921.2784750644253,45
2024-01-03 06:54:00,1921.2784750644253,1922.1501564163666,1920.8632203768314,1921.7349017287727,44
2024-01-03 06:55:00,1921.7349017287727,1922.3156122011694,1920.4893346895656,1921.0700451619623,146
2024-01-03 06:56:00,1921.0700451619623,1921.2594320105507,1920.7186623976131,1920.9080492462015,67
2024-01-03 06:57:00,1920.9080492462015,1923.1207725678144,1919.6977934716028,1921.9105167932157,57
2024-01-03 06:58:00,1921.9105167932157,1923.7262150671709,1920.4728360912627,1922.2885343652179,163
2024-01-03 06:59:00,1922.2885343652179,1923.0485683865652,1920.1858182705914,1920.9458522919388,186
2024-01-03 07:00:00,1920.9458522919388,1922.147853254273,1920.3735547272515,1921.5755556895858,115
2024-01-03 07:01:00,1921.5755556895858,1921.6543102458522,1920.4547205035622,1920.5334750598286,167
2024-01-03 07:02:00,1920.5334750598286,1923.060846462742,1919.362492974325,1921.8898643772384,169
2024-01-03 07:03:00,1921.8898643772384,1923.4801748335508,1921.2836565111313,1922.8739669674437,121
2024-01-03 07:04:00,1922.8739669674437,1923.61839792986,1922.40824262255,1923.1526735849664,167
2024-01-03 07:05:00,1923.1526735849664,1924.0659449229652,1922.3905936285826,1923.3038649665814,11
2024-01-03 07:06:00,1923.3038649665814,1923.6555191192072,1922.7511945409956,1923.1028486936214,16
2024-01-03 07:07:00,1923.1028486936214,1924.3889213289403,1922.4692117302247,1923.7552843655437,177
2024-01-03 07:08:00,1923.7552843655437,1923.7774162017245,1923.3765092979481,1923.3986411341289,36
2024-01-03 07:09:00,1923.3986411341289,1924.6205057350976,1922.4033239177008,1923.6251885186696,148
2024-01-03 07:10:00,1923.6251885186696,1925.0009780672076,1923.088036425217,1924.463825973755,89
2024-01-03 07:11:00,1924.463825973755,1925.4868917258405,1922.9001720365648,1923.92323778865,159
2024-01-03 07:12:00,1923.92323778865,1924.4228666654005,1922.8308551461876,1923.330484022938,136
2024-01-03 07:13:00,1923.330484022938,1923.8547784710963,1921.6576098057085,1922.1819042538668,23
2024-01-03 07:14:00,1922.1819042538668,1922.2924410375422,1921.0483123451038,1921.1588491287791,73
2024-01-03 07:15:00,1921.1588491287791,1922.0263257791146,1918.5350535623031,1919.4025302126386,144
2024-01-03 07:16:00,1919.4025302126386,1920.3426381336067,1919.1628399037995,1920.1029478247676,185
2024-01-03 07:17:00,1920.1029478247676,1922.2291856210243,1919.7133611008192,1921.8395988970758,162
2024-01-03 07:18:00,1921.8395988970758,1923.7865912588804,1921.262233337779,1923.2092256995836,179
2024-01-03 07:19:00,1923.2092256995836,1923.8323093554325,1921.0224916985883,1921.6455753544371,191
2024-01-03 07:20:00,1921.6455753544371,1922.4212700028017,1921.5663375922577,1922.3420322406223,179
2024-01-03 07:21:00,1922.3420322406223,1924.1972316614738,1921.8537202251578,1923.7089196460092,120
2024-01-03 07:22:00,1923.7089196460092,1924.5917889170423,1922.386665657711,1923.2695349287442,73
2024-01-03 07:23:00,1923.2695349287442,1923.798563847296,1922.8380613865754,1923.3670903051272,106
2024-01-03 07:24:00,1923.3670903051272,1923.8571596023692,1920.9460633005,1921.436132597742,161
2024-01-03 07:25:00,1921.436132597742,1922.3313174649352,1920.7972059860595,1921.6923908532526,90
2024-01-03 07:26:00,1921.6923908532526,1922.2202062985873,1920.1426580882817,1920.6704735336164,167
2024-01-03 07:27:00,1920.6704735336164,1921.0425530798675,1920.4901105295583,1920.8621900758094,143
2024-01-03 07:28:00,1920.8621900758094,1921.4240466252188,1918.8009056942656,1919.362762243675,49
2024-01-03 07:29:00,1919.362762243675,1920.8413992759831,1918.4050961419869,1919.883733174295,184
2024-01-03 07:30:00,1919.883733174295,1921.0396320650987,1919.7113068934827,1920.8672057842864,170
2024-01-03 07:31:00,1920.8672057842864,1921.2994306286855,1919.6827886835874,1920.1150135279865,123
2024-01-03 07:32:00,1920.1150135279865,1920.1604439822515,1918.978072014829,1919.023502469094,46
2024-01-03 07:33:00,1919.023502469094,1919.9595062256474,1916.0187692672816,1916.954773023835,53
2024-01-03 07:34:00,1916.954773023835,1917.4943782660112,1916.1598164337872,1916.6994216759633,169
2024-01-03 07:35:00,1916.6994216759633,1916.9484436373625,1915.89302933582,1916.1420512972193,13
2024-01-03 07:36:00,1916.1420512972193,1916.7517794947532,1914.0463363404963,1914.6560645380303,101
2024-01-03 07:37:00,1914.6560645380303,1915.203278530787,1914.542538099835,1915.0897520925917,127
2024-01-03 07:38:00,1915.0897520925917,1915.2683914777322,1914.4802458739239,1914.6588852590644,54
2024-01-03 07:39:00,1914.6588852590644,1914.674143186156,1913.6137936262664,1913.629051553358,174
2024-01-03 07:40:00,1913.629051553358,1913.794810345333,1912.9326698280713,1913.0984286200462,109
2024-01-03 07:41:00,1913.0984286200462,1915.2170433579333,1912.0045693971592,1914.1231841350464,22
2024-01-03 07:42:00,1914.1231841350464,1914.9939016281437,1913.8295144332558,1914.7002319263531,70
2024-01-03 07:43:00,1914.7002319263531,1915.4531293147015,1913.822854072951,1914.5757514612994,85
2024-01-03 07:44:00,1914.5757514612994,1915.4226321005556,1914.3215325500237,1915.1684131892798,52
2024-01-03 07:45:00,1915.1684131892798,1916.0333883493568,1913.1917670745202,1914.056742234597,188
2024-01-03 07:46:00,1914.056742234597,1914.2691454639566,1913.8753181100092,1914.0877213393687,78
2024-01-03 07:47:00,1914.0877213393687,1914.8180021310343,1913.4984344796349,1914.2287152713004,105
2024-01-03 07:48:00,1914.2287152713004,1914.8230781253874,1913.184665149188,1913.779028003275,111
2024-01-03 07:49:00,1913.779028003275,1915.6611472321715,1912.3135942898407,1914.1957135187372,51
2024-01-03 07:50:00,1914.1957135187372,1915.0110054448426,1912.6334704058484,1913.4487623319537,117
2024-01-03 07:51:00,1913.4487623319537,1914.283745059973,1913.1015375050872,1913.9365202331064,77
2024-01-03 07:52:00,1913.9365202331064,1915.301271353357,1913.0998804412786,1914.4646315615291,11
2024-01-03 07:53:00,1914.4646315615291,1915.8556309835021,1910.2812324314536,1911.6722318534266,87
2024-01-03 07:54:00,1911.6722318534266,1912.8595628750804,1911.6226380121816,1912.8099690338354,120
2024-01-03 07:55:00,1912.8099690338354,1913.0611271117423,1909.6440399794492,1909.895198057356,32
2024-01-03 07:56:00,1909.895198057356,1910.3775280994037,1908.8245734774696,1909.3069035195172,158
2024-01-03 07:57:00,1909.3069035195172,1910.69948974652,1908.8931693326736,1910.2857555596763,135
2024-01-03 07:58:00,1910.2857555596763,1910.7316384625801,1909.5368185009338,1909.9827014038376,68
2024-01-03 07:59:00,1909.9827014038376,1910.0574291784817,1908.5077786974146,1908.5825064720586,122
2024-01-03 08:00:00,1908.5825064720586,1909.6903882195586,1906.4308810132227,1907.5387627607226,67
2024-01-03 08:01:00,1907.5387627607226,1908.5477345987003,1907.509222181149,1908.5181940191267,133
2024-01-03 08:02:00,1908.5181940191267,1909.01385085798,1906.188924002052,1906.6845808409055,39
2024-01-03 08:03:00,1906.6845808409055,1908.7322630130209,1905.7132136308455,1907.760895802961,126
2024-01-03 08:04:00,1907.760895802961,1908.3216915227438,1907.1475392682635,1907.7083349880463,20
2024-01-03 08:05:00,1907.7083349880463,1907.906849381033,1906.3724493398167,1906.5709637328034,13
2024-01-03 08:06:00,1906.5709637328034,1906.6286490292482,1905.957403303675,1906.0150886001197,58
2024-01-03 08:07:00,1906.0150886001197,1906.498970505637,1904.5617842232866,1905.045666128804,43
2024-01-03 08:08:00,1905.045666128804,1906.1539665371997,1904.762465002802,1905.8707654111977,103
2024-01-03 08:09:00,1905.8707654111977,1907.21894983897,1905.220537358626,1906.5687217863983,41
2024-01-03 08:10:00,1906.5687217863983,1906.6062675169158,1904.8923266331014,1904.9298723636189,56
2024-01-03 08:11:00,1904.9298723636189,1905.8109287082436,1903.664408677585,1904.5454650222098,28
2024-01-03 08:12:00,1904.5454650222098,1905.1605769332632,1903.1083649418115,1903.723476852865,178
2024-01-03 08:13:00,1903.723476852865,1905.5985318630355,1903.079664489944,1904.9547195001146,149
2024-01-03 08:14:00,1904.9547195001146,1906.0744867089645,1902.549013447831,1903.6687806566808,51
2024-01-03 08:15:00,1903.6687806566808,1905.6004825870189,1903.2640391581474,1905.1957410884854,32
2024-01-03 08:16:00,1905.1957410884854,1905.490730324812,1904.8690353541947,1905.1640245905212,171
2024-01-03 08:17:00,1905.1640245905212,1905.5266470919123,1903.6945642741455,1904.0571867755366,136
2024-01-03 08:18:00,1904.0571867755366,1904.5549190042086,1902.9146701581244,1903.4124023867964,178
2024-01-03 08:19:00,1903.4124023867964,1903.9485823735663,1902.1133167782737,1902.6494967650435,43
2024-01-03 08:20:00,1902.6494967650435,1902.9040239719948,1901.182393527511,1901.4369207344623,78
2024-01-03 08:21:00,1901.4369207344623,1901.7260065347168,1901.237988580292,1901.5270743805465,32
2024-01-03 08:22:00,1901.5270743805465,1901.8839889014007,1900.002702527346,1900.3596170482,90
2024-01-03 08:23:00,1900.3596170482,1901.0657139513671,1897.5817801983017,1898.2878771014687,40
2024-01-03 08:24:00,1898.2878771014687,1898.9089770318797,1897.3064095501418,1897.9275094805528,10
2024-01-03 08:25:00,1897.9275094805528,1898.951297514924,1895.1928762607722,1896.2166642951433,106
2024-01-03 08:26:00,1896.2166642951433,1897.5266416865115,1894.1935569176449,1895.503534309013,196
2024-01-03 08:27:00,1895.503534309013,1896.3596600086657,1893.7858047401612,1894.641930439814,132
2024-01-03 08:28:00,1894.641930439814,1895.7337235335988,1892.7248160957624,1893.8166091895473,153
2024-01-03 08:29:00,1893.8166091895473,1896.5707677128314,1892.9571792443467,1895.7113377676308,164
2024-01-03 08:30:00,1895.7113377676308,1896.9818506005515,1894.4942949584422,1895.764807791363,194
2024-01-03 08:31:00,1895.764807791363,1897.268032602631,1894.4941658419475,1895.9973906532155,34
2024-01-03 08:32:00,1895.9973906532155,1896.9260456429508,1893.384712396167,1894.3133673859024,57
2024-01-03 08:33:00,1894.3133673859024,1895.1490091380608,1892.8583200808312,1893.6939618329895,127
2024-01-03 08:34:00,1893.6939618329895,1894.3882520716516,1893.2035302394709,1893.8978204781329,165
2024-01-03 08:35:00,1893.8978204781329,1894.4500490749426,1892.375415343732,1892.9276439405417,157
2024-01-03 08:36:00,1892.9276439405417,1894.227270302278,1892.4874662082705,1893.7870925700067,148
2024-01-03 08:37:00,1893.7870925700067,1894.5900492070252,1891.8453102976594,1892.6482669346778,69
2024-01-03 08:38:00,1892.6482669346778,1892.943346065473,1892.0821926185058,1892.377271749301,79
2024-01-03 08:39:00,1892.377271749301,1892.872510760897,1891.327517335924,1891.8227563475202,25
2024-01-03 08:40:00,1891.8227563475202,1892.3017816830502,1891.4991637933688,1891.9781891288987,69
2024-01-03 08:41:00,1891.9781891288987,1893.1974017135444,1890.153079921101,1891.3722925057466,39
2024-01-03 08:42:00,1891.3722925057466,1891.8562387323034,1890.6321659289606,1891.1161121555174,188
2024-01-03 08:43:00,1891.1161121555174,1891.8556707639189,1890.1532788365528,1890.8928374449542,27
2024-01-03 08:44:00,1890.8928374449542,1892.0109982474776,1889.0803523672516,1890.198513169775,79
2024-01-03 08:45:00,1890.198513169775,1891.3377224931833,1889.5177657008574,1890.6569750242656,178
2024-01-03 08:46:00,1890.6569750242656,1891.9958118422421,1889.5434935281148,1890.8823303460913,191
2024-01-03 08:47:00,1890.8823303460913,1890.9799947002075,1890.7008867203242,1890.7985510744404,81
2024-01-03 08:48:00,1890.7985510744404,1892.2720646647856,1888.9180824874913,1890.3915960778365,98
2024-01-03 08:49:00,1890.3915960778365,1892.123005985823,1889.4130762404504,1891.144486148437,109
2024-01-03 08:50:00,1891.144486148437,1891.7908796924573,1890.2750942894995,1890.92148783352,166
2024-01-03 08:51:00,1890.92148783352,1892.027537269061,1889.5254681520737,1890.6315175876148,156
2024-01-03 08:52:00,1890.6315175876148,1890.855787147051,1890.5062131632205,1890.7304827226567,109
2024-01-03 08:53:00,1890.7304827226567,1892.7928459433842,1890.2720135809666,1892.3343768016941,80
2024-01-03 08:54:00,1892.3343768016941,1893.4479312692015,1889.9526212693877,1891.066175736895,80
2024-01-03 08:55:00,1891.066175736895,1891.932981359181,1890.9272952799165,1891.7941009022024,133
2024-01-03 08:56:00,1891.7941009022024,1892.5729553240687,1889.2245014629218,1890.003355884788,168
2024-01-03 08:57:00,1890.003355884788,1890.9769267869615,1889.2351084817128,1890.2086793838862,24
2024-01-03 08:58:00,1890.2086793838862,1893.009842019706,1888.8961343638134,1891.6972969996332,156
2024-01-03 08:59:00,1891.6972969996332,1892.1908964402232,1891.665904022475,1892.159503463065,101
2024-01-03 09:00:00,1892.159503463065,1893.4978123807707,1890.9826194773034,1892.320928395009,37
2024-01-03 09:01:00,1892.320928395009,1892.676785286456,1891.4347963740001,1891.790653265447,28
2024-01-03 09:02:00,1891.790653265447,1892.2184343843564,1891.3922395483846,1891.820020667294,74
2024-01-03 09:03:00,1891.820020667294,1891.9251909441468,1891.4764216501185,1891.5815919269712,57
2024-01-03 09:04:00,1891.5815919269712,1891.7374529511467,1890.6823614611717,1890.8382224853472,29
2024-01-03 09:05:00,1890.8382224853472,1891.557968714169,1889.844422309772,1890.5641685385938,65
2024-01-03 09:06:00,1890.5641685385938,1890.8982915134118,1890.4175717207725,1890.7516946955905,168
2024-01-03 09:07:00,1890.7516946955905,1891.5985339962335,1889.1795469086853,1890.0263862093284,146
2024-01-03 09:08:00,1890.0263862093284,1890.3426619057095,1888.9481635550399,1889.264439251421,49
2024-01-03 09:09:00,1889.264439251421,1889.3727965103149,1887.8711522148433,1887.9795094737372,138
2024-01-03 09:10:00,1887.9795094737372,1888.7155168941351,1887.6123424748862,1888.3483498952842,95
2024-01-03 09:11:00,1888.3483498952842,1889.557087772002,1887.654492159514,1888.8632300362317,151
2024-01-03 09:12:00,1888.8632300362317,1889.5439534770421,1888.4012940429075,1889.082017483718,56
2024-01-03 09:13:00,1889.082017483718,1890.5735900740615,1888.502088004184,1889.9936605945277,21
2024-01-03 09:14:00,1889.9936605945277,1890.9068953413573,1889.163460486225,1890.0766952330546,69
2024-01-03 09:15:00,1890.0766952330546,1891.4235468616873,1889.1003089729174,1890.4471606015502,198
2024-01-03 09:16:00,1890.4471606015502,1891.1843136366622,1889.9972018657286,1890.7343549008406,115
2024-01-03 09:17:00,1890.7343549008406,1890.9066980310042,1890.475472840896,1890.6478159710596,20
2024-01-03 09:18:00,1890.6478159710596,1891.2436257115378,1889.5502076655698,1890.146017406048,195
2024-01-03 09:19:00,1890.146017406048,1892.9843411047489,1889.4002295816815,1892.2385532803823,166
2024-01-03 09:20:00,1892.2385532803823,1892.2534133396557,1891.796093686973,1891.8109537462465,113
2024-01-03 09:21:00,1891.8109537462465,1892.0414477600436,1890.9506023585727,1891.18109637237,150
2024-01-03 09:22:00,1891.18109637237,1891.8868878441258,1890.8857004874885,1891.5914919592444,45
2024-01-03 09:23:00,1891.5914919592444,1892.3186108647033,1891.102575888378,1891.8296947938368,122
2024-01-03 09:24:00,1891.8296947938368,1892.1090980051717,1890.2214784001194,1890.5008816114544,183
2024-01-03 09:25:00,1890.5008816114544,1892.3970446414444,1889.6659306964737,1891.5620937264637,93
2024-01-03 09:26:00,1891.5620937264637,1891.6018650489882,1891.433234959855,1891.4730062823796,17
2024-01-03 09:27:00,1891.4730062823796,1891.5031466838882,1890.392217791651,1890.4223581931597,153
2024-01-03 09:28:00,1890.4223581931597,1891.987160820793,1889.9812075999462,1891.5460102275795,148
2024-01-03 09:29:00,1891.5460102275795,1892.638926759765,1891.044840760969,1892.1377572931544,150
2024-01-03 09:30:00,1892.1377572931544,1892.154910448988,1890.9242603129971,1890.9414134688307,133
2024-01-03 09:31:00,1890.9414134688307,1892.9598050874145,1890.6032961662218,1892.6216877848055,36
2024-01-03 09:32:00,1892.6216877848055,1893.6612335632453,1892.2055690999782,1893.245114878418,31
2024-01-03 09:33:00,1893.245114878418,1893.6641643931537,1892.8164134906333,1893.235463005369,160
2024-01-03 09:34:00,1893.235463005369,1895.3667697698343,1892.6094855592744,1894.7407923237397,172
2024-01-03 09:35:00,1894.7407923237397,1895.209449771977,1894.4230488800765,1894.8917063283138,24
2024-01-03 09:36:00,1894.8917063283138,1896.0202259434786,1893.7365795200976,1894.8650991352624,120
2024-01-03 09:37:00,1894.8650991352624,1895.618326291499,1893.4862821566235,1894.23950931286,105
2024-01-03 09:38:00,1894.23950931286,1895.0531663145769,1893.9769343564665,1894.7905913581833,76
2024-01-03 09:39:00,1894.7905913581833,1895.8465198368262,1894.1861942886899,1895.2421227673328,132
2024-01-03 09:40:00,1895.2421227673328,1895.8716189434483,1894.6265378009612,1895.2560339770766,183
2024-01-03 09:41:00,1895.2560339770766,1896.2846459728314,1893.4788087793581,1894.507420775113,166
2024-01-03 09:42:00,1894.507420775113,1894.9713858887803,1894.1665321978944,1894.6304973115618,39
2024-01-03 09:43:00,1894.6304973115618,1895.4896211365028,1893.7052520325308,1894.5643758574718,97
2024-01-03 09:44:00,1894.5643758574718,1895.1482148431278,1892.7173604016186,1893.3011993872747,187
2024-01-03 09:45:00,1893.3011993872747,1894.4331530568365,1890.7759536726953,1891.9079073422572,55
2024-01-03 09:46:00,1891.9079073422572,1893.4988367441076,1890.8515870135222,1892.4425164153727,172
2024-01-03 09:47:00,1892.4425164153727,1893.0839679927458,1889.3391028028154,1889.9805543801886,103
2024-01-03 09:48:00,1889.9805543801886,1890.6425657375185,1889.5126539736696,1890.1746653309995,109
2024-01-03 09:49:00,1890.1746653309995,1890.9330511327087,1888.9644492874452,1889.7228350891544,57
2024-01-03 09:50:00,1889.7228350891544,1891.4579897980286,1889.223792123755,1890.9589468326292,184
2024-01-03 09:51:00,1890.9589468326292,1892.1614161043735,1889.2899134983463,1890.4923827700907,110
2024-01-03 09:52:00,1890.4923827700907,1891.7127716394743,1889.8953688425072,1891.1157577118909,119
2024-01-03 09:53:00,1891.1157577118909,1891.529586860775,1890.3266235531974,1890.7404527020815,97
2024-01-03 09:54:00,1890.7404527020815,1891.2414287636925,1890.3470107580786,1890.8479868196896,26
2024-01-03 09:55:00,1890.8479868196896,1891.653170953644,1890.7394256212879,1891.5446097552422,158
2024-01-03 09:56:00,1891.5446097552422,1892.322444484354,1890.3293026401677,1891.1071373692796,72
2024-01-03 09:57:00,1891.1071373692796,1892.3067478804596,1890.8498228855271,1892.0494333967072,55
2024-01-03 09:58:00,1892.0494333967072,1893.032109897914,1890.1266941428269,1891.1093706440338,158
2024-01-03 09:59:00,1891.1093706440338,1891.466252314258,1891.0310426163528,1891.3879242865771,47
2024-01-03 10:00:00,1891.3879242865771,1892.8762920319118,1890.7720913563164,1892.2604591016511,139
2024-01-03 10:01:00,1892.2604591016511,1893.8882542535675,1891.2571453733547,1892.884940525271,100
2024-01-03 10:02:00,1892.884940525271,1894.9459076875305,1892.6377781862711,1894.6987453485306,161
2024-01-03 10:03:00,1894.6987453485306,1896.0314470981368,1892.6427998405952,1893.9755015902015,19
2024-01-03 10:04:00,1893.9755015902015,1894.3823175681864,1892.2626481646714,1892.6694641426564,157
2024-01-03 10:05:00,1892.6694641426564,1893.2903655206017,1891.1075889162241,1891.7284902941694,53
2024-01-03 10:06:00,1891.7284902941694,1893.1371620093753,1890.944507588635,1892.3531793038408,175
2024-01-03 10:07:00,1892.3531793038408,1893.6670365632037,1891.510445068334,1892.824302327697,77
2024-01-03 10:08:00,1892.824302327697,1893.5926437327078,1892.152737867914,1892.9210792729248,11
2024-01-03 10:09:00,1892.9210792729248,1893.866018795918,1890.913305215245,1891.8582447382382,102
2024-01-03 10:10:00,1891.8582447382382,1893.3478988866102,1891.0939926956187,1892.5836468439907,20
2024-01-03 10:11:00,1892.5836468439907,1893.8171890826081,1890.1911764881766,1891.424718726794,61
2024-01-03 10:12:00,1891.424718726794,1893.2862110390324,1890.6592593584885,1892.520751670727,146
2024-01-03 10:13:00,1892.520751670727,1896.5378849428664,1891.207499154794,1895.2246324269336,116
2024-01-03 10:14:00,1895.2246324269336,1896.4821695558626,1894.3143489177864,1895.5718860467155,144
2024-01-03 10:15:00,1895.5718860467155,1896.2404958047432,1895.4559379829266,1896.1245477409543,176
2024-01-03 10:16:00,1896.1245477409543,1897.6831960901002,1894.09863763861,1895.6572859877558,98
2024-01-03 10:17:00,1895.6572859877558,1896.0079136118736,1893.5908863279826,1893.9415139521004,113
2024-01-03 10:18:00,1893.9415139521004,1895.0758490396433,1892.2364212531047,1893.3707563406476,21
2024-01-03 10:19:00,1893.3707563406476,1893.9485976192502,1891.758287117425,1892.3361283960276,64
2024-01-03 10:20:00,1892.3361283960276,1893.3047158379263,1889.9984314351766,1890.9670188770754,147
2024-01-03 10:21:00,1890.9670188770754,1892.902658028886,1890.6598426477392,1892.5954817995498,21
2024-01-03 10:22:00,1892.5954817995498,1893.658435664829,1891.7907371186545,1892.8536909839338,78
2024-01-03 10:23:00,1892.8536909839338,1893.685132686075,1892.3815958009855,1893.2130375031265,35
2024-01-03 10:24:00,1893.2130375031265,1894.3786991342113,1891.7548532867072,1892.920514917792,172
2024-01-03 10:25:00,1892.920514917792,1893.6544004276616,1892.0230137987257,1892.7568993085954,116
2024-01-03 10:26:00,1892.7568993085954,1894.5923034562893,1891.8343251401725,1893.6697292878664,132
2024-01-03 10:27:00,1893.6697292878664,1893.9212336752228,1893.3876069891073,1893.6391113764637,139
2024-01-03 10:28:00,1893.6391113764637,1894.6774078956757,1893.1032862558586,1894.1415827750707,52
2024-01-03 10:29:00,1894.1415827750707,1894.865282903552,1893.232252701114,1893.9559528295954,19
2024-01-03 10:30:00,1893.9559528295954,1894.608731277958,1892.9791631291428,1893.6319415775054,85
2024-01-03 10:31:00,1893.6319415775054,1894.5633910641407,1891.368403289349,1892.2998527759844,45
2024-01-03 10:32:00,1892.2998527759844,1892.7286381872912,1889.999820234905,1890.4286056462117,71
2024-01-03 10:33:00,1890.4286056462117,1891.0141033537323,1889.5958758887298,1890.1813735962503,70
2024-01-03 10:34:00,1890.1813735962503,1891.248397703936,1889.1677439860023,1890.234768093688,158
2024-01-03 10:35:00,1890.234768093688,1890.52895979313,1888.7250325384075,1889.0192242378496,70
2024-01-03 10:36:00,1889.0192242378496,1889.808575283983,1888.1973113503145,1888.9866623964479,38
2024-01-03 10:37:00,1888.9866623964479,1889.4779983763158,1888.546095353859,1889.037431333727,192
2024-01-03 10:38:00,1889.037431333727,1889.2592225959254,1886.7792501586778,1887.0010414208762,19
2024-01-03 10:39:00,1887.0010414208762,1887.6938364516204,1885.4448257973982,1886.1376208281424,48
2024-01-03 10:40:00,1886.1376208281424,1887.5507779146494,1885.1085416174249,1886.5216987039319,75
2024-01-03 10:41:00,1886.5216987039319,1887.8450114435507,1885.5634833101522,1886.886796049771,21
2024-01-03 10:42:00,1886.886796049771,1887.4015763738262,1885.2835887423714,1885.7983690664266,180
2024-01-03 10:43:00,1885.7983690664266,1886.843874278386,1884.9022643920744,1885.9477696040337,77
2024-01-03 10:44:00,1885.9477696040337,1887.8055400038718,1885.0541025173434,1886.9118729171814,158
2024-01-03 10:45:00,1886.9118729171814,1888.1783153270064,1886.378564603578,1887.645007013403,35
2024-01-03 10:46:00,1887.645007013403,1887.949627993107,1887.250453163651,1887.555074143355,109
2024-01-03 10:47:00,1887.555074143355,1887.8814564343909,1886.7870263199218,1887.1134086109578,34
2024-01-03 10:48:00,1887.1134086109578,1887.9954898375136,1885.6375051768903,1886.519586403446,54
2024-01-03 10:49:00,1886.519586403446,1887.511044376141,1885.9694040224342,1886.960861995129,87
2024-01-03 10:50:00,1886.960861995129,1887.3162227612315,1886.7895780096967,1887.1449387757991,173
2024-01-03 10:51:00,1887.1449387757991,1887.808621618534,1887.0751442253447,1887.7388270680797,68
2024-01-03 10:52:00,1887.7388270680797,1888.7437345301767,1886.8583912646338,1887.8632987267308,153
2024-01-03 10:53:00,1887.8632987267308,1888.9962136800873,1887.5032409794653,1888.6361559328218,27
2024-01-03 10:54:00,1888.6361559328218,1889.416901370714,1887.9447359338421,1888.7254813717343,57
2024-01-03 10:55:00,1888.7254813717343,1890.5018290490927,1887.690164480927,1889.4665121582855,124
2024-01-03 10:56:00,1889.4665121582855,1890.3614449894417,1889.3942745584454,1890.2892073896016,98
2024-01-03 10:57:00,1890.2892073896016,1890.8390083574097,1888.9790124187077,1889.5288133865158,105
2024-01-03 10:58:00,1889.5288133865158,1890.0307115663215,1887.3186450690525,1887.8205432488583,138
2024-01-03 10:59:00,1887.8205432488583,1889.9877331796886,1887.1102720789988,1889.2774620098292,24
2024-01-03 11:00:00,1889.2774620098292,1890.5550512592283,1888.2423225381117,1889.5199117875109,142
2024-01-03 11:01:00,1889.5199117875109,1889.584307375907,1887.8357385801055,1887.9001341685016,173
2024-01-03 11:02:00,1887.9001341685016,1888.6813696034187,1886.4450887712987,1887.2263242062158,155
2024-01-03 11:03:00,1887.2263242062158,1888.9105553771335,1886.2704437770676,1887.9546749479853,64
2024-01-03 11:04:00,1887.9546749479853,1888.4506176990817,1887.1947236064827,1887.6906663575792,76
2024-01-03 11:05:00,1887.6906663575792,1888.2049503701442,1886.6930755640892,1887.2073595766542,192
2024-01-03 11:06:00,1887.2073595766542,1889.253846399545,1886.4827500321035,1888.5292368549942,160
2024-01-03 11:07:00,1888.5292368549942,1889.225670178745,1886.8438873335792,1887.54032065733,186
2024-01-03 11:08:00,1887.54032065733,1888.326111842843,1886.001256149402,1886.7870473349149,183
2024-01-03 11:09:00,1886.7870473349149,1887.7643896584664,1886.0091256429146,1886.986467966466,92
2024-01-03 11:10:00,1886.986467966466,1887.5503999703099,1886.7909275491902,1887.354859553034,34
2024-01-03 11:11:00,1887.354859553034,1888.763483869222,1886.41462295578,1887.823247271968,53
2024-01-03 11:12:00,1887.823247271968,1889.6907172590097,1886.8159054670941,1888.6833754541358,65
2024-01-03 11:13:00,1888.6833754541358,1889.5078601070268,1888.046416871046,1888.870901523937,168
2024-01-03 11:14:00,1888.870901523937,1889.3353015794546,1888.868693009386,1889.3330930649038,62
2024-01-03 11:15:00,1889.3330930649038,1889.8564665804736,1888.5648532335076,1889.0882267490774,78
2024-01-03 11:16:00,1889.0882267490774,1889.7876445699992,1888.4480302413965,1889.1474480623183,171
2024-01-03 11:17:00,1889.1474480623183,1889.38330975387,1889.0131603316806,1889.2490220232323,41
2024-01-03 11:18:00,1889.2490220232323,1889.8829519253443,1888.8182790924877,1889.4522089945997,136
2024-01-03 11:19:00,1889.4522089945997,1890.216309188905,1889.4179473232812,1890.1820475175864,114
2024-01-03 11:20:00,1890.1820475175864,1891.5035650287164,1889.385193207341,1890.706710718471,197
2024-01-03 11:21:00,1890.706710718471,1891.3784919168718,1890.0767302121255,1890.7485114105264,102
2024-01-03 11:22:00,1890.7485114105264,1890.8036169682064,1889.928478977061,1889.983584534741,109
2024-01-03 11:23:00,1889.983584534741,1890.7474046371142,1889.2837132158095,1890.0475333181826,171
2024-01-03 11:24:00,1890.0475333181826,1890.593179014854,1889.4754101488954,1890.021055845567,198
2024-01-03 11:25:00,1890.021055845567,1890.9659011853985,1889.2587691324597,1890.2036144722913,148
2024-01-03 11:26:00,1890.2036144722913,1892.7085137254999,1889.7841062745736,1892.2890055277821,142
2024-01-03 11:27:00,1892.2890055277821,1892.5532968653688,1891.5291494550813,1891.793440792668,176
2024-01-03 11:28:00,1891.793440792668,1892.4688231125422,1891.5175002710441,1892.1928825909183,196
2024-01-03 11:29:00,1892.1928825909183,1893.56793870112,1891.8286946401954,1893.2037507503971,149
2024-01-03 11:30:00,1893.2037507503971,1893.8716367999052,1892.628633496566,1893.296519546074,65
2024-01-03 11:31:00,1893.296519546074,1896.1343807901296,1892.6717753157016,1895.5096365597572,132
2024-01-03 11:32:00,1895.5096365597572,1896.0058933574533,1894.6550912018236,1895.1513479995197,54
2024-01-03 11:33:00,1895.1513479995197,1895.8666076739241,1894.7431873883913,1895.4584470627958,105
2024-01-03 11:34:00,1895.4584470627958,1895.8936966289946,1894.2661459482374,1894.7013955144362,94
2024-01-03 11:35:00,1894.7013955144362,1896.219816934964,1892.8499568907914,1894.3683783113192,197
2024-01-03 11:36:00,1894.3683783113192,1894.8805020084098,1894.0920408783008,1894.6041645753915,115
2024-01-03 11:37:00,1894.6041645753915,1895.7629752528385,1894.2470594984172,1895.4058701758643,192
2024-01-03 11:38:00,1895.4058701758643,1897.5258270693073,1893.5883203931967,1895.7082772866397,163
2024-01-03 11:39:00,1895.7082772866397,1897.6305292006987,1894.9794825935498,1896.9017345076088,171
2024-01-03 11:40:00,1896.9017345076088,1896.9472653221865,1896.7661337618408,1896.8116645764185,42
2024-01-03 11:41:00,1896.8116645764185,1897.7002442557925,1895.6080543260425,1896.4966340054166,157
2024-01-03 11:42:00,1896.4966340054166,1899.284757722637,1896.272559615374,1899.0606833325944,57
2024-01-03 11:43:00,1899.0606833325944,1900.3501951031183,1898.145512172043,1899.4350239425669,119
2024-01-03 11:44:00,1899.4350239425669,1899.9245364603323,1898.2622072010454,1898.7517197188108,102
2024-01-03 11:45:00,1898.7517197188108,1899.1541928498477,1897.6901293315207,1898.0926024625576,59
2024-01-03 11:46:00,1898.0926024625576,1899.2723427470394,1896.0182152919447,1897.1979555764265,197
2024-01-03 11:47:00,1897.1979555764265,1898.8708259644206,1896.413513922026,1898.08638431002,176
2024-01-03 11:48:00,1898.08638431002,1899.0250027891818,1896.8019560416624,1897.740574520824,119
2024-01-03 11:49:00,1897.740574520824,1898.5958668737294,1897.0061326367813,1897.8614249896866,12
2024-01-03 11:50:00,1897.8614249896866,1898.2620718710523,1897.4005127766366,1897.8011596580022,44
2024-01-03 11:51:00,1897.8011596580022,1899.2969525054318,1896.9994803806085,1898.495273228038,53
2024-01-03 11:52:00,1898.495273228038,1899.523524234353,1896.6632523927358,1897.6915033990508,194
2024-01-03 11:53:00,1897.6915033990508,1898.3116154310446,1896.0508391727044,1896.6709512046982,86
2024-01-03 11:54:00,1896.6709512046982,1898.1362266798467,1895.4183848230323,1896.8836602981808,18
2024-01-03 11:55:00,1896.8836602981808,1898.3456233196582,1895.9916722005291,1897.4536352220066,121
2024-01-03 11:56:00,1897.4536352220066,1898.4189070677114,1896.80384569946,1897.7691175451648,190
2024-01-03 11:57:00,1897.7691175451648,1898.4336318991323,1896.3365250466159,1897.0010394005833,116
2024-01-03 11:58:00,1897.0010394005833,1898.2650126484639,1896.3796608775156,1897.6436341253961,94
2024-01-03 11:59:00,1897.6436341253961,1897.7380110376737,1896.84346573663,1896.9378426489075,43
2024-01-03 12:00:00,1896.9378426489075,1897.4726122424634,1895.908409859502,1896.4431794530578,176
2024-01-03 12:01:00,1896.4431794530578,1897.0956978082706,1894.8955839860052,1895.548102341218,29
2024-01-03 12:02:00,1895.548102341218,1897.1924963564898,1895.1369124452629,1896.7813064605346,187
2024-01-03 12:03:00,1896.7813064605346,1898.079392602814,1896.0839513873202,1897.3820375295998,52
2024-01-03 12:04:00,1897.3820375295998,1898.5334642440992,1896.804562597019,1897.9559893115184,36
2024-01-03 12:05:00,1897.9559893115184,1900.0031771508966,1897.0923776654877,1899.139565504866,76
2024-01-03 12:06:00,1899.139565504866,1902.6331381530015,1898.3167995923393,1901.8103722404749,10
2024-01-03 12:07:00,1901.8103722404749,1902.443952194526,1899.5514803199635,1900.1850602740146,12
2024-01-03 12:08:00,1900.1850602740146,1900.2355056593199,1899.4330888147902,1899.4835342000954,45
2024-01-03 12:09:00,1899.4835342000954,1900.7332837807073,1897.6485774061966,1898.8983269868086,141
2024-01-03 12:10:00,1898.8983269868086,1899.4138897501437,1897.5749542447184,1898.0905170080534,164
2024-01-03 12:11:00,1898.0905170080534,1898.6289479425468,1896.5294108017786,1897.067841736272,57
2024-01-03 12:12:00,1897.067841736272,1897.5069392330408,1896.3445131437545,1896.7836106405234,132
2024-01-03 12:13:00,1896.7836106405234,1897.167130041257,1895.246274245887,1895.6297936466206,76
2024-01-03 12:14:00,1895.6297936466206,1897.101626552602,1894.475518887658,1895.9473517936394,92
2024-01-03 12:15:00,1895.9473517936394,1897.0907463469466,1894.8529658881346,1895.9963604414418,73
2024-01-03 12:16:00,1895.9963604414418,1897.1898646378006,1895.258870543913,1896.4523747402718,179
2024-01-03 12:17:00,1896.4523747402718,1897.4621121633982,1895.9240787310619,1896.9338161541882,107
2024-01-03 12:18:00,1896.9338161541882,1898.3099559115426,1896.1296084426526,1897.505748200007,106
2024-01-03 12:19:00,1897.505748200007,1898.1028944531952,1896.5543291447927,1897.151475397981,173
2024-01-03 12:20:00,1897.151475397981,1899.661036741857,1896.653979222023,1899.1635405658992,134
2024-01-03 12:21:00,1899.1635405658992,1900.084406667171,1898.4652859792259,1899.3861520804976,38
2024-01-03 12:22:00,1899.3861520804976,1899.7880075693563,1897.2155077178406,1897.6173632066993,45
2024-01-03 12:23:00,1897.6173632066993,1898.2820553224844,1896.0016082811023,1896.6663003968874,74
2024-01-03 12:24:00,1896.6663003968874,1897.3122054870346,1894.369818624226,1895.015723714373,28
2024-01-03 12:25:00,1895.015723714373,1895.8291746850437,1894.2186974411056,1895.0321484117762,141
2024-01-03 12:26:00,1895.0321484117762,1895.3659808360576,1894.5829035797822,1894.9167360040635,104
2024-01-03 12:27:00,1894.9167360040635,1895.7541446990233,1893.6355134618418,1894.4729221568016,18
2024-01-03 12:28:00,1894.4729221568016,1896.6029162254113,1894.247750622392,1896.3777446910017,86
2024-01-03 12:29:00,1896.3777446910017,1897.250133488749,1896.0258953455623,1896.8982841433096,167
2024-01-03 12:30:00,1896.8982841433096,1897.9554913386241,1896.5297443159686,1897.5869515112831,182
2024-01-03 12:31:00,1897.5869515112831,1897.7492896962274,1896.5412168755302,1896.7035550604744,192
2024-01-03 12:32:00,1896.7035550604744,1897.6573714411727,1894.8021978460724,1895.7560142267707,185
2024-01-03 12:33:00,1895.7560142267707,1895.9922144468521,1895.554701129824,1895.7909013499054,125
2024-01-03 12:34:00,1895.7909013499054,1896.2586577286404,1895.487137651781,1895.954894030516,186
2024-01-03 12:35:00,1895.954894030516,1896.9987500162056,1893.1512965445686,1894.1951525302582,191
2024-01-03 12:36:00,1894.1951525302582,1894.547220335413,1893.672316380779,1894.0243841859337,130
2024-01-03 12:37:00,1894.0243841859337,1894.5346520650432,1893.5274427408735,1894.037710619983,88
2024-01-03 12:38:00,1894.037710619983,1894.2225378299245,1893.6491330933522,1893.8339603032937,193
2024-01-03 12:39:00,1893.8339603032937,1894.7172453742792,1892.1804620393646,1893.06374711035,88
2024-01-03 12:40:00,1893.06374711035,1893.9520116822775,1891.6647952918297,1892.5530598637572,41
2024-01-03 12:41:00,1892.5530598637572,1893.4004497071317,1891.5383123164022,1892.3857021597767,30
2024-01-03 12:42:00,1892.3857021597767,1893.2428099665176,1891.6145086862537,1892.4716164929946,117
2024-01-03 12:43:00,1892.4716164929946,1893.6396665959396,1891.8758418419852,1893.0438919449302,16
2024-01-03 12:44:00,1893.0438919449302,1894.436525244749,1892.674312763538,1894.0669460633567,32
2024-01-03 12:45:00,1894.0669460633567,1894.3264066705729,1893.5287283092496,1893.7881889164657,56
2024-01-03 12:46:00,1893.7881889164657,1894.8446459337442,1892.299800290935,1893.3562573082136,110
2024-01-03 12:47:00,1893.3562573082136,1894.628380300433,1892.4984533700106,1893.77057636223,100
2024-01-03 12:48:00,1893.77057636223,1894.6546090892382,1893.4649436999318,1894.34897642694,107
2024-01-03 12:49:00,1894.34897642694,1894.9322455183976,1893.3544437623282,1893.9377128537858,106
2024-01-03 12:50:00,1893.9377128537858,1895.140871933584,1893.4830317809972,1894.6861908607955,198
2024-01-03 12:51:00,1894.6861908607955,1895.7551480828329,1894.545237048087,1895.6141942701245,51
2024-01-03 12:52:00,1895.6141942701245,1897.474910601577,1894.9777475380968,1896.8384638695493,100
2024-01-03 12:53:00,1896.8384638695493,1898.9368504884565,1896.4266709991268,1898.525057618034,126
2024-01-03 12:54:00,1898.525057618034,1898.7328421365253,1897.4948167247578,1897.702601243249,62
2024-01-03 12:55:00,1897.702601243249,1897.7237086735454,1897.6946811469545,1897.7157885772508,44
2024-01-03 12:56:00,1897.7157885772508,1897.7507058272097,1897.691572258758,1897.726489508717,18
2024-01-03 12:57:00,1897.726489508717,1898.1548134106283,1897.205107202343,1897.6334311042544,71
2024-01-03 12:58:00,1897.6334311042544,1898.1702509962297,1896.4805797013648,1897.01739959334,58
2024-01-03 12:59:00,1897.01739959334,1897.2542365910788,1895.3714941114495,1895.6083311091882,47
2024-01-03 13:00:00,1895.6083311091882,1896.511602774654,1894.7929014087301,1895.696173074196,61
2024-01-03 13:01:00,1895.696173074196,1896.2398217224077,1894.4242399843017,1894.9678886325134,142
2024-01-03 13:02:00,1894.9678886325134,1895.8365261130898,1894.1807285942614,1895.0493660748377,167
2024-01-03 13:03:00,1895.0493660748377,1895.5483577000373,1893.7979985944721,1894.2969902196717,108
2024-01-03 13:04:00,1894.2969902196717,1894.5669239042097,1892.9855167877322,1893.2554504722702,22
2024-01-03 13:05:00,1893.2554504722702,1894.0885027741326,1892.6441914943177,1893.4772437961801,149
2024-01-03 13:06:00,1893.4772437961801,1893.7100078986236,1893.38736293204,1893.6201270344836,38
2024-01-03 13:07:00,1893.6201270344836,1894.941205114819,1892.8475189542091,1894.1685970345445,20
2024-01-03 13:08:00,1894.1685970345445,1896.4522541884178,1893.9551371325435,1896.2387942864168,118
2024-01-03 13:09:00,1896.2387942864168,1897.4189342880652,1895.321557867934,1896.5016978695824,90
2024-01-03 13:10:00,1896.5016978695824,1897.402358054123,1896.061016882463,1896.9616770670036,69
2024-01-03 13:11:00,1896.9616770670036,1897.9333588367658,1894.967949024466,1895.9396307942282,193
2024-01-03 13:12:00,1895.9396307942282,1896.0826354486042,1894.5766767310138,1894.7196813853898,27
2024-01-03 13:13:00,1894.7196813853898,1896.531016212416,1894.4078556109023,1896.2191904379285,20
2024-01-03 13:14:00,1896.2191904379285,1896.9321940520688,1894.630626783443,1895.3436303975832,121
2024-01-03 13:15:00,1895.3436303975832,1896.3554039354876,1893.342540486504,1894.3543140244085,89
2024-01-03 13:16:00,1894.3543140244085,1895.5540264194788,1893.1175680242982,1894.3172804193684,162
2024-01-03 13:17:00,1894.3172804193684,1894.9012213965207,1893.6479129186046,1894.2318538957568,17
2024-01-03 13:18:00,1894.2318538957568,1895.4957761080661,1892.113153397021,1893.3770756093304,89
2024-01-03 13:19:00,1893.3770756093304,1893.8353300000467,1892.630106568121,1893.0883609588373,37
2024-01-03 13:20:00,1893.0883609588373,1895.236563553319,1892.10381679552,1894.2520193900018,17
2024-01-03 13:21:00,1894.2520193900018,1894.4632641792982,1893.2773970901328,1893.4886418794292,97
2024-01-03 13:22:00,1893.4886418794292,1894.2153107271129,1891.442521521922,1892.1691903696055,149
2024-01-03 13:23:00,1892.1691903696055,1893.3796389216666,1891.8505151217973,1893.0609636738584,39
2024-01-03 13:24:00,1893.0609636738584,1893.6702432297031,1892.9176581512772,1893.526937707122,170
2024-01-03 13:25:00,1893.526937707122,1894.271497727735,1892.1948933247352,1892.9394533453483,108
2024-01-03 13:26:00,1892.9394533453483,1893.0104055511074,1891.371027956285,1891.441980162044,101
2024-01-03 13:27:00,1891.441980162044,1892.1706514456732,1890.0091029405264,1890.7377742241556,185
2024-01-03 13:28:00,1890.7377742241556,1891.647745587961,1889.776086987766,1890.6860583515713,72
2024-01-03 13:29:00,1890.6860583515713,1892.1658764347612,1890.3082002528574,1891.7880183360473,48
2024-01-03 13:30:00,1891.7880183360473,1891.9888398852002,1890.6067001068536,1890.8075216560064,159
2024-01-03 13:31:00,1890.8075216560064,1891.1954283949092,1890.339709503258,1890.7276162421608,30
2024-01-03 13:32:00,1890.7276162421608,1891.567942438787,1890.5255473722457,1891.3658735688718,175
2024-01-03 13:33:00,1891.3658735688718,1891.894366964906,1888.585456281362,1889.1139496773962,166
2024-01-03 13:34:00,1889.1139496773962,1890.6960388411053,1888.5083304491056,1890.0904196128147,195
2024-01-03 13:35:00,1890.0904196128147,1890.5415025289103,1888.5218674476225,1888.9729503637182,97
2024-01-03 13:36:00,1888.9729503637182,1890.4859704387516,1887.7734955420763,1889.2865156171097,128
2024-01-03 13:37:00,1889.2865156171097,1889.8145335388128,1888.9915252695014,1889.5195431912045,177
2024-01-03 13:38:00,1889.5195431912045,1891.6374932377307,1888.4262667361536,1890.5442167826798,35
2024-01-03 13:39:00,1890.5442167826798,1891.238499517592,1890.3707074988592,1891.0649902337714,68
2024-01-03 13:40:00,1891.0649902337714,1891.6591280941734,1888.223046963106,1888.8171848235081,99
2024-01-03 13:41:00,1888.8171848235081,1889.83036622645,1887.0628511564057,1888.0760325593476,129
2024-01-03 13:42:00,1888.0760325593476,1889.2002125930617,1887.0823234217878,1888.206503455502,139
2024-01-03 13:43:00,1888.206503455502,1888.614218915393,1887.6147068511034,1888.0224223109944,185
2024-01-03 13:44:00,1888.0224223109944,1889.2494810504434,1887.246233455004,1888.4732921944528,102
2024-01-03 13:45:00,1888.4732921944528,1889.9445464910402,1887.7473867269323,1889.2186410235197,42
2024-01-03 13:46:00,1889.2186410235197,1890.1562535237308,1888.8557777046217,1889.7933902048328,46
2024-01-03 13:47:00,1889.7933902048328,1890.593046163581,1888.7912665610215,1889.5909225197697,162
2024-01-03 13:48:00,1889.5909225197697,1890.8604963432897,1886.5769378681869,1887.8465116917068,97
2024-01-03 13:49:00,1887.8465116917068,1888.5907957938966,1886.6722882461213,1887.416572348311,129
2024-01-03 13:50:00,1887.416572348311,1888.589679861368,1886.636394906752,1887.809502419809,116
2024-01-03 13:51:00,1887.809502419809,1888.6291782311089,1885.9605482658828,1886.7802240771828,164
2024-01-03 13:52:00,1886.7802240771828,1887.3904927766482,1886.7654937160937,1887.3757624155592,51
2024-01-03 13:53:00,1887.3757624155592,1888.9732743454804,1886.6354902316393,1888.2330021615605,42
2024-01-03 13:54:00,1888.2330021615605,1888.535285047315,1888.0504964815693,1888.3527793673238,149
2024-01-03 13:55:00,1888.3527793673238,1888.6959757266802,1885.1168343950071,1885.4600307543635,92
2024-01-03 13:56:00,1885.4600307543635,1886.8400372779765,1882.8751319689177,1884.2551384925307,165
2024-01-03 13:57:00,1884.2551384925307,1886.502447041797,1883.7848607503538,1886.0321692996201,34
2024-01-03 13:58:00,1886.0321692996201,1886.3187021941628,1885.2302424753827,1885.5167753699254,61
2024-01-03 13:59:00,1885.5167753699254,1886.5160807929992,1882.6469022808783,1883.646207703952,192
2024-01-03 14:00:00,1883.646207703952,1885.0177969698461,1883.4380029673414,1884.8095922332354,170
2024-01-03 14:01:00,1884.8095922332354,1885.2189641551229,1884.4128066848739,1884.8221786067613,21
2024-01-03 14:02:00,1884.8221786067613,1886.9003541979453,1883.7853111853915,1885.8634867765754,165
2024-01-03 14:03:00,1885.8634867765754,1886.7066102867605,1885.2815163928612,1886.1246399030463,22
2024-01-03 14:04:00,1886.1246399030463,1886.5803310143156,1886.1013986346081,1886.5570897458774,32
2024-01-03 14:05:00,1886.5570897458774,1887.670869180599,1885.7857291461155,1886.8995085808372,180
2024-01-03 14:06:00,1886.8995085808372,1887.9741505893737,1886.4829117488027,1887.5575537573393,33
2024-01-03 14:07:00,1887.5575537573393,1890.8558299732395,1886.4086680646037,1889.7069442805039,67
2024-01-03 14:08:00,1889.7069442805039,1890.9623759422077,1889.3689713268013,1890.6244029885052,35
2024-01-03 14:09:00,1890.6244029885052,1891.588322742738,1888.1665691946118,1889.1304889488447,123
2024-01-03 14:10:00,1889.1304889488447,1890.7903105013456,1887.8925683397204,1889.5523898922213,20
2024-01-03 14:11:00,1889.5523898922213,1890.876259099697,1889.3069645414382,1890.630833748914,64
2024-01-03 14:12:00,1890.630833748914,1892.262192859925,1890.1364062522089,1891.76776536322,72
2024-01-03 14:13:00,1891.76776536322,1892.482181026963,1890.6498309217297,1891.3642465854728,133
2024-01-03 14:14:00,1891.3642465854728,1892.709153973436,1891.121006333953,1892.4659137219162,104
2024-01-03 14:15:00,1892.4659137219162,1894.0141295390024,1891.7955583387625,1893.3437741558487,46
2024-01-03 14:16:00,1893.3437741558487,1896.2625579874452,1892.860320260849,1895.7791040924456,98
2024-01-03 14:17:00,1895.7791040924456,1896.2547405963962,1894.5925487786885,1895.0681852826392,97
2024-01-03 14:18:00,1895.0681852826392,1895.655105116919,1894.000486103594,1894.5874059378739,77
2024-01-03 14:19:00,1894.5874059378739,1895.182694477651,1893.7021327511318,1894.297421290909,111
2024-01-03 14:20:00,1894.297421290909,1894.9276437885617,1893.2028855159172,1893.83310801357,71
2024-01-03 14:21:00,1893.83310801357,1894.1742906167844,1892.6491500289947,1892.9903326322092,73
2024-01-03 14:22:00,1892.9903326322092,1893.3475486720235,1890.0182575801748,1890.3754736199892,158
2024-01-03 14:23:00,1890.3754736199892,1890.897637731292,1889.4424368969255,1889.9646010082283,57
2024-01-03 14:24:00,1889.9646010082283,1890.8638107326192,1889.4144281128022,1890.313637837193,72
2024-01-03 14:25:00,1890.313637837193,1890.7147204143498,1889.4463832695167,1889.8474658466735,36
2024-01-03 14:26:00,1889.8474658466735,1892.366314120979,1889.157405184938,1891.6762534592435,142
2024-01-03 14:27:00,1891.6762534592435,1891.8079910744116,1891.557167197718,1891.688904812886,144
2024-01-03 14:28:00,1891.688904812886,1893.2013491080877,1891.3975731874257,1892.9100174826274,138
2024-01-03 14:29:00,1892.9100174826274,1893.6193978843096,1892.4480597399606,1893.1574401416428,41
2024-01-03 14:30:00,1893.1574401416428,1894.1835955171643,1892.9135443397774,1893.939699715299,95
2024-01-03 14:31:00,1893.939699715299,1895.3896010102567,1892.7542317527439,1894.2041330477016,65
2024-01-03 14:32:00,1894.2041330477016,1896.0763124827681,1893.628332366137,1895.5005118012036,155
2024-01-03 14:33:00,1895.5005118012036,1896.1892096705599,1894.8648304652504,1895.5535283346067,74
2024-01-03 14:34:00,1895.5535283346067,1896.4093037571183,1895.1679645914437,1896.0237400139554,89
2024-01-03 14:35:00,1896.0237400139554,1896.9339547543357,1895.4608132430499,1896.3710279834302,96
2024-01-03 14:36:00,1896.3710279834302,1896.4790094325685,1895.9896984390011,1896.0976798881395,154
2024-01-03 14:37:00,1896.0976798881395,1896.9861564150233,1895.59314637891,1896.4816229057938,143
2024-01-03 14:38:00,1896.4816229057938,1898.814138332919,1896.2678437058623,1898.6003591329875,165
2024-01-03 14:39:00,1898.6003591329875,1899.0645407664658,1897.8794896338238,1898.3436712673022,91
2024-01-03 14:40:00,1898.3436712673022,1899.1443171107178,1897.9411696862198,1898.7418155296355,165
2024-01-03 14:41:00,1898.7418155296355,1900.0772682868444,1898.6004615167808,1899.9359142739897,175
2024-01-03 14:42:00,1899.9359142739897,1902.1460145059823,1898.8090181219145,1901.019118353907,109
2024-01-03 14:43:00,1901.019118353907,1901.9162862463595,1900.1330870284964,1901.030254920949,139
2024-01-03 14:44:00,1901.030254920949,1902.1007934575755,1897.6942693675428,1898.7648079041694,182
2024-01-03 14:45:00,1898.7648079041694,1900.3522604861487,1897.6679038862874,1899.2553564682667,169
2024-01-03 14:46:00,1899.2553564682667,1900.0798520793426,1896.323186670074,1897.1476822811499,62
2024-01-03 14:47:00,1897.1476822811499,1898.939630848109,1896.75007771958,1898.542026286539,146
2024-01-03 14:48:00,1898.542026286539,1898.878627514278,1898.3663016922094,1898.7029029199482,94
2024-01-03 14:49:00,1898.7029029199482,1900.6575236091808,1897.6973242124682,1899.6519449017007,38
2024-01-03 14:50:00,1899.6519449017007,1900.2461037012235,1898.2009375130963,1898.795096312619,80
2024-01-03 14:51:00,1898.795096312619,1900.3106851048597,1895.805560731733,1897.3211495239736,195
2024-01-03 14:52:00,1897.3211495239736,1897.9992277980086,1896.8904386538698,1897.5685169279047,191
2024-01-03 14:53:00,1897.5685169279047,1898.8865063503636,1896.2186450905854,1897.5366345130442,159
2024-01-03 14:54:00,1897.5366345130442,1898.0462665867547,1896.560644076838,1897.0702761505484,198
2024-01-03 14:55:00,1897.0702761505484,1898.2266625985956,1895.9941939021103,1897.1505803501575,118
2024-01-03 14:56:00,1897.1505803501575,1900.9903011120975,1895.9359808925428,1899.7757016544829,153
2024-01-03 14:57:00,1899.7757016544829,1900.749740592177,1899.5943683954397,1900.5684073331338,41
2024-01-03 14:58:00,1900.5684073331338,1901.9517478539508,1900.1823887592386,1901.5657292800556,66
2024-01-03 14:59:00,1901.5657292800556,1902.5458191027994,1901.3880401926383,1902.3681300153821,42
2024-01-03 15:00:00,1902.3681300153821,1903.8781958377988,1902.2653050089798,1903.7753708313965,188
2024-01-03 15:01:00,1903.7753708313965,1904.6004141146605,1902.769400663352,1903.594443946616,126
2024-01-03 15:02:00,1903.594443946616,1904.090152340197,1901.1430194485713,1901.6387278421523,187
2024-01-03 15:03:00,1901.6387278421523,1902.2290801547683,1900.8690641825074,1901.4594164951234,89
2024-01-03 15:04:00,1901.4594164951234,1903.0134461799285,1900.6771280650573,1902.2311577498624,86
2024-01-03 15:05:00,1902.2311577498624,1902.3670582937846,1901.1728649417473,1901.3087654856695,138
2024-01-03 15:06:00,1901.3087654856695,1902.3683725642604,1900.0814953432791,1901.14110242187,117
2024-01-03 15:07:00,1901.14110242187,1901.5785579384897,1900.0460709593337,1900.4835264759533,80
2024-01-03 15:08:00,1900.4835264759533,1902.6839066065866,1899.7104372700267,1901.9108174006599,70
2024-01-03 15:09:00,1901.9108174006599,1903.4305012274492,1901.10383377626,1902.6235176030493,107
2024-01-03 15:10:00,1902.6235176030493,1904.3361007413796,1901.5307527184743,1903.2433358568046,24
2024-01-03 15:11:00,1903.2433358568046,1904.3660893645779,1902.7121116274097,1903.834865135183,45
2024-01-03 15:12:00,1903.834865135183,1904.0723212601151,1903.5619507973963,1903.7994069223284,18
2024-01-03 15:13:00,1903.7994069223284,1904.5804109792252,1903.2064566321867,1903.9874606890835,39
2024-01-03 15:14:00,1903.9874606890835,1904.6347018180065,1902.2119312701925,1902.8591723991156,47
2024-01-03 15:15:00,1902.8591723991156,1903.0362258279831,1900.601873383156,1900.7789268120237,24
2024-01-03 15:16:00,1900.7789268120237,1901.5479124387118,1900.1525767102717,1900.9215623369598,20
2024-01-03 15:17:00,1900.9215623369598,1901.6625954399376,1900.4884692660492,1901.229502369027,165
2024-01-03 15:18:00,1901.229502369027,1902.4388754242816,1901.169674050602,1902.3790471058567,44
2024-01-03 15:19:00,1902.3790471058567,1904.7005318620122,1901.5522005159419,1903.8736852720974,115
2024-01-03 15:20:00,1903.8736852720974,1905.7250143422589,1903.5168956026894,1905.3682246728508,28
2024-01-03 15:21:00,1905.3682246728508,1905.7847667684716,1904.000881356162,1904.4174234517827,189
2024-01-03 15:22:00,1904.4174234517827,1904.8124904391182,1903.6869266293318,1904.0819936166672,55
2024-01-03 15:23:00,1904.0819936166672,1905.5812568525369,1903.0400283226497,1904.5392915585194,152
2024-01-03 15:24:00,1904.5392915585194,1907.506827615616,1903.9828114720433,1906.95034752914,131
2024-01-03 15:25:00,1906.95034752914,1908.9642840619902,1906.3476488417396,1908.3615853745898,156
2024-01-03 15:26:00,1908.3615853745898,1909.8342488023836,1907.9570292181638,1909.4296926459576,129
2024-01-03 15:27:00,1909.4296926459576,1910.1791385433553,1908.3100198301715,1909.0594657275692,106
2024-01-03 15:28:00,1909.0594657275692,1910.146888827829,1907.1290023193176,1908.2164254195773,156
2024-01-03 15:29:00,1908.2164254195773,1909.7891689089402,1907.3963854208218,1908.9691289101847,164
2024-01-03 15:30:00,1908.9691289101847,1909.8036017250067,1907.0840919079574,1907.9185647227794,82
2024-01-03 15:31:00,1907.9185647227794,1908.7221720490345,1906.8874988262544,1907.6911061525095,188
2024-01-03 15:32:00,1907.6911061525095,1907.7367955391423,1907.53593632963,1907.5816257162628,197
2024-01-03 15:33:00,1907.5816257162628,1909.3391410563604,1907.3434152924613,1909.1009306325589,147
2024-01-03 15:34:00,1909.1009306325589,1909.5953048948102,1908.2679798947208,1908.7623541569722,186
2024-01-03 15:35:00,1908.7623541569722,1909.0575220378425,1906.1392123348526,1906.434380215723,30
2024-01-03 15:36:00,1906.434380215723,1907.0813037208618,1906.268302020194,1906.9152255253327,112
2024-01-03 15:37:00,1906.9152255253327,1907.057117432589,1906.106845910747,1906.2487378180033,133
2024-01-03 15:38:00,1906.2487378180033,1906.347882432203,1906.1902258720668,1906.2893704862665,186
2024-01-03 15:39:00,1906.2893704862665,1906.7634343560944,1905.7326644916452,1906.206728361473,32
2024-01-03 15:40:00,1906.206728361473,1906.7520475402368,1905.4005409835056,1905.9458601622694,163
2024-01-03 15:41:00,1905.9458601622694,1906.9686200785902,1905.676273425934,1906.6990333422548,24
2024-01-03 15:42:00,1906.6990333422548,1907.3006789032395,1904.6360317903705,1905.2376773513552,78
2024-01-03 15:43:00,1905.2376773513552,1905.6438323937723,1904.339004818383,1904.7451598608002,141
2024-01-03 15:44:00,1904.7451598608002,1906.3838328437196,1903.7579458299665,1905.396618812886,65
2024-01-03 15:45:00,1905.396618812886,1905.906488961842,1904.301711136627,1904.811581285583,168
2024-01-03 15:46:00,1904.811581285583,1905.6476275256173,1902.4432982196151,1903.2793444596493,186
2024-01-03 15:47:00,1903.2793444596493,1904.564123286991,1902.6307894200322,1903.9155682473738,40
2024-01-03 15:48:00,1903.9155682473738,1905.022017557651,1903.8782576128528,1904.98470692313,59
2024-01-03 15:49:00,1904.98470692313,1905.5216497673405,1904.404906487697,1904.9418493319074,24
2024-01-03 15:50:00,1904.9418493319074,1905.0424747230895,1902.973575520424,1903.074200911606,144
2024-01-03 15:51:00,1903.074200911606,1904.2759141828535,1902.5442440461422,1903.7459573173896,178
2024-01-03 15:52:00,1903.7459573173896,1904.0331346093624,1901.8787776034903,1902.165954895463,124
2024-01-03 15:53:00,1902.165954895463,1903.1757203774057,1901.449883149179,1902.4596486311216,35
2024-01-03 15:54:00,1902.4596486311216,1902.519604917144,1901.555510287003,1901.6154665730255,43
2024-01-03 15:55:00,1901.6154665730255,1902.1912085788283,1899.936940404946,1900.5126824107488,16
2024-01-03 15:56:00,1900.5126824107488,1901.3002387773445,1899.3051982481811,1900.0927546147768,103
2024-01-03 15:57:00,1900.0927546147768,1901.0076017419278,1899.0037663081725,1899.9186134353236,147
2024-01-03 15:58:00,1899.9186134353236,1900.1981276482657,1899.0271275994626,1899.3066418124047,38
2024-01-03 15:59:00,1899.3066418124047,1900.442410440009,1898.7299372079856,1899.86570583559,171
2024-01-03 16:00:00,1899.86570583559,1900.5054937243483,1898.802181989553,1899.4419698783113,58
2024-01-03 16:01:00,1899.4419698783113,1901.5310129457093,1898.2838346509861,1900.3728777183842,107
2024-01-03 16:02:00,1900.3728777183842,1900.6471416141833,1900.3657807515503,1900.6400446473494,136
2024-01-03 16:03:00,1900.6400446473494,1900.8638229880266,1899.7533637265276,1899.9771420672048,112
2024-01-03 16:04:00,1899.9771420672048,1901.612109937649,1897.519541203918,1899.154509074362,100
2024-01-03 16:05:00,1899.154509074362,1899.6201407599767,1897.1244523762377,1897.5900840618524,74
2024-01-03 16:06:00,1897.5900840618524,1898.014341025718,1897.4416732957009,1897.8659302595665,91
2024-01-03 16:07:00,1897.8659302595665,1898.2141078840275,1897.1812728224943,1897.5294504469553,55
2024-01-03 16:08:00,1897.5294504469553,1898.0104241489944,1894.7978213065564,1895.2787950085956,65
2024-01-03 16:09:00,1895.2787950085956,1895.9385242698822,1894.1114012280439,1894.7711304893305,153
2024-01-03 16:10:00,1894.7711304893305,1895.6460388468568,1893.0425954986938,1893.91750385622,177
2024-01-03 16:11:00,1893.91750385622,1895.6326336990455,1893.6944756995176,1895.4096055423431,171
2024-01-03 16:12:00,1895.4096055423431,1895.7994533002077,1893.406026315931,1893.7958740737956,72
2024-01-03 16:13:00,1893.7958740737956,1894.7131937552167,1891.51374229356,1892.431061974981,71
2024-01-03 16:14:00,1892.431061974981,1893.5760881525698,1892.3363063126237,1893.4813324902125,21
2024-01-03 16:15:00,1893.4813324902125,1894.8334515000797,1893.4137163359792,1894.7658353458464,62
2024-01-03 16:16:00,1894.7658353458464,1895.2476405906637,1893.578245990923,1894.0600512357403,121
2024-01-03 16:17:00,1894.0600512357403,1894.343186267842,1893.1783119506713,1893.461446982773,60
2024-01-03 16:18:00,1893.461446982773,1894.5017500052827,1893.004552943083,1894.0448559655927,149
2024-01-03 16:19:00,1894.0448559655927,1894.1342453338918,1891.7516508974322,1891.8410402657314,19
2024-01-03 16:20:00,1891.8410402657314,1892.4890783635028,1889.4324608698441,1890.0804989676155,88
2024-01-03 16:21:00,1890.0804989676155,1890.5910389356147,1889.304654636438,1889.8151946044372,63
2024-01-03 16:22:00,1889.8151946044372,1892.054816451165,1889.0400761286319,1891.2796979753596,103
2024-01-03 16:23:00,1891.2796979753596,1891.9227440583086,1890.2246081576372,1890.8676542405863,14
2024-01-03 16:24:00,1890.8676542405863,1891.608540882238,1890.222196656242,1890.9630832978937,89
2024-01-03 16:25:00,1890.9630832978937,1892.0553778007625,1890.9427656243538,1892.0350601272226,159
2024-01-03 16:26:00,1892.0350601272226,1894.7830149406989,1891.2802552052506,1894.028210018727,172
2024-01-03 16:27:00,1894.028210018727,1894.4709566862678,1893.0391797106615,1893.4819263782024,58
2024-01-03 16:28:00,1893.4819263782024,1893.986876528327,1892.9610362120334,1893.465986362158,91
2024-01-03 16:29:00,1893.465986362158,1896.1568756908966,1892.5000968268625,1895.1909861556012,141
2024-01-03 16:30:00,1895.1909861556012,1895.4866247132968,1893.4529184251678,1893.7485569828634,98
2024-01-03 16:31:00,1893.7485569828634,1895.8019871439944,1892.6681169065048,1894.7215470676358,113
2024-01-03 16:32:00,1894.7215470676358,1895.8367711122987,1892.6416108325336,1893.7568348771965,74
2024-01-03 16:33:00,1893.7568348771965,1894.7071526521702,1892.9035459750169,1893.8538637499905,169
2024-01-03 16:34:00,1893.8538637499905,1894.0505655421507,1893.4274194476611,1893.6241212398213,129
2024-01-03 16:35:00,1893.6241212398213,1893.883913027244,1892.4572725146406,1892.7170643020634,192
2024-01-03 16:36:00,1892.7170643020634,1893.6927854191833,1890.8109762877298,1891.7866974048497,158
2024-01-03 16:37:00,1891.7866974048497,1892.657919540235,1891.1769337780981,1892.0481559134835,79
2024-01-03 16:38:00,1892.0481559134835,1893.2757268103949,1891.7623891915666,1892.989960088478,72
2024-01-03 16:39:00,1892.989960088478,1894.0020997635195,1891.8550257483887,1892.8671654234302,26
2024-01-03 16:40:00,1892.8671654234302,1893.1752281907982,1892.6254601040769,1892.933522871445,128
2024-01-03 16:41:00,1892.933522871445,1893.8815369753493,1892.526106036279,1893.4741201401835,152
2024-01-03 16:42:00,1893.4741201401835,1894.240563114207,1891.7878096654888,1892.5542526395122,77
2024-01-03 16:43:00,1892.5542526395122,1893.4005163536374,1892.4079430266086,1893.2542067407337,14
2024-01-03 16:44:00,1893.2542067407337,1894.5565560476225,1892.7274698164808,1894.0298191233696,166
2024-01-03 16:45:00,1894.0298191233696,1897.4775494467297,1893.047761723853,1896.495492047213,52
2024-01-03 16:46:00,1896.495492047213,1897.1443927594569,1895.489951384001,1896.1388520962448,120
2024-01-03 16:47:00,1896.1388520962448,1897.1805138225516,1894.6628970191475,1895.7045587454543,20
2024-01-03 16:48:00,1895.7045587454543,1897.4323151074557,1894.7056684375837,1896.433424799585,21
2024-01-03 16:49:00,1896.433424799585,1897.782212344927,1895.8613255164018,1897.2101130617439,180
2024-01-03 16:50:00,1897.2101130617439,1897.5275229582871,1896.3851167858227,1896.702526682366,137
2024-01-03 16:51:00,1896.702526682366,1896.8520430733256,1896.1706704574078,1896.3201868483675,11
2024-01-03 16:52:00,1896.3201868483675,1897.691899001556,1895.4615533612985,1896.833265514487,29
2024-01-03 16:53:00,1896.833265514487,1896.8523213392,1896.0293150308537,1896.0483708555666,103
2024-01-03 16:54:00,1896.0483708555666,1896.4932090474058,1895.2143365141492,1895.6591747059883,139
2024-01-03 16:55:00,1895.6591747059883,1896.4411511345527,1894.9621169531488,1895.7440933817131,90
2024-01-03 16:56:00,1895.7440933817131,1897.8145857108227,1894.6176234921647,1896.6881158212743,175
2024-01-03 16:57:00,1896.6881158212743,1897.0388895803653,1895.7639745571082,1896.1147483161992,134
2024-01-03 16:58:00,1896.1147483161992,1896.439258221948,1894.043552235188,1894.3680621409367,126
2024-01-03 16:59:00,1894.3680621409367,1894.9159766731152,1892.0047770935348,1892.5526916257134,65
2024-01-03 17:00:00,1892.5526916257134,1893.2528405241683,1890.6607899326268,1891.3609388310817,139
2024-01-03 17:01:00,1891.3609388310817,1891.8696655866422,1889.6103750113525,1890.119101766913,176
2024-01-03 17:02:00,1890.119101766913,1891.0827114292952,1889.0093757304278,1889.97298539281,19
2024-01-03 17:03:00,1889.97298539281,1890.2377477582818,1888.5847473407537,1888.8495097062255,149
2024-01-03 17:04:00,1888.8495097062255,1889.4613426832602,1887.5739775485397,1888.1858105255744,177
2024-01-03 17:05:00,1888.1858105255744,1888.920110817375,1886.7207012416982,1887.4550015334987,92
2024-01-03 17:06:00,1887.4550015334987,1887.8700623112843,1886.624221373127,1887.0392821509126,155
2024-01-03 17:07:00,1887.0392821509126,1889.170699777073,1886.1556733369518,1888.2870909631122,78
2024-01-03 17:08:00,1888.2870909631122,1889.5350120436049,1887.6641434266273,1888.91206450712,46
2024-01-03 17:09:00,1888.91206450712,1889.7919906603847,1888.0473718774092,1888.927298030674,165
2024-01-03 17:10:00,1888.927298030674,1889.5671583995231,1887.8520150985753,1888.4918754674245,69
2024-01-03 17:11:00,1888.4918754674245,1889.2004369058614,1887.3742358528777,1888.0827972913146,153
2024-01-03 17:12:00,1888.0827972913146,1888.7198804556256,1887.7551203628982,1888.3922035272092,69
2024-01-03 17:13:00,1888.3922035272092,1889.2721583641178,1888.0638188521305,1888.943773689039,85
2024-01-03 17:14:00,1888.943773689039,1889.9725529615991,1887.0577751979588,1888.0865544705189,140
2024-01-03 17:15:00,1888.0865544705189,1888.9274143031957,1887.280134049928,1888.1209938826048,74
2024-01-03 17:16:00,1888.1209938826048,1888.3009507916288,1886.0230651939933,1886.2030221030172,163
2024-01-03 17:17:00,1886.2030221030172,1887.036846749834,1885.5688650459622,1886.402689692779,17
2024-01-03 17:18:00,1886.402689692779,1887.4513342068476,1886.0729053686994,1887.121549882768,12
2024-01-03 17:19:00,1887.121549882768,1887.4710184330384,1886.5078195618812,1886.8572881121515,25
2024-01-03 17:20:00,1886.8572881121515,1889.5006168385173,1885.9277229866457,1888.5710517130115,58
2024-01-03 17:21:00,1888.5710517130115,1889.090124946842,1887.2198377684388,1887.7389110022693,20
2024-01-03 17:22:00,1887.7389110022693,1888.555052119472,1887.128005251463,1887.9441463686658,82
2024-01-03 17:23:00,1887.9441463686658,1888.516704732209,1887.3377704447407,1887.910328808284,14
2024-01-03 17:24:00,1887.910328808284,1888.328572999978,1887.3974081154292,1887.8156523071232,153
2024-01-03 17:25:00,1887.8156523071232,1888.5096764491516,1887.0137185760125,1887.707742718041,39
2024-01-03 17:26:00,1887.707742718041,1888.5508525329715,1886.9657244003267,1887.8088342152573,194
2024-01-03 17:27:00,1887.8088342152573,1889.5393117616693,1886.8787486723256,1888.6092262187376,172
2024-01-03 17:28:00,1888.6092262187376,1890.3977283158138,1888.1217268052235,1889.9102289022997,141
2024-01-03 17:29:00,1889.9102289022997,1890.4145864805546,1889.4037449439918,1889.9081025222467,161
2024-01-03 17:30:00,1889.9081025222467,1890.7420211423528,1889.8446201275979,1890.678538747704,157
2024-01-03 17:31:00,1890.678538747704,1891.1682335262462,1889.525436116907,1890.0151308954494,170
2024-01-03 17:32:00,1890.0151308954494,1890.8291244570023,1889.9249710315185,1890.7389645930714,115
2024-01-03 17:33:00,1890.7389645930714,1890.8704607925085,1889.8871048612395,1890.0186010606767,128
2024-01-03 17:34:00,1890.0186010606767,1891.206174095094,1889.8617118095785,1891.0492848439958,99
2024-01-03 17:35:00,1891.0492848439958,1894.2786723176816,1889.9101127954305,1893.1395002691163,128
2024-01-03 17:36:00,1893.1395002691163,1893.6049716846173,1892.5584679382828,1893.0239393537838,82
2024-01-03 17:37:00,1893.0239393537838,1893.6743793164576,1890.2982307330235,1890.9486706956973,33
2024-01-03 17:38:00,1890.9486706956973,1891.321654047127,1890.0574984519858,1890.4304818034154,186
2024-01-03 17:39:00,1890.4304818034154,1891.7047899187464,1890.3205608399026,1891.5948689552336,142
2024-01-03 17:40:00,1891.5948689552336,1893.0398502444095,1890.6729862722952,1892.1179675614712,143
2024-01-03 17:41:00,1892.1179675614712,1892.6078618020965,1891.8635602670574,1892.3534545076827,63
2024-01-03 17:42:00,1892.3534545076827,1893.6657467173782,1891.995540821909,1893.3078330316043,156
2024-01-03 17:43:00,1893.3078330316043,1894.3138871443457,1892.7603886644972,1893.7664427772386,108
2024-01-03 17:44:00,1893.7664427772386,1895.5753140347422,1893.1106150679946,1894.9194863254982,24
2024-01-03 17:45:00,1894.9194863254982,1896.0838935770435,1894.6261959944864,1895.7906032460317,191
2024-01-03 17:46:00,1895.7906032460317,1897.3612542924134,1895.662364909277,1897.2330159556586,198
2024-01-03 17:47:00,1897.2330159556586,1897.8386211959826,1896.967770603526,1897.57337584385,175
2024-01-03 17:48:00,1897.57337584385,1898.717510329468,1897.2881394274857,1898.4322739131037,100
2024-01-03 17:49:00,1898.4322739131037,1898.70822808388,1897.8647897684582,1898.1407439392344,54
2024-01-03 17:50:00,1898.1407439392344,1899.0781657131972,1896.6324935291202,1897.569915303083,12
2024-01-03 17:51:00,1897.569915303083,1899.2980552727058,1897.461130796896,1899.1892707665188,149
2024-01-03 17:52:00,1899.1892707665188,1900.0787316209353,1898.505116712883,1899.3945775672994,179
2024-01-03 17:53:00,1899.3945775672994,1900.7891760566845,1898.7643719691084,1900.1589704584935,29
2024-01-03 17:54:00,1900.1589704584935,1901.2116423166833,1899.2238614494981,1900.276533307688,140
2024-01-03 17:55:00,1900.276533307688,1900.795866450157,1899.1999292012883,1899.7192623437575,15
2024-01-03 17:56:00,1899.7192623437575,1900.600200456553,1898.8487564372597,1899.7296945500552,157
2024-01-03 17:57:00,1899.7296945500552,1901.598541573137,1899.224847765348,1901.0936947884297,15
2024-01-03 17:58:00,1901.0936947884297,1902.3571729650864,1900.3579983139264,1901.621476490583,195
2024-01-03 17:59:00,1901.621476490583,1901.6225941003192,1899.9930718223566,1899.9941894320928,42
2024-01-03 18:00:00,1899.9941894320928,1900.4266872268886,1899.3572100288957,1899.7897078236915,86
2024-01-03 18:01:00,1899.7897078236915,1902.1967240974618,1899.0756832517707,1901.482699525541,142
2024-01-03 18:02:00,1901.482699525541,1902.2170432777095,1900.5450902563623,1901.2794340085309,170
2024-01-03 18:03:00,1901.2794340085309,1902.0299541435543,1898.817307319525,1899.5678274545485,79
2024-01-03 18:04:00,1899.5678274545485,1901.7366068305428,1899.1970354578282,1901.3658148338225,196
2024-01-03 18:05:00,1901.3658148338225,1903.1518527761132,1900.2285157867602,1902.014553729051,13
2024-01-03 18:06:00,1902.014553729051,1902.4102053846393,1901.5523193352576,1901.947970990846,99
2024-01-03 18:07:00,1901.947970990846,1902.6785176874432,1900.864215689483,1901.5947623860802,197
2024-01-03 18:08:00,1901.5947623860802,1903.4209207383003,1900.7977014142355,1902.6238597664556,62
2024-01-03 18:09:00,1902.6238597664556,1903.8483382182778,1900.8837860401993,1902.1082644920216,111
2024-01-03 18:10:00,1902.1082644920216,1903.650604430316,1901.657978571141,1903.2003185094354,94
2024-01-03 18:11:00,1903.2003185094354,1904.0386877183464,1902.8779024207668,1903.7162716296777,84
2024-01-03 18:12:00,1903.7162716296777,1903.9498803299023,1903.7155654109156,1903.94917411114,155
2024-01-03 18:13:00,1903.94917411114,1905.2500954028242,1902.7867792161758,1904.0877005078598,108
2024-01-03 18:14:00,1904.0877005078598,1904.8193434703398,1903.189480302035,1903.921123264515,145
2024-01-03 18:15:00,1903.921123264515,1905.6606150981133,1903.1770395870165,1904.9165314206148,108
2024-01-03 18:16:00,1904.9165314206148,1906.674657646375,1902.3342022617458,1904.092328487506,199
2024-01-03 18:17:00,1904.092328487506,1904.786775597984,1901.8537337813389,1902.5481808918169,99
2024-01-03 18:18:00,1902.5481808918169,1903.2079235797464,1902.4729391729252,1903.1326818608547,161
2024-01-03 18:19:00,1903.1326818608547,1904.2298773773487,1902.636151490455,1903.7333470069489,126
2024-01-03 18:20:00,1903.7333470069489,1904.3904954218874,1903.5333241403312,1904.1904725552697,162
2024-01-03 18:21:00,1904.1904725552697,1904.9992498943218,1903.769891454626,1904.5786687936782,178
2024-01-03 18:22:00,1904.5786687936782,1904.9966226840927,1903.8554677197292,1904.2734216101437,53
2024-01-03 18:23:00,1904.2734216101437,1905.3710607476614,1903.9255736645957,1905.0232128021134,67
2024-01-03 18:24:00,1905.0232128021134,1905.063871736822,1904.9391592229053,1904.9798181576139,67
2024-01-03 18:25:00,1904.9798181576139,1906.1577618315057,1903.33790373247,1904.515847406362,102
2024-01-03 18:26:00,1904.515847406362,1905.2009274759796,1903.5337663633147,1904.2188464329324,103
2024-01-03 18:27:00,1904.2188464329324,1906.6286029706762,1903.7329599933182,1906.142716531062,10
2024-01-03 18:28:00,1906.142716531062,1907.0026458860004,1903.6292311650502,1904.4891605199887,180
2024-01-03 18:29:00,1904.4891605199887,1905.716043899774,1903.7381976537974,1904.9650810335827,173
2024-01-03 18:30:00,1904.9650810335827,1905.6410388209645,1902.6897998802897,1903.3657576676715,124
2024-01-03 18:31:00,1903.3657576676715,1904.1974827574988,1902.4310287628432,1903.2627538526706,68
2024-01-03 18:32:00,1903.2627538526706,1903.88458043089,1902.2282737536805,1902.8501003319,167
2024-01-03 18:33:00,1902.8501003319,1903.6751605207749,1900.0412919912592,1900.866352180134,61
2024-01-03 18:34:00,1900.866352180134,1902.092846104475,1900.0096124884876,1901.2361064128286,68
2024-01-03 18:35:00,1901.2361064128286,1901.868230453173,1900.2427113296587,1900.8748353700032,199
2024-01-03 18:36:00,1900.8748353700032,1901.3607987466726,1898.3937077379219,1898.8796711145912,185
2024-01-03 18:37:00,1898.8796711145912,1900.8281457785188,1897.7283158407076,1899.6767905046352,121
2024-01-03 18:38:00,1899.6767905046352,1901.4284244433532,1899.2881805311954,1901.0398144699134,42
2024-01-03 18:39:00,1901.0398144699134,1903.1758355813465,1900.3201862100884,1902.4562073215216,33
2024-01-03 18:40:00,1902.4562073215216,1903.526012863707,1901.727851233674,1902.7976567758594,193
2024-01-03 18:41:00,1902.7976567758594,1903.1803504851553,1902.4587827256437,1902.8414764349395,60
2024-01-03 18:42:00,1902.8414764349395,1904.3687079745946,1902.5778806480055,1904.1051121876606,139
2024-01-03 18:43:00,1904.1051121876606,1906.1436741867674,1903.6682677813071,1905.706829780414,77
2024-01-03 18:44:00,1905.706829780414,1907.171280141446,1905.3225042289298,1906.7869545899619,104
2024-01-03 18:45:00,1906.7869545899619,1906.8029142928656,1905.8733390784644,1905.889298781368,197
2024-01-03 18:46:00,1905.889298781368,1906.4046331309721,1905.5658349323176,1906.0811692819216,122
2024-01-03 18:47:00,1906.0811692819216,1907.1735068453281,1905.4077084416294,1906.500046005036,91
2024-01-03 18:48:00,1906.500046005036,1907.5537460589499,1903.7213285338762,1904.77502858779,88
2024-01-03 18:49:00,1904.77502858779,1906.0048561505728,1903.9922142569308,1905.2220418197135,53
2024-01-03 18:50:00,1905.2220418197135,1907.8067665153524,1904.8025941879403,1907.3873188835792,115
2024-01-03 18:51:00,1907.3873188835792,1908.8147424264757,1906.5701984044545,1907.997621947351,118
2024-01-03 18:52:00,1907.997621947351,1909.762929884505,1907.6379483379656,1909.4032562751195,28
2024-01-03 18:53:00,1909.4032562751195,1910.323796969539,1908.657344571364,1909.5778852657836,86
2024-01-03 18:54:00,1909.5778852657836,1910.145339380905,1908.9405231045246,1909.507977219646,132
2024-01-03 18:55:00,1909.507977219646,1910.3713574590793,1909.0086173606353,1909.8719976000687,20
2024-01-03 18:56:00,1909.8719976000687,1910.4056899794793,1908.5592429857172,1909.092935365128,195
2024-01-03 18:57:00,1909.092935365128,1909.6568293635078,1907.6090731661332,1908.172967164513,173
2024-01-03 18:58:00,1908.172967164513,1910.4673418632624,1907.0867565278577,1909.381131226607,131
2024-01-03 18:59:00,1909.381131226607,1911.256987992529,1908.8154367482114,1910.6912935141333,12
2024-01-03 19:00:00,1910.6912935141333,1911.6788361673662,1908.7569017568308,1909.7444444100636,108
2024-01-03 19:01:00,1909.7444444100636,1911.6011299624968,1908.8120740272263,1910.6687595796595,180
2024-01-03 19:02:00,1910.6687595796595,1911.4968248194984,1909.7576184854588,1910.5856837252977,14
2024-01-03 19:03:00,1910.5856837252977,1911.0198409952482,1910.4761431541615,1910.910300424112,160
2024-01-03 19:04:00,1910.910300424112,1912.3502788686374,1909.9100402488582,1911.3500186933836,169
2024-01-03 19:05:00,1911.3500186933836,1912.6988557187447,1910.9514575609412,1912.3002945863022,24
2024-01-03 19:06:00,1912.3002945863022,1913.2268478424885,1911.4528323510112,1912.3793856071975,53
2024-01-03 19:07:00,1912.3793856071975,1913.929653685033,1912.1774998944531,1913.7277679722886,147
2024-01-03 19:08:00,1913.7277679722886,1914.1443891013053,1913.6072128148796,1914.0238339438963,183
2024-01-03 19:09:00,1914.0238339438963,1915.952379236111,1912.6926404388216,1914.6211857310363,156
2024-01-03 19:10:00,1914.6211857310363,1914.8290334439694,1913.615646912586,1913.823494625519,109
2024-01-03 19:11:00,1913.823494625519,1916.903070186332,1912.8095652304921,1915.889140791305,124
2024-01-03 19:12:00,1915.889140791305,1916.959495488609,1915.2688523282218,1916.3392070255259,109
2024-01-03 19:13:00,1916.3392070255259,1917.4364102889306,1915.9251762224696,1917.0223794858744,119
2024-01-03 19:14:00,1917.0223794858744,1917.579849986013,1914.9234448905036,1915.4809153906422,156
2024-01-03 19:15:00,1915.4809153906422,1915.5570839848922,1914.6168117842615,1914.6929803785115,19
2024-01-03 19:16:00,1914.6929803785115,1916.4475570587622,1914.1234873021522,1915.8780639824029,49
2024-01-03 19:17:00,1915.8780639824029,1916.312794853077,1915.7181573118728,1916.152888182547,21
2024-01-03 19:18:00,1916.152888182547,1916.575782844078,1913.8964462378972,1914.3193408994282,161
2024-01-03 19:19:00,1914.3193408994282,1916.2421917752683,1913.3902992698454,1915.3131501456855,148
2024-01-03 19:20:00,1915.3131501456855,1915.984932338343,1914.1206107750281,1914.7923929676856,20
2024-01-03 19:21:00,1914.7923929676856,1916.1504152588268,1914.785560190856,1916.143582481997,30
2024-01-03 19:22:00,1916.143582481997,1917.0447006818283,1915.1583113962313,1916.0594295960625,60
2024-01-03 19:23:00,1916.0594295960625,1916.8277003558683,1915.4872739242821,1916.255544684088,55
2024-01-03 19:24:00,1916.255544684088,1917.7524337536252,1915.888244738629,1917.3851338081663,108
2024-01-03 19:25:00,1917.3851338081663,1918.246295940312,1915.6635518360135,1916.5247139681592,104
2024-01-03 19:26:00,1916.5247139681592,1917.035326569326,1915.0626936447934,1915.57330624596,77
2024-01-03 19:27:00,1915.57330624596,1915.701383703719,1915.257025223784,1915.385102681543,41
2024-01-03 19:28:00,1915.385102681543,1917.4602792917206,1914.1021033002344,1916.177279910412,133
2024-01-03 19:29:00,1916.177279910412,1916.745129812451,1914.334331631469,1914.9021815335082,160
2024-01-03 19:30:00,1914.9021815335082,1915.4450301238187,1912.762271396097,1913.3051199864076,131
2024-01-03 19:31:00,1913.3051199864076,1914.5122808547903,1912.8859738516014,1914.0931347199842,163
2024-01-03 19:32:00,1914.0931347199842,1915.1187662145926,1912.490424901141,1913.5160563957495,183
2024-01-03 19:33:00,1913.5160563957495,1913.889165336202,1912.7676820685674,1913.14079100902,170
2024-01-03 19:34:00,1913.14079100902,1913.1579855911793,1911.3474265662999,1911.3646211484593,133
2024-01-03 19:35:00,1911.3646211484593,1911.6784838510541,1910.4018699258922,1910.715732628487,19
2024-01-03 19:36:00,1910.715732628487,1911.7959610816038,1909.628274699007,1910.7085031521237,73
2024-01-03 19:37:00,1910.7085031521237,1912.4889631229262,1909.8168836231735,1911.597343593976,91
2024-01-03 19:38:00,1911.597343593976,1912.0731418024704,1910.3844046169445,1910.860202825439,145
2024-01-03 19:39:00,1910.860202825439,1913.5426976045626,1909.7612150809484,1912.443709860072,170
2024-01-03 19:40:00,1912.443709860072,1913.303228160254,1910.9296041286452,1911.7891224288273,131
2024-01-03 19:41:00,1911.7891224288273,1912.2605655619618,1910.6647155577473,1911.1361586908818,79
2024-01-03 19:42:00,1911.1361586908818,1913.1155260459627,1910.625841138935,1912.6052084940159,159
2024-01-03 19:43:00,1912.6052084940159,1913.5072548977255,1911.9053819847063,1912.807428388416,142
2024-01-03 19:44:00,1912.807428388416,1913.0629521623603,1912.0239461133178,1912.2794698872622,161
2024-01-03 19:45:00,1912.2794698872622,1912.8548320847535,1911.5557787388427,1912.131140936334,121
2024-01-03 19:46:00,1912.131140936334,1914.116858851154,1911.4390500833126,1913.4247679981324,132
2024-01-03 19:47:00,1913.4247679981324,1914.8991040122642,1913.353166378991,1914.8275023931228,75
2024-01-03 19:48:00,1914.8275023931228,1915.3292424990914,1913.5437532654373,1914.0454933714059,85
2024-01-03 19:49:00,1914.0454933714059,1914.503684632643,1913.5466919886946,1914.0048832499317,62
2024-01-03 19:50:00,1914.0048832499317,1915.0589540857125,1913.0370927183578,1914.0911635541386,58
2024-01-03 19:51:00,1914.0911635541386,1914.2229782519437,1913.0154721159925,1913.1472868137976,134
2024-01-03 19:52:00,1913.1472868137976,1913.5752436428108,1912.6660631310874,1913.0940199601007,82
2024-01-03 19:53:00,1913.0940199601007,1913.4887123822389,1912.704419104212,1913.0991115263503,35
2024-01-03 19:54:00,1913.0991115263503,1915.131586935558,1912.1573029876963,1914.189778396904,16
2024-01-03 19:55:00,1914.189778396904,1915.9033209959546,1913.6318561215405,1915.345398720591,173
2024-01-03 19:56:00,1915.345398720591,1916.6078228280994,1913.7676997599015,1915.0301238674099,92
2024-01-03 19:57:00,1915.0301238674099,1915.858176027867,1913.997208349158,1914.8252605096152,119
2024-01-03 19:58:00,1914.8252605096152,1915.87874747763,1914.4077753817694,1915.4612623497842,181
2024-01-03 19:59:00,1915.4612623497842,1916.1275171190248,1914.2345546779964,1914.900809447237,31
2024-01-03 20:00:00,1914.900809447237,1915.9034012795883,1914.4618113664033,1915.4644031987546,188
2024-01-03 20:01:00,1915.4644031987546,1916.3682313157071,1914.4763842081193,1915.3802123250719,143
2024-01-03 20:02:00,1915.3802123250719,1915.4444622040085,1914.387579019307,1914.4518288982435,131
2024-01-03 20:03:00,1914.4518288982435,1914.710655306578,1913.2770935924443,1913.5359200007788,91
2024-01-03 20:04:00,1913.5359200007788,1915.6694175091914,1912.7869218889687,1914.9204193973812,144
2024-01-03 20:05:00,1914.9204193973812,1915.9642590879143,1913.726812364626,1914.7706520551592,48
2024-01-03 20:06:00,1914.7706520551592,1916.6101452489054,1914.5016098004007,1916.341102994147,67
2024-01-03 20:07:00,1916.341102994147,1917.4425135274055,1914.74754132169,1915.8489518549486,192
2024-01-03 20:08:00,1915.8489518549486,1916.6490394499685,1915.32781684961,1916.1279044446298,62
2024-01-03 20:09:00,1916.1279044446298,1918.5675284617323,1915.9806177451726,1918.420241762275,146
2024-01-03 20:10:00,1918.420241762275,1918.9961261528597,1916.8301013045239,1917.4059856951085,186
2024-01-03 20:11:00,1917.4059856951085,1917.4172440055645,1915.5752869437292,1915.5865452541852,122
2024-01-03 20:12:00,1915.5865452541852,1917.3863241485928,1915.019053732153,1916.8188326265606,66
2024-01-03 20:13:00,1916.8188326265606,1917.368388073684,1915.476855547335,1916.0264109944583,171
2024-01-03 20:14:00,1916.0264109944583,1916.843856205781,1915.1891288128838,1916.0065740242067,166
2024-01-03 20:15:00,1916.0065740242067,1916.370705080735,1915.0811313961456,1915.445262452674,113
2024-01-03 20:16:00,1915.445262452674,1915.8522635255654,1915.2950869439558,1915.7020880168473,31
2024-01-03 20:17:00,1915.7020880168473,1916.1183306312741,1914.3753733039996,1914.7916159184265,93
2024-01-03 20:18:00,1914.7916159184265,1915.3788719021186,1914.0320860489112,1914.6193420326033,92
2024-01-03 20:19:00,1914.6193420326033,1915.7128578673658,1913.9564387601247,1915.0499545948871,45
2024-01-03 20:20:00,1915.0499545948871,1915.3220743573763,1913.8123538889595,1914.0844736514487,86
2024-01-03 20:21:00,1914.0844736514487,1915.0034662214775,1912.4954710957215,1913.4144636657504,39
2024-01-03 20:22:00,1913.4144636657504,1913.7506316910676,1912.745951971315,1913.0821199966322,141
2024-01-03 20:23:00,1913.0821199966322,1913.3231042015116,1911.474415161756,1911.7153993666354,92
2024-01-03 20:24:00,1911.7153993666354,1912.0814569890397,1910.9454335752373,1911.3114911976415,148
2024-01-03 20:25:00,1911.3114911976415,1912.4093425803185,1910.32716841088,1911.4250197935569,96
2024-01-03 20:26:00,1911.4250197935569,1911.9475767925496,1910.520608872772,1911.0431658717648,145
2024-01-03 20:27:00,1911.0431658717648,1911.3509879912851,1910.476037656147,1910.7838597756672,149
2024-01-03 20:28:00,1910.7838597756672,1911.711004056042,1909.837701599517,1910.7648458798917,40
2024-01-03 20:29:00,1910.7648458798917,1912.156476624364,1908.746729357454,1910.138360101926,93
2024-01-03 20:30:00,1910.138360101926,1911.451744419153,1909.4849883428456,1910.7983726600726,152
2024-01-03 20:31:00,1910.7983726600726,1913.2158194665346,1909.7528581856338,1912.170304992096,122
2024-01-03 20:32:00,1912.170304992096,1913.139962384514,1910.7566604015894,1911.7263177940076,52
2024-01-03 20:33:00,1911.7263177940076,1912.5321382709442,1911.3842804313026,1912.1901009082392,168
2024-01-03 20:34:00,1912.1901009082392,1912.7738739123683,1911.377231127795,1911.9610041319243,47
2024-01-03 20:35:00,1911.9610041319243,1912.3935713408898,1911.8778356985672,1912.3104029075328,198
2024-01-03 20:36:00,1912.3104029075328,1914.3032293994054,1911.8147046587503,1913.807531150623,144
2024-01-03 20:37:00,1913.807531150623,1914.6288151365152,1913.4729853968402,1914.2942693827324,71
2024-01-03 20:38:00,1914.2942693827324,1914.7139367553737,1912.1771833656494,1912.5968507382906,46
2024-01-03 20:39:00,1912.5968507382906,1913.3180008583195,1912.309855925739,1913.0310060457678,181
2024-01-03 20:40:00,1913.0310060457678,1914.674609676023,1912.5666556991027,1914.210259329358,109
2024-01-03 20:41:00,1914.210259329358,1914.9881972572528,1913.2202305704438,1913.9981684983386,163
2024-01-03 20:42:00,1913.9981684983386,1915.4797111626278,1913.469447431751,1914.9509900960402,168
2024-01-03 20:43:00,1914.9509900960402,1915.0904933059192,1914.1507181667566,1914.2902213766356,22
2024-01-03 20:44:00,1914.2902213766356,1914.578635798081,1912.5799304119173,1912.8683448333627,139
2024-01-03 20:45:00,1912.8683448333627,1913.0107859124003,1912.8609226280232,1913.0033637070608,73
2024-01-03 20:46:00,1913.0033637070608,1913.6700562931455,1910.6565981834456,1911.3232907695303,182
2024-01-03 20:47:00,1911.3232907695303,1912.088996388862,1910.3284451895013,1911.0941508088329,51
2024-01-03 20:48:00,1911.0941508088329,1912.9956069597051,1910.422333018538,1912.3237891694102,16
2024-01-03 20:49:00,1912.3237891694102,1912.5960716295854,1910.2254641910692,1910.4977466512444,136
2024-01-03 20:50:00,1910.4977466512444,1911.1647917361051,1908.6084636936628,1909.2755087785235,114
2024-01-03 20:51:00,1909.2755087785235,1909.6685729720064,1907.8972276400623,1908.290291833545,115
2024-01-03 20:52:00,1908.290291833545,1908.4283616345413,1908.0918056957657,1908.229875496762,60
2024-01-03 20:53:00,1908.229875496762,1909.08534256913,1907.0254725762236,1907.8809396485917,104
2024-01-03 20:54:00,1907.8809396485917,1910.1007554306752,1906.9958166838119,1909.2156324658954,193
2024-01-03 20:55:00,1909.2156324658954,1911.062200949861,1908.2800923562897,1910.1266608402555,155
2024-01-03 20:56:00,1910.1266608402555,1910.940395645105,1909.7859430647454,1910.5996778695949,197
2024-01-03 20:57:00,1910.5996778695949,1911.7627107906437,1909.5757655643824,1910.7387984854313,73
2024-01-03 20:58:00,1910.7387984854313,1911.4991540873507,1910.3541225793142,1911.1144781812336,175
2024-01-03 20:59:00,1911.1144781812336,1911.9372409357231,1909.468041947156,1910.2908047016456,82
2024-01-03 21:00:00,1910.2908047016456,1911.4876160842819,1909.9127538470566,1911.1095652296929,187
2024-01-03 21:01:00,1911.1095652296929,1911.5970160239347,1909.5594952297186,1910.0469460239603,174
2024-01-03 21:02:00,1910.0469460239603,1911.196796236595,1909.6949004493167,1910.8447506619514,41
2024-01-03 21:03:00,1910.8447506619514,1912.4361608682848,1910.3866075424733,1911.9780177488067,194
2024-01-03 21:04:00,1911.9780177488067,1912.7880919466472,1911.369527792923,1912.1796019907636,125
2024-01-03 21:05:00,1912.1796019907636,1912.5964014425463,1911.5943270305052,1912.0111264822879,157
2024-01-03 21:06:00,1912.0111264822879,1913.6392477725296,1910.7657036914109,1912.3938249816526,120
2024-01-03 21:07:00,1912.3938249816526,1912.522739826108,1909.5287351066713,1909.6576499511266,51
2024-01-03 21:08:00,1909.6576499511266,1910.3039567125477,1909.299948049301,1909.9462548107222,197
2024-01-03 21:09:00,1909.9462548107222,1910.1735741921502,1909.610685407473,1909.8380047889011,31
2024-01-03 21:10:00,1909.8380047889011,1910.1956025977154,1909.4320612328734,1909.7896590416876,163
2024-01-03 21:11:00,1909.7896590416876,1911.4315581539915,1908.8224241728383,1910.4643232851422,49
2024-01-03 21:12:00,1910.4643232851422,1911.6021654452704,1909.255059446444,1910.3929016065722,159
2024-01-03 21:13:00,1910.3929016065722,1910.6980875443776,1908.998594126112,1909.3037800639174,90
2024-01-03 21:14:00,1909.3037800639174,1909.6004620137762,1908.8721077870996,1909.1687897369584,54
2024-01-03 21:15:00,1909.1687897369584,1909.364201426627,1909.0378654581814,1909.23327714785,54
2024-01-03 21:16:00,1909.23327714785,1910.41462724111,1908.1616448789214,1909.3429949721815,70
2024-01-03 21:17:00,1909.3429949721815,1910.4985350887168,1908.3420346604842,1909.4975747770195,181
2024-01-03 21:18:00,1909.4975747770195,1911.0225626537103,1908.964923235614,1910.4899111123048,156
2024-01-03 21:19:00,1910.4899111123048,1910.5295898418053,1909.4128033544587,1909.4524820839592,137
2024-01-03 21:20:00,1909.4524820839592,1909.6940681351864,1909.3786418687955,1909.6202279200227,129
2024-01-03 21:21:00,1909.6202279200227,1911.4903309230408,1908.9817628395429,1910.851865842561,89
2024-01-03 21:22:00,1910.851865842561,1911.6343828090035,1908.4120560684014,1909.1945730348439,181
2024-01-03 21:23:00,1909.1945730348439,1909.582258804369,1908.9783774993232,1909.3660632688484,62
2024-01-03 21:24:00,1909.3660632688484,1909.8160416976257,1908.3572339171542,1908.8072123459315,189
2024-01-03 21:25:00,1908.8072123459315,1909.9974368275875,1907.2631805364886,1908.4534050181446,82
2024-01-03 21:26:00,1908.4534050181446,1908.942698344122,1907.1007202119695,1907.5900135379468,74
2024-01-03 21:27:00,1907.5900135379468,1908.7305175963268,1906.2877928535377,1907.4282969119176,100
2024-01-03 21:28:00,1907.4282969119176,1910.0049134804208,1906.6077118738174,1909.1843284423205,152
2024-01-03 21:29:00,1909.1843284423205,1909.3429654603626,1907.8186761092952,1907.9773131273373,145
2024-01-03 21:30:00,1907.9773131273373,1908.4377548575033,1906.4010767222032,1906.8615184523692,155
2024-01-03 21:31:00,1906.8615184523692,1907.3841560480862,1905.0975763909582,1905.6202139866753,26
2024-01-03 21:32:00,1905.6202139866753,1907.4749568161503,1905.4113727597048,1907.26611558918,40
2024-01-03 21:33:00,1907.26611558918,1907.4682893932613,1906.6230393579824,1906.8252131620638,171
2024-01-03 21:34:00,1906.8252131620638,1907.9718748945297,1905.6541068262416,1906.8007685587074,196
2024-01-03 21:35:00,1906.8007685587074,1907.0000422530109,1906.2174814535722,1906.4167551478756,34
2024-01-03 21:36:00,1906.4167551478756,1907.3994056574743,1904.5338728386107,1905.5165233482094,181
2024-01-03 21:37:00,1905.5165233482094,1905.9217849737024,1904.8872200014164,1905.2924816269094,59
2024-01-03 21:38:00,1905.2924816269094,1908.1968263592494,1904.7299734245782,1907.6343181569182,196
2024-01-03 21:39:00,1907.6343181569182,1909.7492958578066,1906.847121587109,1908.9620992879975,198
2024-01-03 21:40:00,1908.9620992879975,1909.3061159786112,1907.8039696137764,1908.14798630439,131
2024-01-03 21:41:00,1908.14798630439,1909.5552489292509,1907.3585572898996,1908.7658199147604,46
2024-01-03 21:42:00,1908.7658199147604,1908.9743344531055,1907.7637142529422,1907.9722287912873,159
2024-01-03 21:43:00,1907.9722287912873,1908.7117529398124,1905.538074581241,1906.2775987297662,29
2024-01-03 21:44:00,1906.2775987297662,1907.6187798288056,1905.908153042729,1907.2493341417685,73
2024-01-03 21:45:00,1907.2493341417685,1908.8415531391236,1906.7634082990653,1908.3556272964204,131
2024-01-03 21:46:00,1908.3556272964204,1910.2527636794293,1907.4566107632781,1909.353747146287,22
2024-01-03 21:47:00,1909.353747146287,1910.1639992459384,1908.09492555951,1908.9051776591614,84
2024-01-03 21:48:00,1908.9051776591614,1908.9821342974706,1908.66904148978,1908.7459981280892,161
2024-01-03 21:49:00,1908.7459981280892,1909.5877067552526,1908.6198455009653,1909.4615541281287,27
2024-01-03 21:50:00,1909.4615541281287,1910.1452280039905,1909.1516535682217,1909.8353274440835,79
2024-01-03 21:51:00,1909.8353274440835,1910.4792796020095,1908.8154839117133,1909.4594360696392,10
2024-01-03 21:52:00,1909.4594360696392,1909.6624125895469,1907.7106835674322,1907.9136600873398,135
2024-01-03 21:53:00,1907.9136600873398,1908.589652618696,1907.346299575208,1908.022292106564,25
2024-01-03 21:54:00,1908.022292106564,1909.7433017867017,1907.3306696489562,1909.051679329094,63
2024-01-03 21:55:00,1909.051679329094,1909.5160500827117,1907.4441796083133,1907.908550361931,109
2024-01-03 21:56:00,1907.908550361931,1909.2909698680776,1907.1354780987463,1908.5178976048928,50
2024-01-03 21:57:00,1908.5178976048928,1909.492334984923,1907.859836854345,1908.8342742343752,53
2024-01-03 21:58:00,1908.8342742343752,1909.91623045779,1908.468272368768,1909.550228592183,168
2024-01-03 21:59:00,1909.550228592183,1910.5494268271714,1909.383570864602,1910.3827690995904,157
2024-01-03 22:00:00,1910.3827690995904,1911.0066412367573,1909.095549746467,1909.719421883634,25
2024-01-03 22:01:00,1909.719421883634,1909.9281475161208,1907.9667268657008,1908.1754524981877,172
2024-01-03 22:02:00,1908.1754524981877,1908.5270954647342,1907.314785100473,1907.6664280670195,98
2024-01-03 22:03:00,1907.6664280670195,1909.2699446903014,1906.9109906106994,1908.5145072339812,37
2024-01-03 22:04:00,1908.5145072339812,1909.627760075451,1906.884043236083,1907.9972960775528,182
2024-01-03 22:05:00,1907.9972960775528,1908.5549779489816,1906.7774978134835,1907.3351796849122,74
2024-01-03 22:06:00,1907.3351796849122,1908.1180241428553,1904.815372436127,1905.5982168940702,71
2024-01-03 22:07:00,1905.5982168940702,1907.2893164781913,1905.5770383373472,1907.2681379214682,37
2024-01-03 22:08:00,1907.2681379214682,1908.7216777782,1906.602026724405,1908.0555665811369,178
2024-01-03 22:09:00,1908.0555665811369,1909.339836186359,1907.505799132295,1908.790068737517,64
2024-01-03 22:10:00,1908.790068737517,1910.7560696802548,1907.7476600985544,1909.7136610412922,122
2024-01-03 22:11:00,1909.7136610412922,1910.6309305497612,1909.347065451061,1910.26433495953,55
2024-01-03 22:12:00,1910.26433495953,1910.745037183721,1909.5502663863135,1910.0309686105045,180
2024-01-03 22:13:00,1910.0309686105045,1911.008371547223,1908.897168418576,1909.8745713552946,159
2024-01-03 22:14:00,1909.8745713552946,1910.412264153022,1908.9285814037912,1909.4662742015187,105
2024-01-03 22:15:00,1909.4662742015187,1912.1313261353787,1909.3166965735686,1911.9817485074286,75
2024-01-03 22:16:00,1911.9817485074286,1914.0629557558048,1910.4319880878625,1912.5131953362386,134
2024-01-03 22:17:00,1912.5131953362386,1912.6743473365316,1911.9085311039019,1912.0696831041948,104
2024-01-03 22:18:00,1912.0696831041948,1913.0637206816045,1911.5206766615183,1912.514714238928,188
2024-01-03 22:19:00,1912.514714238928,1913.2207208725986,1910.8420567654741,1911.5480633991447,138
2024-01-03 22:20:00,1911.5480633991447,1913.662317372176,1910.8717778782582,1912.9860318512895,15
2024-01-03 22:21:00,1912.9860318512895,1913.487166552665,1911.8525891767301,1912.3537238781057,166
2024-01-03 22:22:00,1912.3537238781057,1913.3360168884558,1911.850557164284,1912.8328501746341,46
2024-01-03 22:23:00,1912.8328501746341,1914.3365994173473,1912.3486194457828,1913.852368688496,67
2024-01-03 22:24:00,1913.852368688496,1914.3676012445055,1913.7053312273486,1914.220563783358,92
2024-01-03 22:25:00,1914.220563783358,1915.7085129296222,1912.8230328375946,1914.3109819838587,49
2024-01-03 22:26:00,1914.3109819838587,1914.8113909942178,1913.8209122483336,1914.3213212586927,189
2024-01-03 22:27:00,1914.3213212586927,1915.1241385438632,1913.4644807759394,1914.2672980611098,195
2024-01-03 22:28:00,1914.2672980611098,1914.7133265971083,1913.2692919960136,1913.7153205320121,39
2024-01-03 22:29:00,1913.7153205320121,1914.1535532818614,1912.846996119225,1913.2852288690742,70
2024-01-03 22:30:00,1913.2852288690742,1915.1006706158012,1912.885226325689,1914.700668072416,80
2024-01-03 22:31:00,1914.700668072416,1914.7197549892576,1914.577673574018,1914.5967604908597,137
2024-01-03 22:32:00,1914.5967604908597,1915.1094330688272,1913.331846417009,1913.8445189949766,123
2024-01-03 22:33:00,1913.8445189949766,1914.2627744769634,1912.932206850028,1913.3504623320148,138
2024-01-03 22:34:00,1913.3504623320148,1915.426034699663,1912.327587339691,1914.4031597073392,15
2024-01-03 22:35:00,1914.4031597073392,1915.1660183229162,1914.2869928283867,1915.0498514439637,107
2024-01-03 22:36:00,1915.0498514439637,1915.9399414583252,1914.696290584369,1915.5863805987306,50
2024-01-03 22:37:00,1915.5863805987306,1915.8168187733531,1915.1092903734345,1915.339728548057,53
2024-01-03 22:38:00,1915.339728548057,1917.0163327242255,1914.2122163308793,1915.8888205070477,157
2024-01-03 22:39:00,1915.8888205070477,1916.1303714178027,1915.0307738139898,1915.2723247247447,36
2024-01-03 22:40:00,1915.2723247247447,1916.0621953442635,1914.2338383205524,1915.0237089400712,15
2024-01-03 22:41:00,1915.0237089400712,1916.8988505486036,1914.077166624735,1915.9523082332673,102
2024-01-03 22:42:00,1915.9523082332673,1917.3088649728122,1915.433288662203,1916.789845401748,149
2024-01-03 22:43:00,1916.789845401748,1916.8370477006563,1915.8015856919305,1915.848787990839,107
2024-01-03 22:44:00,1915.848787990839,1915.9008178578588,1914.9772284648693,1915.0292583318892,40
2024-01-03 22:45:00,1915.0292583318892,1916.037194801489,1914.12540576383,1915.1333422334299,156
2024-01-03 22:46:00,1915.1333422334299,1916.8780070829332,1915.0415642158457,1916.786229065349,82
2024-01-03 22:47:00,1916.786229065349,1917.510856475086,1914.2257371915464,1914.9503646012834,144
2024-01-03 22:48:00,1914.9503646012834,1915.8352272104287,1914.3319988741935,1915.2168614833388,48
2024-01-03 22:49:00,1915.2168614833388,1915.9353899368666,1913.1806223344308,1913.8991507879587,183
2024-01-03 22:50:00,1913.8991507879587,1914.653594326471,1912.5376844745329,1913.2921280130452,63
2024-01-03 22:51:00,1913.2921280130452,1913.5087991712935,1912.7268278430436,1912.943499001292,194
2024-01-03 22:52:00,1912.943499001292,1913.144113804395,1912.340679847262,1912.541294650365,81
2024-01-03 22:53:00,1912.541294650365,1913.3882964486745,1911.183839463298,1912.0308412616075,148
2024-01-03 22:54:00,1912.0308412616075,1912.3706765135812,1911.6978960704914,1912.037731322465,105
2024-01-03 22:55:00,1912.037731322465,1912.515669595957,1911.0480786293242,1911.526016902816,24
2024-01-03 22:56:00,1911.526016902816,1912.3468965440002,1909.307374591752,1910.1282542329361,28
2024-01-03 22:57:00,1910.1282542329361,1911.050308887816,1909.9510250688052,1910.8730797236851,86
2024-01-03 22:58:00,1910.8730797236851,1912.3444737013306,1910.1210073243788,1911.5924013020242,46
2024-01-03 22:59:00,1911.5924013020242,1913.5047496237723,1910.4859557822824,1912.3983041040306,125
2024-01-03 23:00:00,1912.3983041040306,1912.9779879804694,1910.3453712087264,1910.9250550851652,36
2024-01-03 23:01:00,1910.9250550851652,1912.164647031319,1909.971068232608,1911.2106601787618,122
2024-01-03 23:02:00,1911.2106601787618,1912.4889939881684,1910.5782953669918,1911.8566291763984,48
2024-01-03 23:03:00,1911.8566291763984,1913.0365649320854,1909.6909381654284,1910.8708739211154,44
2024-01-03 23:04:00,1910.8708739211154,1911.0469904894328,1910.703521799183,1910.8796383675003,79
2024-01-03 23:05:00,1910.8796383675003,1911.4497295480278,1910.1984614044006,1910.768552584928,120
2024-01-03 23:06:00,1910.768552584928,1913.3597610658762,1909.9373058777378,1912.528514358686,85
2024-01-03 23:07:00,1912.528514358686,1914.870248117383,1912.0271073732674,1914.3688411319645,76
2024-01-03 23:08:00,1914.3688411319645,1915.3834611654743,1911.7611250884895,1912.7757451219993,74
2024-01-03 23:09:00,1912.7757451219993,1915.5699698900887,1912.3666818972406,1915.16090666533,74
2024-01-03 23:10:00,1915.16090666533,1916.5274650425363,1912.9179460271598,1914.284504404366,86
2024-01-03 23:11:00,1914.284504404366,1916.6106115515163,1912.897041102823,1915.2231482499733,168
2024-01-03 23:12:00,1915.2231482499733,1916.8354526942392,1914.5402039048474,1916.1525083491133,119
2024-01-03 23:13:00,1916.1525083491133,1916.938736114574,1914.4123334208018,1915.1985611862626,90
2024-01-03 23:14:00,1915.1985611862626,1916.7021854066747,1914.1672898503705,1915.6709140707826,152
2024-01-03 23:15:00,1915.6709140707826,1915.7907529960007,1915.448075512479,1915.567914437697,110
2024-01-03 23:16:00,1915.567914437697,1916.1708881340423,1915.4958691267934,1916.0988428231387,190
2024-01-03 23:17:00,1916.0988428231387,1917.3762743384223,1915.0424067736867,1916.3198382889702,116
2024-01-03 23:18:00,1916.3198382889702,1918.1464353933482,1915.639525729164,1917.466122833542,51
2024-01-03 23:19:00,1917.466122833542,1918.0268058897464,1916.9777278121674,1917.5384108683718,116
2024-01-03 23:20:00,1917.5384108683718,1918.1178896199272,1916.7979796286595,1917.3774583802149,156
2024-01-03 23:21:00,1917.3774583802149,1918.7682042038914,1917.0374969832385,1918.428242806915,50
2024-01-03 23:22:00,1918.428242806915,1919.4875250591197,1917.925684560208,1918.9849668124127,48
2024-01-03 23:23:00,1918.9849668124127,1919.973919576752,1918.6981834991805,1919.6871362635197,123
2024-01-03 23:24:00,1919.6871362635197,1920.61521596823,1918.121157315976,1919.0492370206862,178
2024-01-03 23:25:00,1919.0492370206862,1920.006353922102,1917.089164747706,1918.046281649122,73
2024-01-03 23:26:00,1918.046281649122,1918.8426892760585,1916.7054153492475,1917.501822976184,106
2024-01-03 23:27:00,1917.501822976184,1918.2285064187217,1916.1799264642536,1916.9066099067913,134
2024-01-03 23:28:00,1916.9066099067913,1917.6611628010305,1916.9055922999444,1917.6601451941835,136
2024-01-03 23:29:00,1917.6601451941835,1919.3981679204014,1916.8579253257626,1918.5959480519805,37
2024-01-03 23:30:00,1918.5959480519805,1919.4129755282245,1917.630104403278,1918.447131879522,85
2024-01-03 23:31:00,1918.447131879522,1920.8737581124444,1917.393076890407,1919.8197031233294,198
2024-01-03 23:32:00,1919.8197031233294,1922.5235230548828,1918.4294904444116,1921.133310375965,178
2024-01-03 23:33:00,1921.133310375965,1921.441107207993,1921.0593144269405,1921.3671112589684,156
2024-01-03 23:34:00,1921.3671112589684,1921.7940645462713,1920.150580062237,1920.5775333495399,14
2024-01-03 23:35:00,1920.5775333495399,1922.3816362461703,1920.2862469526442,1922.0903498492746,89
2024-01-03 23:36:00,1922.0903498492746,1922.733272219336,1921.3887870484207,1922.031709418482,19
2024-01-03 23:37:00,1922.031709418482,1922.7347541436948,1921.449911447352,1922.1529561725647,67
2024-01-03 23:38:00,1922.1529561725647,1922.6395311139854,1921.3399948291935,1921.8265697706142,174
2024-01-03 23:39:00,1921.8265697706142,1922.797660988455,1920.0004672074722,1920.9715584253129,83
2024-01-03 23:40:00,1920.9715584253129,1921.124580368492,1919.4079291945247,1919.5609511377038,42
2024-01-03 23:41:00,1919.5609511377038,1920.3445906066715,1919.3847263292926,1920.1683657982603,147
2024-01-03 23:42:00,1920.1683657982603,1920.3510077460162,1919.2335928897917,1919.4162348375476,154
2024-01-03 23:43:00,1919.4162348375476,1922.7906622139399,1918.9780644171196,1922.352491793512,134
2024-01-03 23:44:00,1922.352491793512,1922.4567841830838,1921.2042912750371,1921.308583664609,163
2024-01-03 23:45:00,1921.308583664609,1921.8659614370729,1919.5432960210794,1920.1006737935434,143
2024-01-03 23:46:00,1920.1006737935434,1921.1030419922233,1919.5880644406523,1920.5904326393322,130
2024-01-03 23:47:00,1920.5904326393322,1922.3332970703136,1920.3161606264562,1922.0590250574376,178
2024-01-03 23:48:00,1922.0590250574376,1923.0336308635142,1921.1464918178876,1922.1210976239643,71
2024-01-03 23:49:00,1922.1210976239643,1923.2249785668087,1921.5671762955183,1922.6710572383627,96
2024-01-03 23:50:00,1922.6710572383627,1923.6555744823145,1919.9142723633138,1920.8987896072656,116
2024-01-03 23:51:00,1920.8987896072656,1921.3999552092575,1919.7469084512413,1920.2480740532333,137
2024-01-03 23:52:00,1920.2480740532333,1920.814552184702,1918.6507916536896,1919.2172697851584,100
2024-01-03 23:53:00,1919.2172697851584,1919.5766737575727,1917.0393634516167,1917.3987674240311,93
2024-01-03 23:54:00,1917.3987674240311,1918.0834672135072,1916.82621651282,1917.5109163022962,41
2024-01-03 23:55:00,1917.5109163022962,1918.358360435604,1914.5131489450773,1915.3605930783851,131
2024-01-03 23:56:00,1915.3605930783851,1915.7773548778423,1913.6775902540426,1914.0943520534997,33
2024-01-03 23:57:00,1914.0943520534997,1914.8668306999084,1912.8077536035514,1913.58023224996,100
2024-01-03 23:58:00,1913.58023224996,1913.8431456923895,1912.5219527360177,1912.7848661784471,87
2024-01-03 23:59:00,1912.7848661784471,1914.0283751082977,1911.9204793405195,1913.16398827037,157
2024-01-04 00:00:00,1913.16398827037,1913.8084127781167,1912.8118762719619,1913.4563007797085,100
2024-01-04 00:01:00,1913.4563007797085,1915.211792729735,1912.5559312507019,1914.3114232007283,10
2024-01-04 00:02:00,1914.3114232007283,1915.629435460063,1913.7135593284747,1915.0315715878094,106
2024-01-04 00:03:00,1915.0315715878094,1917.2816221829078,1913.8738672471602,1916.1239178422586,50
2024-01-04 00:04:00,1916.1239178422586,1916.2564875358332,1915.9895102026135,1916.122079896188,82
2024-01-04 00:05:00,1916.122079896188,1916.4219507381808,1916.1129488687816,1916.4128197107743,66
2024-01-04 00:06:00,1916.4128197107743,1917.2417805733096,1916.0739945561468,1916.902955418682,41
2024-01-04 00:07:00,1916.902955418682,1917.08296754587,1916.8587143624359,1917.0387264896237,189
2024-01-04 00:08:00,1917.0387264896237,1917.0836779103556,1916.613056631866,1916.6580080525978,58
2024-01-04 00:09:00,1916.6580080525978,1917.471130322819,1915.5262964595465,1916.3394187297677,106
2024-01-04 00:10:00,1916.3394187297677,1916.9124846048705,1914.9829931617483,1915.5560590368511,167
2024-01-04 00:11:00,1915.5560590368511,1916.3508524349531,1915.1650809753123,1915.9598743734143,79
2024-01-04 00:12:00,1915.9598743734143,1916.3863613247972,1915.4433227714667,1915.8698097228496,188
2024-01-04 00:13:00,1915.8698097228496,1916.215610042823,1914.8887321191535,1915.234532439127,86
2024-01-04 00:14:00,1915.234532439127,1916.4408720247748,1913.3940157800293,1914.6003553656772,189
2024-01-04 00:15:00,1914.6003553656772,1914.8929184082533,1913.1490774059275,1913.4416404485037,95
2024-01-04 00:16:00,1913.4416404485037,1914.4462189340625,1913.3735398538029,1914.3781183393617,12
2024-01-04 00:17:00,1914.3781183393617,1915.3325066811058,1913.4989819707507,1914.4533703124948,174
2024-01-04 00:18:00,1914.4533703124948,1914.9448833772783,1913.1359620450226,1913.627475109806,174
2024-01-04 00:19:00,1913.627475109806,1915.7560311559284,1912.2725486579718,1914.4011047040942,192
2024-01-04 00:20:00,1914.4011047040942,1914.773846823547,1913.4919006743414,1913.8646427937942,33
2024-01-04 00:21:00,1913.8646427937942,1914.761990524454,1911.6213691530816,1912.5187168837413,170
2024-01-04 00:22:00,1912.5187168837413,1914.4834747306497,1911.530512407948,1913.4952702548565,74
2024-01-04 00:23:00,1913.4952702548565,1913.8697035256043,1912.6069707095069,1912.9814039802548,169
2024-01-04 00:24:00,1912.9814039802548,1913.271000458745,1912.3006993239276,1912.5902958024178,193
2024-01-04 00:25:00,1912.5902958024178,1913.4870568844638,1911.7329149740224,1912.6296760560683,47
2024-01-04 00:26:00,1912.6296760560683,1914.5165044914725,1911.8355226481895,1913.7223510835936,80
2024-01-04 00:27:00,1913.7223510835936,1913.7757378217061,1913.6881372511746,1913.741523989287,61
2024-01-04 00:28:00,1913.741523989287,1913.8836543530158,1912.4519935073429,1912.5941238710716,67
2024-01-04 00:29:00,1912.5941238710716,1913.510793650715,1912.1975620725148,1913.1142318521581,123
2024-01-04 00:30:00,1913.1142318521581,1913.9157803159449,1911.8487630164777,1912.6503114802645,88
2024-01-04 00:31:00,1912.6503114802645,1914.9298660838758,1912.1762260627515,1914.455780666363,134
2024-01-04 00:32:00,1914.455780666363,1914.9680311516188,1913.9424583519813,1914.4547088372371,138
2024-01-04 00:33:00,1914.4547088372371,1914.5279291315803,1912.242051426209,1912.3152717205521,48
2024-01-04 00:34:00,1912.3152717205521,1912.8107074345028,1912.161533253517,1912.6569689674677,18
2024-01-04 00:35:00,1912.6569689674677,1914.9079861614603,1912.2656260330775,1914.51664322707,151
2024-01-04 00:36:00,1914.51664322707,1916.3423750399813,1914.1994742245683,1916.0252060374796,44
2024-01-04 00:37:00,1916.0252060374796,1918.399813823547,1915.404675535592,1917.7792833216595,47
2024-01-04 00:38:00,1917.7792833216595,1918.5780022651586,1916.0027268994202,1916.8014458429193,124
2024-01-04 00:39:00,1916.8014458429193,1919.1214322079804,1915.3556669935767,1917.6756533586379,59
2024-01-04 00:40:00,1917.6756533586379,1918.2430739091749,1916.4159571327452,1916.9833776832822,46
2024-01-04 00:41:00,1916.9833776832822,1918.2012063463446,1915.9805285454565,1917.198357208519,68
2024-01-04 00:42:00,1917.198357208519,1917.4551087064726,1915.721354557973,1915.9781060559267,109
2024-01-04 00:43:00,1915.9781060559267,1916.0451231160462,1915.2937074278886,1915.3607244880081,170
2024-01-04 00:44:00,1915.3607244880081,1915.8002271015387,1914.2735936923802,1914.7130963059108,197
2024-01-04 00:45:00,1914.7130963059108,1915.6107727106166,1914.6756576825267,1915.5733340872325,149
2024-01-04 00:46:00,1915.5733340872325,1916.9207780178451,1914.992808255402,1916.3402521860146,180
2024-01-04 00:47:00,1916.3402521860146,1916.881309696399,1916.0644350705884,1916.6054925809729,110
2024-01-04 00:48:00,1916.6054925809729,1916.7795068123073,1915.1373657960664,1915.311380027401,87
2024-01-04 00:49:00,1915.311380027401,1916.5507860309951,1913.7735307466519,1915.0129367502461,165
2024-01-04 00:50:00,1915.0129367502461,1915.3814155889227,1913.9300465529907,1914.2985253916672,67
2024-01-04 00:51:00,1914.2985253916672,1915.1836466978332,1914.2458135948057,1915.1309349009716,164
2024-01-04 00:52:00,1915.1309349009716,1917.178227745213,1914.2118311860613,1916.2591240303027,199
2024-01-04 00:53:00,1916.2591240303027,1917.567069394603,1915.963332924865,1917.2712782891654,84
2024-01-04 00:54:00,1917.2712782891654,1918.2641134318335,1915.5544628956702,1916.5472980383383,130
2024-01-04 00:55:00,1916.5472980383383,1916.8407427395719,1913.6286309353995,1913.922075636633,158
2024-01-04 00:56:00,1913.922075636633,1914.2888807014676,1911.8643568799785,1912.231161944813,158
2024-01-04 00:57:00,1912.231161944813,1914.2964520992705,1911.5251114944306,1913.590401648888,49
2024-01-04 00:58:00,1913.590401648888,1914.3913538267254,1912.4055306708024,1913.2064828486398,192
2024-01-04 00:59:00,1913.2064828486398,1914.0741725868188,1911.6206475072113,1912.4883372453903,105
2024-01-04 01:00:00,1912.4883372453903,1914.5989853394556,1911.9484734779517,1914.059121572017,17
2024-01-04 01:01:00,1914.059121572017,1916.046986754971,1913.2820518560177,1915.2699170389717,32
2024-01-04 01:02:00,1915.2699170389717,1916.1535374882683,1914.4097095404768,1915.2933299897734,148
2024-01-04 01:03:00,1915.2933299897734,1915.94465217144,1914.3610313164502,1915.012353498117,91
2024-01-04 01:04:00,1915.012353498117,1915.5321844569028,1914.3660348121066,1914.8858657708925,30
2024-01-04 01:05:00,1914.8858657708925,1915.1243143525262,1914.8649126051891,1915.103361186823,108
2024-01-04 01:06:00,1915.103361186823,1917.4401594874375,1914.2986908494647,1916.6354891500794,123
2024-01-04 01:07:00,1916.6354891500794,1917.6316290199532,1916.0442073093568,1917.0403471792306,25
2024-01-04 01:08:00,1917.0403471792306,1918.1529403086,1916.6236675246412,1917.7362606540105,76
2024-01-04 01:09:00,1917.7362606540105,1919.923464026068,1916.6702331252845,1918.857436497342,97
2024-01-04 01:10:00,1918.857436497342,1918.885115694053,1917.7075365542016,1917.7352157509126,158
2024-01-04 01:11:00,1917.7352157509126,1919.6653693389715,1916.5288747799668,1918.4590283680257,133
2024-01-04 01:12:00,1918.4590283680257,1919.0259364930287,1917.6095611995947,1918.1764693245977,26
2024-01-04 01:13:00,1918.1764693245977,1918.8728562536605,1915.0669250959788,1915.7633120250416,126
2024-01-04 01:14:00,1915.7633120250416,1916.1862283162463,1913.3018611686841,1913.7247774598889,181
2024-01-04 01:15:00,1913.7247774598889,1913.7886912219221,1912.6866652480899,1912.7505790101231,20
2024-01-04 01:16:00,1912.7505790101231,1913.7791833989413,1912.230023390342,1913.2586277791602,197
2024-01-04 01:17:00,1913.2586277791602,1914.069600031384,1912.556519527049,1913.3674917792728,28
2024-01-04 01:18:00,1913.3674917792728,1914.3767329849009,1912.534631205683,1913.543872411311,128
2024-01-04 01:19:00,1913.543872411311,1915.9092405560334,1913.0451122399463,1915.4104803846687,76
2024-01-04 01:20:00,1915.4104803846687,1915.6756116541617,1913.929935340751,1914.1950666102439,148
2024-01-04 01:21:00,1914.1950666102439,1914.2110159795222,1914.152860845346,1914.1688102146243,170
2024-01-04 01:22:00,1914.1688102146243,1915.8202207320262,1912.808770188468,1914.46018070587,171
2024-01-04 01:23:00,1914.46018070587,1914.6161379979733,1913.5994406318985,1913.7553979240017,175
2024-01-04 01:24:00,1913.7553979240017,1914.902850362465,1912.6350507161924,1913.7825031546556,165
2024-01-04 01:25:00,1913.7825031546556,1913.9989368546055,1912.0350919339533,1912.2515256339032,68
2024-01-04 01:26:00,1912.2515256339032,1914.103823653183,1911.7472752721158,1913.5995732913957,98
2024-01-04 01:27:00,1913.5995732913957,1914.412655616297,1912.134322308059,1912.9474046329601,146
2024-01-04 01:28:00,1912.9474046329601,1915.1507360930984,1912.687054009314,1914.8903854694522,41
2024-01-04 01:29:00,1914.8903854694522,1916.074616847237,1913.675061706345,1914.8592930841298,119
2024-01-04 01:30:00,1914.8592930841298,1916.4473518582467,1914.2555232717593,1915.8435820458762,110
2024-01-04 01:31:00,1915.8435820458762,1916.5948987235217,1915.0412053885004,1915.792522066146,196
2024-01-04 01:32:00,1915.792522066146,1916.2647166631552,1915.2908780671644,1915.7630726641737,19
2024-01-04 01:33:00,1915.7630726641737,1916.5899504552162,1914.3767639581615,1915.203641749204,27
2024-01-04 01:34:00,1915.203641749204,1916.4970882959894,1914.0242684940893,1915.3177150408746,15
2024-01-04 01:35:00,1915.3177150408746,1916.146637129426,1914.793327218709,1915.6222493072603,114
2024-01-04 01:36:00,1915.6222493072603,1916.8591460297705,1913.634181060307,1914.871077782817,114
2024-01-04 01:37:00,1914.871077782817,1915.2112924089006,1914.4111411890494,1914.751355815133,122
2024-01-04 01:38:00,1914.751355815133,1915.6181275184429,1913.3004902963412,1914.1672619996511,55
2024-01-04 01:39:00,1914.1672619996511,1917.130607942569,1913.4048868945597,1916.3682328374775,68
2024-01-04 01:40:00,1916.3682328374775,1916.5335765411335,1916.116910535338,1916.282254238994,89
2024-01-04 01:41:00,1916.282254238994,1918.4201408156646,1915.6249181378116,1917.7628047144822,18
2024-01-04 01:42:00,1917.7628047144822,1918.3409022303,1916.997128583767,1917.5752260995848,152
2024-01-04 01:43:00,1917.5752260995848,1918.0719205697844,1917.3271334083058,1917.8238278785054,19
2024-01-04 01:44:00,1917.8238278785054,1918.5360213021368,1915.8445627039223,1916.5567561275536,136
2024-01-04 01:45:00,1916.5567561275536,1917.187656537308,1915.4974357195872,1916.1283361293415,96
2024-01-04 01:46:00,1916.1283361293415,1916.8771207565621,1915.5812572263396,1916.3300418535603,199
2024-01-04 01:47:00,1916.3300418535603,1918.3987459003893,1915.780991200613,1917.849695247442,141
2024-01-04 01:48:00,1917.849695247442,1918.6034497551827,1917.3088055409598,1918.0625600487006,100
2024-01-04 01:49:00,1918.0625600487006,1919.8242562700998,1917.6278949364919,1919.3895911578911,143
2024-01-04 01:50:00,1919.3895911578911,1920.634193317206,1918.759893391014,1920.0044955503288,32
2024-01-04 01:51:00,1920.0044955503288,1921.8958097005116,1919.6754903440647,1921.5668044942474,44
2024-01-04 01:52:00,1921.5668044942474,1923.164274760045,1919.9126074460314,1921.510077711829,104
2024-01-04 01:53:00,1921.510077711829,1923.8413812833485,1921.4751926535557,1923.8064962250753,173
2024-01-04 01:54:00,1923.8064962250753,1924.1585688930397,1922.9875193729065,1923.339592040871,165
2024-01-04 01:55:00,1923.339592040871,1923.7219045857069,1922.2201963002847,1922.6025088451206,81
2024-01-04 01:56:00,1922.6025088451206,1923.963077470988,1920.0787148969293,1921.4392835227968,63
2024-01-04 01:57:00,1921.4392835227968,1923.7479453403428,1921.3700828926471,1923.678744710193,193
2024-01-04 01:58:00,1923.678744710193,1925.208196400346,1922.937469958965,1924.466921649118,117
2024-01-04 01:59:00,1924.466921649118,1925.1397545354657,1923.4725866131564,1924.1454194995042,32
2024-01-04 02:00:00,1924.1454194995042,1926.0531343150492,1923.4393553344792,1925.3470701500241,52
2024-01-04 02:01:00,1925.3470701500241,1927.063137579585,1924.293025787354,1926.0090932169148,168
2024-01-04 02:02:00,1926.0090932169148,1928.949653744225,1924.961922383751,1927.9024829110613,180
2024-01-04 02:03:00,1927.9024829110613,1928.3066604569217,1926.006269984516,1926.4104475303764,182
2024-01-04 02:04:00,1926.4104475303764,1927.0630355160781,1925.5022633021672,1926.154851287869,11
2024-01-04 02:05:00,1926.154851287869,1926.2950822295816,1925.5691764424034,1925.709407384116,166
2024-01-04 02:06:00,1925.709407384116,1926.324677300511,1923.1937678191457,1923.8090377355406,31
2024-01-04 02:07:00,1923.8090377355406,1925.100761185962,1923.537247814875,1924.8289712652963,163
2024-01-04 02:08:00,1924.8289712652963,1925.3346007285552,1924.0631082398672,1924.568737703126,177
2024-01-04 02:09:00,1924.568737703126,1925.351851816724,1924.4973591368018,1925.2804732503998,78
2024-01-04 02:10:00,1925.2804732503998,1928.2864327731013,1924.546125140943,1927.5520846636446,46
2024-01-04 02:11:00,1927.5520846636446,1927.6278505591556,1927.135870960845,1927.211636856356,145
2024-01-04 02:12:00,1927.211636856356,1927.8468217281948,1926.1706265199805,1926.8058113918191,23
2024-01-04 02:13:00,1926.8058113918191,1927.025533173536,1926.7004110160167,1926.9201327977335,120
2024-01-04 02:14:00,1926.9201327977335,1928.122067875409,1926.6693711203154,1927.8713061979909,72
2024-01-04 02:15:00,1927.8713061979909,1928.894612524521,1926.3017249812885,1927.3250313078188,90
2024-01-04 02:16:00,1927.3250313078188,1928.1295967068772,1925.912431868787,1926.7169972678455,166
2024-01-04 02:17:00,1926.7169972678455,1928.7568420962991,1925.6956047075437,1927.7354495359973,198
2024-01-04 02:18:00,1927.7354495359973,1929.2802999859343,1926.5555573096356,1928.1004077595726,86
2024-01-04 02:19:00,1928.1004077595726,1928.3805290775483,1925.8490657427683,1926.129187060744,65
2024-01-04 02:20:00,1926.129187060744,1927.2837605946247,1923.7944820715923,1924.949055605473,168
2024-01-04 02:21:00,1924.949055605473,1926.4072468237273,1924.9357656663763,1926.3939568846306,88
2024-01-04 02:22:00,1926.3939568846306,1927.6466417239556,1925.5284081531177,1926.7810929924426,47
2024-01-04 02:23:00,1926.7810929924426,1927.168868727266,1925.65902490308,1926.0468006379035,181
2024-01-04 02:24:00,1926.0468006379035,1926.2662356569058,1925.6632571313435,1925.8826921503457,198
2024-01-04 02:25:00,1925.8826921503457,1926.7098878642398,1925.0682425759771,1925.8954382898712,64
2024-01-04 02:26:00,1925.8954382898712,1927.546001685196,1924.953347655727,1926.6039110510517,40
2024-01-04 02:27:00,1926.6039110510517,1927.5339321190197,1924.3654721986975,1925.2954932666655,39
2024-01-04 02:28:00,1925.2954932666655,1925.955538021022,1923.8259107189347,1924.4859554732911,123
2024-01-04 02:29:00,1924.4859554732911,1925.3768267395476,1923.857733965385,1924.7486052316415,68
2024-01-04 02:30:00,1924.7486052316415,1925.5288080108521,1923.8723242176495,1924.6525269968602,128
2024-01-04 02:31:00,1924.6525269968602,1925.8973644522698,1923.9580046519247,1925.2028421073344,154
2024-01-04 02:32:00,1925.2028421073344,1925.9883637207931,1923.2337949259813,1924.01931653944,11
2024-01-04 02:33:00,1924.01931653944,1925.0187004366,1923.3634938780979,1924.3628777752579,173
2024-01-04 02:34:00,1924.3628777752579,1926.315344643195,1923.4607124048796,1925.4131792728167,15
2024-01-04 02:35:00,1925.4131792728167,1925.9308401370913,1925.3641818318397,1925.8818426961143,31
2024-01-04 02:36:00,1925.8818426961143,1926.5430368652924,1925.3546049137929,1926.015799082971,147
2024-01-04 02:37:00,1926.015799082971,1926.06053963552,1925.8787218637144,1925.9234624162634,128
2024-01-04 02:38:00,1925.9234624162634,1926.607535167841,1924.4354599533117,1925.1195327048893,195
2024-01-04 02:39:00,1925.1195327048893,1926.3292073862706,1923.8405550751916,1925.050229756573,117
2024-01-04 02:40:00,1925.050229756573,1926.6579647267108,1924.6549933071913,1926.2627282773292,89
2024-01-04 02:41:00,1926.2627282773292,1926.889593954761,1925.5212225119642,1926.148088189396,137
2024-01-04 02:42:00,1926.148088189396,1927.016966965829,1924.42226228649,1925.2911410629229,154
2024-01-04 02:43:00,1925.2911410629229,1925.5096936449659,1924.5987290012729,1924.817281583316,137
2024-01-04 02:44:00,1924.817281583316,1925.3870711788304,1924.4407920494054,1925.01058164492,80
2024-01-04 02:45:00,1925.01058164492,1925.7282900575624,1923.9333640337948,1924.6510724464372,192
2024-01-04 02:46:00,1924.6510724464372,1925.6559681527526,1924.1131964822262,1925.1180921885416,67
2024-01-04 02:47:00,1925.1180921885416,1925.8228539283843,1924.9165984403016,1925.6213601801444,75
2024-01-04 02:48:00,1925.6213601801444,1927.4793814408981,1924.619261419905,1926.4772826806586,62
2024-01-04 02:49:00,1926.4772826806586,1928.8135899416902,1925.5122029115585,1927.84851017259,66
2024-01-04 02:50:00,1927.84851017259,1929.5314827158481,1927.1254700083941,1928.8084425516522,50
2024-01-04 02:51:00,1928.8084425516522,1929.726973871164,1926.9889271349953,1927.9074584545072,120
2024-01-04 02:52:00,1927.9074584545072,1928.568472144332,1926.3754793654198,1927.0364930552446,148
2024-01-04 02:53:00,1927.0364930552446,1927.8286272423754,1926.1713516679783,1926.9634858551092,91
2024-01-04 02:54:00,1926.9634858551092,1927.419821299762,1926.0724511908975,1926.5287866355502,185
2024-01-04 02:55:00,1926.5287866355502,1927.1510142142172,1924.8100494528398,1925.4322770315068,100
2024-01-04 02:56:00,1925.4322770315068,1925.766315656652,1924.6730145878614,1925.0070532130067,98
2024-01-04 02:57:00,1925.0070532130067,1926.070745770976,1923.4866402830087,1924.550332840978,23
2024-01-04 02:58:00,1924.550332840978,1925.7129707853499,1922.741192501018,1923.90383044539,181
2024-01-04 02:59:00,1923.90383044539,1925.0117905304123,1922.4920960593536,1923.600056144376,38
2024-01-04 03:00:00,1923.600056144376,1925.153810132106,1923.179736217564,1924.733490205294,41
2024-01-04 03:01:00,1924.733490205294,1925.1355190971626,1924.5232013786829,1924.9252302705515,187
2024-01-04 03:02:00,1924.9252302705515,1928.3746687279834,1923.8548156405752,1927.304254098007,108
2024-01-04 03:03:00,1927.304254098007,1928.2564780505652,1926.516340721586,1927.468564674144,22
2024-01-04 03:04:00,1927.468564674144,1928.173370206564,1926.4842128112482,1927.189018343668,93
2024-01-04 03:05:00,1927.189018343668,1927.5269324030976,1926.8550867072715,1927.193000766701,122
2024-01-04 03:06:00,1927.193000766701,1928.1824758912148,1926.450680414992,1927.4401555395057,11
2024-01-04 03:07:00,1927.4401555395057,1928.0195236532988,1927.2802504031674,1927.8596185169606,153
2024-01-04 03:08:00,1927.8596185169606,1930.6851113920086,1927.0359295941325,1929.8614224691805,137
2024-01-04 03:09:00,1929.8614224691805,1930.9721232978545,1927.9350459630145,1929.0457467916885,12
2024-01-04 03:10:00,1929.0457467916885,1931.0828212398123,1927.8372419159778,1929.8743163641016,127
2024-01-04 03:11:00,1929.8743163641016,1930.92730595211,1929.0217930473655,1930.0747826353738,52
2024-01-04 03:12:00,1930.0747826353738,1930.1202883067363,1928.513108897016,1928.5586145683785,149
2024-01-04 03:13:00,1928.5586145683785,1929.9567158658508,1927.903682158629,1929.3017834561012,81
2024-01-04 03:14:00,1929.3017834561012,1931.9298966813135,1927.8964844291938,1930.524597654406,48
2024-01-04 03:15:00,1930.524597654406,1930.7682753433087,1929.453519899493,1929.6971975883955,106
2024-01-04 03:16:00,1929.6971975883955,1930.2532637606714,1929.132511586202,1929.688577758478,94
2024-01-04 03:17:00,1929.688577758478,1930.812046663264,1926.9004106477005,1928.0238795524865,74
2024-01-04 03:18:00,1928.0238795524865,1928.8397426737902,1925.9945119741797,1926.8103750954833,176
2024-01-04 03:19:00,1926.8103750954833,1929.3546572619314,1925.275770060815,1927.820052227263,133
2024-01-04 03:20:00,1927.820052227263,1928.1157612065401,1927.0747597015004,1927.3704686807775,102
2024-01-04 03:21:00,1927.3704686807775,1927.5670455638833,1926.1053547429312,1926.301931626037,53
2024-01-04 03:22:00,1926.301931626037,1927.5725546245421,1925.252313599176,1926.522936597681,118
2024-01-04 03:23:00,1926.522936597681,1926.6400853493328,1925.9025680802715,1926.0197168319232,14
2024-01-04 03:24:00,1926.0197168319232,1926.5216087631359,1925.064419002717,1925.5663109339296,178
2024-01-04 03:25:00,1925.5663109339296,1926.830714313697,1925.0137181980801,1926.2781215778475,10
2024-01-04 03:26:00,1926.2781215778475,1927.2545582764844,1924.1827741029992,1925.1592108016362,142
2024-01-04 03:27:00,1925.1592108016362,1925.9729027811609,1923.4740327329446,1924.2877247124693,75
2024-01-04 03:28:00,1924.2877247124693,1925.189221055237,1923.534475488459,1924.4359718312269,146
2024-01-04 03:29:00,1924.4359718312269,1925.7914004265162,1924.013326772318,1925.3687553676073,78
2024-01-04 03:30:00,1925.3687553676073,1927.606836962651,1924.322631351876,1926.5607129469197,14
2024-01-04 03:31:00,1926.5607129469197,1928.689172034627,1923.7916129681455,1925.9200720558529,190
2024-01-04 03:32:00,1925.9200720558529,1927.6671710442915,1925.0756296252512,1926.8227286136898,155
2024-01-04 03:33:00,1926.8227286136898,1927.4389438722717,1925.4510617583448,1926.0672770169267,18
2024-01-04 03:34:00,1926.0672770169267,1927.903915052086,1925.9893400137973,1927.8259780489566,16
2024-01-04 03:35:00,1927.8259780489566,1928.1583466608465,1926.400752819085,1926.733121430975,110
2024-01-04 03:36:00,1926.733121430975,1928.508930154945,1926.237124769941,1928.0129334939109,191
2024-01-04 03:37:00,1928.0129334939109,1928.3850719464915,1927.0079381890273,1927.380076641608,119
2024-01-04 03:38:00,1927.380076641608,1929.8928144031804,1926.807484433206,1929.3202221947784,12
2024-01-04 03:39:00,1929.3202221947784,1931.1558882273937,1928.0549796821517,1929.890645714767,142
2024-01-04 03:40:00,1929.890645714767,1930.9504533972688,1927.850437634267,1928.9102453167689,91
2024-01-04 03:41:00,1928.9102453167689,1929.4275084769054,1927.8893065797881,1928.4065697399246,131
2024-01-04 03:42:00,1928.4065697399246,1929.2723421440555,1928.294014819949,1929.15978722408,76
2024-01-04 03:43:00,1929.15978722408,1931.2704701658045,1928.0644639227105,1930.175146864435,11
2024-01-04 03:44:00,1930.175146864435,1930.735242936135,1929.5468040539138,1930.1069001256137,13
2024-01-04 03:45:00,1930.1069001256137,1930.2374337129247,1930.0194641664202,1930.1499977537312,130
2024-01-04 03:46:00,1930.1499977537312,1931.7362535446698,1929.2956095149202,1930.8818653058588,130
2024-01-04 03:47:00,1930.8818653058588,1931.984533700852,1929.9064405071613,1931.0091089021544,71
2024-01-04 03:48:00,1931.0091089021544,1931.3664651443491,1929.4028678270638,1929.7602240692586,25
2024-01-04 03:49:00,1929.7602240692586,1930.0208076193844,1928.7152180511566,1928.9758016012825,156
2024-01-04 03:50:00,1928.9758016012825,1929.7387150807328,1928.439658462239,1929.2025719416895,38
2024-01-04 03:51:00,1929.2025719416895,1931.2377166562449,1928.3398831291627,1930.375027843718,45
2024-01-04 03:52:00,1930.375027843718,1932.315056578199,1929.9947251677556,1931.9347539022365,95
2024-01-04 03:53:00,1931.9347539022365,1932.9459061255536,1931.676601668758,1932.687753892075,146
2024-01-04 03:54:00,1932.687753892075,1933.8263837689344,1931.8267456830463,1932.9653755599056,199
2024-01-04 03:55:00,1932.9653755599056,1934.088079971552,1932.5663868054305,1933.6890912170768,128
2024-01-04 03:56:00,1933.6890912170768,1934.4785676975355,1932.2549703138156,1933.0444467942743,192
2024-01-04 03:57:00,1933.0444467942743,1933.1946267884439,1932.7461656717026,1932.896345665872,133
2024-01-04 03:58:00,1932.896345665872,1932.9534071366224,1932.0428045653077,1932.099866036058,171
2024-01-04 03:59:00,1932.099866036058,1932.9708029557423,1930.0225814009427,1930.893518320627,43
2024-01-04 04:00:00,1930.893518320627,1931.8924408706725,1930.2166195828866,1931.2155421329321,20
2024-01-04 04:01:00,1931.2155421329321,1932.3304188442341,1930.2797985121047,1931.3946752234067,137
2024-01-04 04:02:00,1931.3946752234067,1932.432556826324,1931.020857793982,1932.0587393968992,195
2024-01-04 04:03:00,1932.0587393968992,1932.8587534316798,1931.7862854299005,1932.5862994646811,150
2024-01-04 04:04:00,1932.5862994646811,1933.926616335595,1931.4804480909695,1932.8207649618835,75
2024-01-04 04:05:00,1932.8207649618835,1933.3675625918097,1932.81188745673,1933.3586850866561,102
2024-01-04 04:06:00,1933.3586850866561,1934.4225744728788,1932.2535348330346,1933.3174242192572,31
2024-01-04 04:07:00,1933.3174242192572,1934.8073606096423,1932.226612893219,1933.716549283604,74
2024-01-04 04:08:00,1933.716549283604,1934.6289667201825,1932.1020531227039,1933.0144705592822,139
2024-01-04 04:09:00,1933.0144705592822,1933.6858480189223,1932.7004165516983,1933.3717940113384,41
2024-01-04 04:10:00,1933.3717940113384,1934.2823149938224,1933.1074229785297,1934.0179439610138,101
2024-01-04 04:11:00,1934.0179439610138,1934.5167319468926,1932.8715680258201,1933.370356011699,65
2024-01-04 04:12:00,1933.370356011699,1933.4997162300554,1933.291101115184,1933.4204613335403,103
2024-01-04 04:13:00,1933.4204613335403,1933.628550798201,1932.6095289429513,1932.8176184076121,155
2024-01-04 04:14:00,1932.8176184076121,1933.6464761956536,1931.479939909953,1932.3087976979944,178
2024-01-04 04:15:00,1932.3087976979944,1933.1389717321847,1930.3917682189776,1931.221942253168,87
2024-01-04 04:16:00,1931.221942253168,1932.6182727096411,1931.0478579514129,1932.444188407886,167
2024-01-04 04:17:00,1932.444188407886,1934.3153719521667,1931.6026934248855,1933.4738769691662,143
2024-01-04 04:18:00,1933.4738769691662,1934.749356080359,1932.717955016847,1933.9934341280398,185
2024-01-04 04:19:00,1933.9934341280398,1937.065909224777,1932.8280660422392,1935.9005411389765,150
2024-01-04 04:20:00,1935.9005411389765,1936.701593805419,1934.9163080493365,1935.717360715779,114
2024-01-04 04:21:00,1935.717360715779,1939.643717776797,1934.7253212250084,1938.6516782860265,138
2024-01-04 04:22:00,1938.6516782860265,1939.4181640350298,1937.6646423955465,1938.4311281445498,70
2024-01-04 04:23:00,1938.4311281445498,1939.6400225451134,1937.469571112356,1938.6784655129197,137
2024-01-04 04:24:00,1938.6784655129197,1938.7609913730203,1938.210357914913,1938.2928837750135,144
2024-01-04 04:25:00,1938.2928837750135,1939.188113814323,1937.75849172746,1938.6537217667696,126
2024-01-04 04:26:00,1938.6537217667696,1940.0304237406278,1938.0870037878667,1939.463705761725,29
2024-01-04 04:27:00,1939.463705761725,1939.9509682832056,1938.8659748853354,1939.353237406816,108
2024-01-04 04:28:00,1939.353237406816,1941.830727469048,1938.5985910383204,1941.0760811005523,145
2024-01-04 04:29:00,1941.0760811005523,1942.1368823171138,1940.2473833620982,1941.3081845786596,47
2024-01-04 04:30:00,1941.3081845786596,1942.3055225173678,1940.573394386884,1941.5707323255922,159
2024-01-04 04:31:00,1941.5707323255922,1942.0842602291136,1940.174762762361,1940.6882906658825,170
2024-01-04 04:32:00,1940.6882906658825,1941.3910828018782,1940.391586656704,1941.0943787926997,112
2024-01-04 04:33:00,1941.0943787926997,1942.1025878822852,1939.956089960655,1940.9642990502405,193
2024-01-04 04:34:00,1940.9642990502405,1941.6821337480033,1939.656178552524,1940.3740132502867,172
2024-01-04 04:35:00,1940.3740132502867,1940.560754554107,1939.4339465647038,1939.620687868524,98
2024-01-04 04:36:00,1939.620687868524,1942.7192187227893,1939.1132607764916,1942.2117916307568,178
2024-01-04 04:37:00,1942.2117916307568,1942.3062870810045,1941.861431869447,1941.9559273196946,187
2024-01-04 04:38:00,1941.9559273196946,1942.5518173147395,1939.9453365876975,1940.5412265827424,30
2024-01-04 04:39:00,1940.5412265827424,1941.0462196992046,1939.3587697023322,1939.8637628187944,199
2024-01-04 04:40:00,1939.8637628187944,1940.2228351651224,1939.454673180903,1939.813745527231,10
2024-01-04 04:41:00,1939.813745527231,1941.5409987097507,1938.6167084567596,1940.3439616392793,102
2024-01-04 04:42:00,1940.3439616392793,1941.0156825501638,1940.2104887688288,1940.8822096797132,188
2024-01-04 04:43:00,1940.8822096797132,1942.3955837683397,1940.0254501642635,1941.53882425289,147
2024-01-04 04:44:00,1941.53882425289,1942.9699400747954,1939.4816977702064,1940.912813592112,60
2024-01-04 04:45:00,1940.912813592112,1942.2438169582163,1939.9121928355362,1941.2431962016406,132
2024-01-04 04:46:00,1941.2431962016406,1941.8130745382227,1939.822995627972,1940.3928739645542,50
2024-01-04 04:47:00,1940.3928739645542,1940.5348400876512,1939.6497324271359,1939.791698550233,55
2024-01-04 04:48:00,1939.791698550233,1939.8451881239903,1938.8481268512653,1938.9016164250227,183
2024-01-04 04:49:00,1938.9016164250227,1939.323444463739,1937.3277038507451,1937.7495318894614,18
2024-01-04 04:50:00,1937.7495318894614,1939.0958630527387,1937.4342864456178,1938.780617608895,192
2024-01-04 04:51:00,1938.780617608895,1939.7508807792447,1938.4778879480039,1939.4481511183535,96
2024-01-04 04:52:00,1939.4481511183535,1940.8507301998902,1938.9926679598495,1940.3952470413863,22
2024-01-04 04:53:00,1940.3952470413863,1940.9758377665796,1939.852797759423,1940.4333884846164,159
2024-01-04 04:54:00,1940.4333884846164,1941.957793831209,1939.662654935679,1941.1870602822717,19
2024-01-04 04:55:00,1941.1870602822717,1941.288767952191,1939.3758565115002,1939.4775641814194,71
2024-01-04 04:56:00,1939.4775641814194,1940.6318744694709,1939.1602233319552,1940.3145336200066,55
2024-01-04 04:57:00,1940.3145336200066,1941.006545320491,1939.7943560096978,1940.4863677101823,159
2024-01-04 04:58:00,1940.4863677101823,1941.6012539110825,1939.979930324357,1941.094816525257,85
2024-01-04 04:59:00,1941.094816525257,1942.7591562211169,1939.7993074573685,1941.4636471532283,134
2024-01-04 05:00:00,1941.4636471532283,1942.135933954858,1939.8331945014645,1940.5054813030943,23
2024-01-04 05:01:00,1940.5054813030943,1940.5495326135995,1939.0079527949108,1939.052004105416,142
2024-01-04 05:02:00,1939.052004105416,1939.7956299428706,1937.618023238977,1938.3616490764316,145
2024-01-04 05:03:00,1938.3616490764316,1939.7024272973465,1937.5683778519767,1938.9091560728916,64
2024-01-04 05:04:00,1938.9091560728916,1940.1115026867371,1938.3758217407517,1939.5781683545972,177
2024-01-04 05:05:00,1939.5781683545972,1939.6892702227738,1938.1404509980312,1938.2515528662077,99
2024-01-04 05:06:00,1938.2515528662077,1939.5139192233696,1936.0383778227902,1937.300744179952,136
2024-01-04 05:07:00,1937.300744179952,1937.467336758171,1936.433589085438,1936.600181663657,44
2024-01-04 05:08:00,1936.600181663657,1937.4369425169978,1935.417442288005,1936.254203141346,187
2024-01-04 05:09:00,1936.254203141346,1936.9121007874808,1934.2776671721456,1934.9355648182805,56
2024-01-04 05:10:00,1934.9355648182805,1935.7479733730113,1932.747366994891,1933.559775549622,128
2024-01-04 05:11:00,1933.559775549622,1934.799396255811,1931.5256210078026,1932.7652417139916,27
2024-01-04 05:12:00,1932.7652417139916,1933.645563082165,1931.9682745541284,1932.8485959223017,18
2024-01-04 05:13:00,1932.8485959223017,1933.2122730233498,1931.3439637652803,1931.7076408663283,34
2024-01-04 05:14:00,1931.7076408663283,1932.7143856086461,1930.5890468614846,1931.5957916038024,189
2024-01-04 05:15:00,1931.5957916038024,1932.953990279113,1931.2599410109167,1932.6181396862273,49
2024-01-04 05:16:00,1932.6181396862273,1933.2607256389758,1930.7176321662782,1931.3602181190267,177
2024-01-04 05:17:00,1931.3602181190267,1931.440135886424,1931.0809397891326,1931.16085755653,120
2024-01-04 05:18:00,1931.16085755653,1932.3306967701985,1930.9805033892299,1932.1503426028985,26
2024-01-04 05:19:00,1932.1503426028985,1932.749719683793,1931.1468868151333,1931.7462638960278,93
2024-01-04 05:20:00,1931.7462638960278,1932.467790781582,1930.4706448694606,1931.1921717550147,101
2024-01-04 05:21:00,1931.1921717550147,1932.3938552723168,1931.1139552419418,1932.315638759244,60
2024-01-04 05:22:00,1932.315638759244,1933.0873985071883,1931.2480394783909,1932.0197992263352,124
2024-01-04 05:23:00,1932.0197992263352,1933.3498729206322,1931.7566786604602,1933.0867523547572,173
2024-01-04 05:24:00,1933.0867523547572,1934.5762721272383,1932.0118462396797,1933.5013660121608,177
2024-01-04 05:25:00,1933.5013660121608,1933.945235578981,1932.7260511429747,1933.169920709795,109
2024-01-04 05:26:00,1933.169920709795,1933.7791376861453,1933.0243653859447,1933.633582362295,179
2024-01-04 05:27:00,1933.633582362295,1934.5529016973933,1933.0240789979093,1933.9433983330075,185
2024-01-04 05:28:00,1933.9433983330075,1935.1564720767014,1933.717489385388,1934.930563129082,26
2024-01-04 05:29:00,1934.930563129082,1936.0018126574412,1933.3288083305376,1934.4000578588968,130
2024-01-04 05:30:00,1934.4000578588968,1935.0204494725135,1933.8195207542637,1934.4399123678804,156
2024-01-04 05:31:00,1934.4399123678804,1934.9615464340632,1933.8587791087657,1934.3804131749484,12
2024-01-04 05:32:00,1934.3804131749484,1935.871011067588,1933.5708604688896,1935.061458361529,124
2024-01-04 05:33:00,1935.061458361529,1935.2529515798105,1933.878072769706,1934.0695659879875,183
2024-01-04 05:34:00,1934.0695659879875,1935.1346179382654,1933.9879662168623,1935.0530181671402,60
2024-01-04 05:35:00,1935.0530181671402,1936.2429281169605,1934.3142936663428,1935.504203616163,172
2024-01-04 05:36:00,1935.504203616163,1935.6590693811647,1934.0748808432295,1934.2297466082312,187
2024-01-04 05:37:00,1934.2297466082312,1935.5531034893488,1934.0749186764963,1935.398275557614,130
2024-01-04 05:38:00,1935.398275557614,1938.4657266048332,1934.4927544584002,1937.5602055056195,129
2024-01-04 05:39:00,1937.5602055056195,1939.3158921361564,1936.775075691044,1938.530762321581,111
2024-01-04 05:40:00,1938.530762321581,1940.0093991538415,1938.435252423637,1939.9138892558974,87
2024-01-04 05:41:00,1939.9138892558974,1940.3384704535877,1939.5721146226651,1939.9966958203554,96
2024-01-04 05:42:00,1939.9966958203554,1940.227855386567,1938.1538792269528,1938.3850387931643,109
2024-01-04 05:43:00,1938.3850387931643,1939.6540212969185,1935.3287485432725,1936.5977310470266,101
2024-01-04 05:44:00,1936.5977310470266,1937.7767404225244,1935.6657173252213,1936.844726700719,166
2024-01-04 05:45:00,1936.844726700719,1937.2626341617765,1935.8535337236265,1936.271441184684,156
2024-01-04 05:46:00,1936.271441184684,1937.0750888146881,1934.5823595904246,1935.3860072204288,76
2024-01-04 05:47:00,1935.3860072204288,1935.4416725226463,1935.269622391135,1935.3252876933525,107
2024-01-04 05:48:00,1935.3252876933525,1936.241304913056,1935.0049493608137,1935.9209665805172,50
2024-01-04 05:49:00,1935.9209665805172,1936.54189291396,1933.893828350007,1934.5147546834498,43
2024-01-04 05:50:00,1934.5147546834498,1935.2699089972202,1933.3254201799396,1934.08057449371,80
2024-01-04 05:51:00,1934.08057449371,1936.083615256483,1933.537639510047,1935.54068027282,21
2024-01-04 05:52:00,1935.54068027282,1936.2169867169212,1933.8237416272475,1934.5000480713486,172
2024-01-04 05:53:00,1934.5000480713486,1935.9522485555535,1933.8891241163344,1935.3413246005393,33
2024-01-04 05:54:00,1935.3413246005393,1935.858486004332,1934.3551034596812,1934.872264863474,72
2024-01-04 05:55:00,1934.872264863474,1935.8662735005157,1934.4062768305669,1935.4002854676087,57
2024-01-04 05:56:00,1935.4002854676087,1936.878018943769,1934.9844359767942,1936.4621694529544,49
2024-01-04 05:57:00,1936.4621694529544,1937.850916408765,1935.7911545464797,1937.1799015022902,79
2024-01-04 05:58:00,1937.1799015022902,1938.8011596015306,1936.439246257383,1938.0605043566234,146
2024-01-04 05:59:00,1938.0605043566234,1938.7184298718619,1936.2866498692997,1936.9445753845382,179
2024-01-04 06:00:00,1936.9445753845382,1938.1477012182772,1936.8199981146977,1938.0231239484367,45
2024-01-04 06:01:00,1938.0231239484367,1938.2172590265614,1937.002719383415,1937.1968544615397,55
2024-01-04 06:02:00,1937.1968544615397,1938.1840432524111,1936.4610574166018,1937.4482462074732,99
2024-01-04 06:03:00,1937.4482462074732,1938.8500568477466,1936.2966048782434,1937.6984155185169,70
2024-01-04 06:04:00,1937.6984155185169,1938.8089580202306,1937.05788362363,1938.1684261253438,161
2024-01-04 06:05:00,1938.1684261253438,1938.9169105812457,1937.7464810646977,1938.4949655205996,52
2024-01-04 06:06:00,1938.4949655205996,1939.163208524886,1937.0088618187003,1937.6771048229866,86
2024-01-04 06:07:00,1937.6771048229866,1937.8177543926488,1936.2286516636484,1936.3693012333106,113
2024-01-04 06:08:00,1936.3693012333106,1938.3022005783257,1935.2809964902199,1937.213895835235,82
2024-01-04 06:09:00,1937.213895835235,1938.047415938471,1936.560376394947,1937.393896498183,127
2024-01-04 06:10:00,1937.393896498183,1938.829296986497,1937.0718938480932,1938.507294336407,161
2024-01-04 06:11:00,1938.507294336407,1939.0241681182724,1937.9470629949315,1938.4639367767968,111
2024-01-04 06:12:00,1938.4639367767968,1938.8408827902322,1936.7250605441534,1937.1020065575888,96
2024-01-04 06:13:00,1937.1020065575888,1939.1275769419115,1936.0121820451002,1938.0377524294229,190
2024-01-04 06:14:00,1938.0377524294229,1938.5406808172738,1937.1759279296152,1937.6788563174662,196
2024-01-04 06:15:00,1937.6788563174662,1938.6518258926335,1937.0372331764147,1938.010202751582,199
2024-01-04 06:16:00,1938.010202751582,1938.8137231500573,1936.5792908639762,1937.3828112624515,13
2024-01-04 06:17:00,1937.3828112624515,1939.2700592083097,1937.0883842515614,1938.9756321974196,169
2024-01-04 06:18:00,1938.9756321974196,1939.6321566047225,1937.4692888730503,1938.1258132803532,180
2024-01-04 06:19:00,1938.1258132803532,1938.8135131117913,1937.111122790614,1937.798822622052,163
2024-01-04 06:20:00,1937.798822622052,1937.923889507979,1937.777862720915,1937.902929606842,152
2024-01-04 06:21:00,1937.902929606842,1938.5818697730983,1936.1657177749223,1936.8446579411786,79
2024-01-04 06:22:00,1936.8446579411786,1937.7281601232223,1936.2812382507802,1937.164740432824,147
2024-01-04 06:23:00,1937.164740432824,1939.3580201123682,1936.532728824122,1938.7260085036662,120
2024-01-04 06:24:00,1938.7260085036662,1939.3212955379704,1937.6552855958,1938.2505726301042,167
2024-01-04 06:25:00,1938.2505726301042,1939.3155926627753,1937.5684954950627,1938.6335155277338,76
2024-01-04 06:26:00,1938.6335155277338,1939.732116916389,1934.8698403450026,1935.9684417336578,151
2024-01-04 06:27:00,1935.9684417336578,1936.0925320254453,1935.8066685900699,1935.9307588818574,159
2024-01-04 06:28:00,1935.9307588818574,1936.3789912945858,1935.1795123740517,1935.62774478678,168
2024-01-04 06:29:00,1935.62774478678,1936.4661549540645,1933.997181285362,1934.8355914526464,42
2024-01-04 06:30:00,1934.8355914526464,1936.6487735513888,1934.0686237834193,1935.8818058821616,174
2024-01-04 06:31:00,1935.8818058821616,1936.6403176443523,1934.8075095162012,1935.5660212783919,51
2024-01-04 06:32:00,1935.5660212783919,1937.2124910652735,1933.7477917947301,1935.3942615816118,188
2024-01-04 06:33:00,1935.3942615816118,1936.2124443984565,1934.211070302079,1935.0292531189236,17
2024-01-04 06:34:00,1935.0292531189236,1936.0464655989356,1932.1574932465576,1933.1747057265695,52
2024-01-04 06:35:00,1933.1747057265695,1933.6356722991775,1931.6195753773704,1932.0805419499784,125
2024-01-04 06:36:00,1932.0805419499784,1933.2050379504433,1931.8845009612776,1933.0089969617425,113
2024-01-04 06:37:00,1933.0089969617425,1933.466900390119,1930.511816741584,1930.9697201699605,140
2024-01-04 06:38:00,1930.9697201699605,1931.8236384818113,1929.375935990005,1930.2298543018558,86
2024-01-04 06:39:00,1930.2298543018558,1930.9658303907313,1929.1081024199734,1929.844078508849,10
2024-01-04 06:40:00,1929.844078508849,1932.2617737827607,1929.1088424028128,1931.5265376767245,127
2024-01-04 06:41:00,1931.5265376767245,1932.765673414452,1931.0296912240044,1932.268826961732,107
2024-01-04 06:42:00,1932.268826961732,1932.7039289334916,1931.2954233696091,1931.7305253413688,106
2024-01-04 06:43:00,1931.7305253413688,1933.5008744897648,1931.2201606576948,1932.9905098060908,81
2024-01-04 06:44:00,1932.9905098060908,1933.8501693793316,1931.415145206155,1932.274804779396,179
2024-01-04 06:45:00,1932.274804779396,1934.154775978029,1931.3697626438943,1933.2497338425273,160
2024-01-04 06:46:00,1933.2497338425273,1933.4405157696567,1931.7454273783953,1931.9362093055247,44
2024-01-04 06:47:00,1931.9362093055247,1933.847551529748,1931.0615999148786,1932.9729421391019,17
2024-01-04 06:48:00,1932.9729421391019,1933.3012020431236,1932.2521595612861,1932.5804194653078,44
2024-01-04 06:49:00,1932.5804194653078,1933.3410479955794,1930.8259573563462,1931.5865858866177,19
2024-01-04 06:50:00,1931.5865858866177,1932.0918473086638,1930.8716086194572,1931.3768700415033,144
2024-01-04 06:51:00,1931.3768700415033,1932.8291009477114,1930.1924672021714,1931.6446981083795,127
2024-01-04 06:52:00,1931.6446981083795,1932.062573792468,1930.7489833329298,1931.1668590170182,97
2024-01-04 06:53:00,1931.1668590170182,1932.350262828359,1930.5183435317847,1931.7017473431256,122
2024-01-04 06:54:00,1931.7017473431256,1932.5153720415396,1930.3250374928293,1931.1386621912434,163
2024-01-04 06:55:00,1931.1386621912434,1931.979544203714,1930.8967927362112,1931.737674748682,167
2024-01-04 06:56:00,1931.737674748682,1932.716298330947,1931.1861796753376,1932.1648032576027,92
2024-01-04 06:57:00,1932.1648032576027,1932.6414209934037,1931.6293288307947,1932.1059465665958,122
2024-01-04 06:58:00,1932.1059465665958,1932.486945831494,1931.2985486064817,1931.67954787138,119
2024-01-04 06:59:00,1931.67954787138,1932.2355661152303,1931.2698937554537,1931.825911999304,190
2024-01-04 07:00:00,1931.825911999304,1933.366878371127,1930.8164428469645,1932.3574092187876,154
2024-01-04 07:01:00,1932.3574092187876,1934.6982192360474,1932.0086656360786,1934.3494756533385,69
2024-01-04 07:02:00,1934.3494756533385,1936.0578658552704,1933.5496691515682,1935.2580593535001,178
2024-01-04 07:03:00,1935.2580593535001,1936.905140221371,1934.5553746937437,1936.2024555616147,85
2024-01-04 07:04:00,1936.2024555616147,1939.2324030857717,1936.1625004853179,1939.192448009475,153
2024-01-04 07:05:00,1939.192448009475,1940.4760330520824,1938.4091343576847,1939.6927194002922,195
2024-01-04 07:06:00,1939.6927194002922,1940.1963088352343,1939.659159710548,1940.1627491454901,163
2024-01-04 07:07:00,1940.1627491454901,1941.6717606317372,1939.3366895702607,1940.8457010565078,30
2024-01-04 07:08:00,1940.8457010565078,1941.230884206362,1939.4813942665967,1939.8665774164508,49
2024-01-04 07:09:00,1939.8665774164508,1940.4516537736583,1938.8509460851685,1939.436022442376,161
2024-01-04 07:10:00,1939.436022442376,1939.515798422437,1938.865405007677,1938.945180987738,33
2024-01-04 07:11:00,1938.945180987738,1940.2023707860894,1938.3158351895217,1939.5730249878732,12
2024-01-04 07:12:00,1939.5730249878732,1940.5143925123305,1938.462745322154,1939.4041128466113,59
2024-01-04 07:13:00,1939.4041128466113,1939.80698178464,1939.135279448511,1939.5381483865397,102
2024-01-04 07:14:00,1939.5381483865397,1940.9392532587817,1939.191623374506,1940.592728246748,34
2024-01-04 07:15:00,1940.592728246748,1942.1891923428875,1939.8337761740636,1941.430240270203,39
2024-01-04 07:16:00,1941.430240270203,1942.1988362916618,1940.5046592258486,1941.2732552473074,74
2024-01-04 07:17:00,1941.2732552473074,1941.6358332013995,1940.260355511857,1940.622933465949,123
2024-01-04 07:18:00,1940.622933465949,1943.089693691267,1939.2577433306462,1941.7245035559642,113
2024-01-04 07:19:00,1941.7245035559642,1943.2639285190278,1940.9364203274297,1942.4758452904932,161
2024-01-04 07:20:00,1942.4758452904932,1943.328652113767,1940.0629809317836,1940.9157877550574,196
2024-01-04 07:21:00,1940.9157877550574,1941.442260061215,1940.0854127368875,1940.611885043045,16
2024-01-04 07:22:00,1940.611885043045,1940.9104177418365,1940.4739529806275,1940.7724856794189,140
2024-01-04 07:23:00,1940.7724856794189,1942.3727081865661,1939.9280288152806,1941.5282513224279,41
2024-01-04 07:24:00,1941.5282513224279,1942.7749031551305,1941.1650933717235,1942.411745204426,78
2024-01-04 07:25:00,1942.411745204426,1943.481620481008,1941.617601103453,1942.6874763800347,75
2024-01-04 07:26:00,1942.6874763800347,1943.7538923943248,1942.1895368906212,1943.2559529049113,143
2024-01-04 07:27:00,1943.2559529049113,1943.993782752311,1942.5804401690223,1943.318270016422,58
2024-01-04 07:28:00,1943.318270016422,1943.5999576321638,1942.3818282522188,1942.6635158679605,179
2024-01-04 07:29:00,1942.6635158679605,1943.5820382909362,1941.4912190447492,1942.4097414677249,82
2024-01-04 07:30:00,1942.4097414677249,1942.5492460680996,1942.2886812003162,1942.428185800691,164
2024-01-04 07:31:00,1942.428185800691,1943.8832604945344,1940.939430130498,1942.3945048243415,190
2024-01-04 07:32:00,1942.3945048243415,1943.8452499683508,1939.112496456314,1940.5632416003232,107
2024-01-04 07:33:00,1940.5632416003232,1941.7788402946946,1938.9619721314955,1940.177570825867,29
2024-01-04 07:34:00,1940.177570825867,1941.3091099812111,1939.1005561442612,1940.2320952996054,143
2024-01-04 07:35:00,1940.2320952996054,1940.781278967772,1939.4099500869638,1939.9591337551306,90
2024-01-04 07:36:00,1939.9591337551306,1940.9936044008673,1938.6852490711285,1939.7197197168653,74
2024-01-04 07:37:00,1939.7197197168653,1940.7377406664527,1939.1749820097784,1940.193002959366,96
2024-01-04 07:38:00,1940.193002959366,1940.213758628283,1939.1255546980467,1939.1463103669637,66
2024-01-04 07:39:00,1939.1463103669637,1940.310091640919,1936.4040230668559,1937.567804340811,63
2024-01-04 07:40:00,1937.567804340811,1938.5863321281597,1936.2119752648778,1937.2305030522264,198
2024-01-04 07:41:00,1937.2305030522264,1938.5398802560035,1936.661258715529,1937.970635919306,62
2024-01-04 07:42:00,1937.970635919306,1939.7124568822794,1937.8640290748733,1939.6058500378467,97
2024-01-04 07:43:00,1939.6058500378467,1940.718981019786,1939.2512293099217,1940.364360291861,145
2024-01-04 07:44:00,1940.364360291861,1940.4888966880303,1938.8153405601129,1938.9398769562822,51
2024-01-04 07:45:00,1938.9398769562822,1939.887939747621,1937.7665411116807,1938.7146039030195,127
2024-01-04 07:46:00,1938.7146039030195,1939.0034367748501,1938.674541442422,1938.9633743142526,180
2024-01-04 07:47:00,1938.9633743142526,1939.8285271007853,1938.2703928633794,1939.135545649912,164
2024-01-04 07:48:00,1939.135545649912,1939.9130401113573,1938.8809435027379,1939.6584379641831,15
2024-01-04 07:49:00,1939.6584379641831,1939.6868589827486,1938.740636082103,1938.7690571006685,86
2024-01-04 07:50:00,1938.7690571006685,1939.506087625565,1938.0949814000803,1938.8320119249768,10
2024-01-04 07:51:00,1938.8320119249768,1939.6917880584615,1938.3797034703484,1939.2394796038332,125
2024-01-04 07:52:00,1939.2394796038332,1940.9473025682344,1938.3322434943366,1940.0400664587378,71
2024-01-04 07:53:00,1940.0400664587378,1940.1302011505043,1939.16836900422,1939.2585036959865,179
2024-01-04 07:54:00,1939.2585036959865,1939.546505762329,1938.6358274346894,1938.9238295010318,43
2024-01-04 07:55:00,1938.9238295010318,1939.2675782809347,1935.9588324558688,1936.3025812357716,171
2024-01-04 07:56:00,1936.3025812357716,1936.567519335197,1935.4359739303661,1935.7009120297914,75
2024-01-04 07:57:00,1935.7009120297914,1936.9774400380632,1933.9168288282165,1935.1933568364882,184
2024-01-04 07:58:00,1935.1933568364882,1936.5796408622778,1932.8205262272293,1934.2068102530188,47
2024-01-04 07:59:00,1934.2068102530188,1934.9831577215455,1933.5906268589126,1934.3669743274393,61
2024-01-04 08:00:00,1934.3669743274393,1934.6285596708262,1934.0512794859958,1934.3128648293828,76
2024-01-04 08:01:00,1934.3128648293828,1934.7771748886178,1931.663541536248,1932.127851595483,197
2024-01-04 08:02:00,1932.127851595483,1933.2533546682444,1931.2105429975857,1932.336046070347,149
2024-01-04 08:03:00,1932.336046070347,1932.7167755929606,1931.0583994575532,1931.4391289801667,165
2024-01-04 08:04:00,1931.4391289801667,1932.5795581225677,1930.7677391679126,1931.9081683103136,115
2024-01-04 08:05:00,1931.9081683103136,1932.4824437532807,1930.095683419324,1930.669958862291,161
2024-01-04 08:06:00,1930.669958862291,1931.0584936989567,1930.3103903868805,1930.6989252235462,129
2024-01-04 08:07:00,1930.6989252235462,1931.074897708936,1930.0496011707846,1930.4255736561745,136
2024-01-04 08:08:00,1930.4255736561745,1931.410610895742,1929.7330942316728,1930.7181314712402,169
2024-01-04 08:09:00,1930.7181314712402,1931.0405180248615,1930.5161225650722,1930.8385091186935,196
2024-01-04 08:10:00,1930.8385091186935,1931.5921077967143,1929.8385700330332,1930.592168711054,119
2024-01-04 08:11:00,1930.592168711054,1930.988956011412,1928.7124237614455,1929.1092110618035,93
2024-01-04 08:12:00,1929.1092110618035,1929.7366211631124,1927.0569532160114,1927.6843633173203,134
2024-01-04 08:13:00,1927.6843633173203,1928.7959126216329,1926.0100391517908,1927.1215884561034,150
2024-01-04 08:14:00,1927.1215884561034,1927.634897503289,1926.6003012373824,1927.113610284568,197
2024-01-04 08:15:00,1927.113610284568,1928.0459742197233,1925.5951649006752,1926.5275288358305,142
2024-01-04 08:16:00,1926.5275288358305,1927.2423298758836,1926.4149717935866,1927.1297728336397,191
2024-01-04 08:17:00,1927.1297728336397,1927.5265662477186,1926.4639319462553,1926.8607253603343,149
2024-01-04 08:18:00,1926.8607253603343,1927.4491699359255,1925.3425582253176,1925.9310028009088,190
2024-01-04 08:19:00,1925.9310028009088,1927.249439186863,1924.3447692787402,1925.6632056646943,152
2024-01-04 08:20:00,1925.6632056646943,1926.0578332182258,1925.486043099379,1925.8806706529106,178
2024-01-04 08:21:00,1925.8806706529106,1926.7343095451577,1925.3398763607508,1926.193515252998,46
2024-01-04 08:22:00,1926.193515252998,1929.1426768488748,1925.0534145087368,1928.0025761046136,198
2024-01-04 08:23:00,1928.0025761046136,1928.2781803967332,1927.0821423471402,1927.3577466392599,76
2024-01-04 08:24:00,1927.3577466392599,1927.8538924285058,1926.7907910161996,1927.2869368054455,161
2024-01-04 08:25:00,1927.2869368054455,1928.4037761210018,1926.5807290479718,1927.697568363528,84
2024-01-04 08:26:00,1927.697568363528,1928.3470053661506,1927.0255551701578,1927.6749921727803,97
2024-01-04 08:27:00,1927.6749921727803,1928.856658132469,1926.0108116727665,1927.1924776324552,152
2024-01-04 08:28:00,1927.1924776324552,1927.9429126872883,1924.9491841895376,1925.6996192443708,112
2024-01-04 08:29:00,1925.6996192443708,1926.7884293100562,1924.1189522207526,1925.207762286438,146
2024-01-04 08:30:00,1925.207762286438,1925.6464707906302,1923.735503672571,1924.1742121767631,25
2024-01-04 08:31:00,1924.1742121767631,1924.4662321408193,1922.2210461875118,1922.513066151568,168
2024-01-04 08:32:00,1922.513066151568,1923.002833987329,1921.2584468310208,1921.748214666782,87
2024-01-04 08:33:00,1921.748214666782,1921.8791696742576,1920.6111363368184,1920.742091344294,159
2024-01-04 08:34:00,1920.742091344294,1922.0649283318025,1919.9799060517382,1921.3027430392467,64
2024-01-04 08:35:00,1921.3027430392467,1922.3084244925178,1920.8745012839968,1921.880182737268,123
2024-01-04 08:36:00,1921.880182737268,1922.198383364819,1920.6934082626008,1921.0116088901518,121
2024-01-04 08:37:00,1921.0116088901518,1921.7793981781917,1919.9938684919734,1920.7616577800134,36
2024-01-04 08:38:00,1920.7616577800134,1920.8983980281666,1918.8402969037415,1918.9770371518948,100
2024-01-04 08:39:00,1918.9770371518948,1919.8482300881599,1917.631530709156,1918.5027236454212,130
2024-01-04 08:40:00,1918.5027236454212,1919.2775382805237,1918.1106329419097,1918.8854475770122,168
2024-01-04 08:41:00,1918.8854475770122,1920.6978494515145,1917.8645263582775,1919.6769282327798,178
2024-01-04 08:42:00,1919.6769282327798,1920.101893893396,1918.5675525564304,1918.9925182170466,83
2024-01-04 08:43:00,1918.9925182170466,1920.8204230870847,1918.1738641508098,1920.0017690208479,132
2024-01-04 08:44:00,1920.0017690208479,1920.6462327919312,1917.9022396644664,1918.5467034355497,43
2024-01-04 08:45:00,1918.5467034355497,1919.4071724365012,1916.4894183340173,1917.3498873349688,180
2024-01-04 08:46:00,1917.3498873349688,1918.6478077431466,1916.7323019758544,1918.0302223840322,174
2024-01-04 08:47:00,1918.0302223840322,1919.6955855030205,1917.9674897758698,1919.6328528948582,199
2024-01-04 08:48:00,1919.6328528948582,1921.069887157258,1918.6694227600512,1920.1064570224512,102
2024-01-04 08:49:00,1920.1064570224512,1920.6488059103965,1919.525377296068,1920.0677261840133,78
2024-01-04 08:50:00,1920.0677261840133,1920.9459663612881,1917.082035274368,1917.960275451643,153
2024-01-04 08:51:00,1917.960275451643,1918.79958700814,1915.1814773387982,1916.0207888952953,147
2024-01-04 08:52:00,1916.0207888952953,1916.423258405444,1915.7422950666332,1916.1447645767819,50
2024-01-04 08:53:00,1916.1447645767819,1916.3689917700158,1915.5774874287033,1915.8017146219372,112
2024-01-04 08:54:00,1915.8017146219372,1916.6271045966196,1913.9170441782267,1914.742434152909,132
2024-01-04 08:55:00,1914.742434152909,1915.26348214947,1914.2841251630152,1914.8051731595763,96
2024-01-04 08:56:00,1914.8051731595763,1915.8485114183882,1913.8720619698126,1914.9154002286245,80
2024-01-04 08:57:00,1914.9154002286245,1916.3261041924243,1914.4089345102686,1915.8196384740684,55
2024-01-04 08:58:00,1915.8196384740684,1916.9174367827875,1914.8526928335773,1915.9504911422964,88
2024-01-04 08:59:00,1915.9504911422964,1917.8647064311278,1915.2130472501283,1917.1272625389597,56
2024-01-04 09:00:00,1917.1272625389597,1917.820483186164,1916.4417046777482,1917.1349253249525,67
2024-01-04 09:01:00,1917.1349253249525,1917.5666349191888,1916.5926593573877,1917.024368951624,45
2024-01-04 09:02:00,1917.024368951624,1918.7090998103017,1916.35979429155,1918.0445251502279,81
2024-01-04 09:03:00,1918.0445251502279,1919.0770220657873,1916.073681648095,1917.1061785636546,129
2024-01-04 09:04:00,1917.1061785636546,1920.3591004467446,1916.5510539815143,1919.8039758646044,81
2024-01-04 09:05:00,1919.8039758646044,1920.9442239484465,1919.0239381800411,1920.1641862638833,36
2024-01-04 09:06:00,1920.1641862638833,1921.1237797358763,1919.5702201380805,1920.5298136100735,162
2024-01-04 09:07:00,1920.5298136100735,1921.6582287816857,1919.9056296749716,1921.0340448465838,91
2024-01-04 09:08:00,1921.0340448465838,1924.0766851212763,1919.7944261098592,1922.8370663845517,120
2024-01-04 09:09:00,1922.8370663845517,1924.6384067337779,1921.7976573486,1923.5989976978262,109
2024-01-04 09:10:00,1923.5989976978262,1924.206137978588,1921.448115380834,1922.0552556615958,106
2024-01-04 09:11:00,1922.0552556615958,1924.0635470564173,1921.395738081378,1923.4040294761996,93
2024-01-04 09:12:00,1923.4040294761996,1923.7110022421996,1922.7692157829301,1923.07618854893,153
2024-01-04 09:13:00,1923.07618854893,1923.6896449433668,1922.565765839023,1923.1792222334598,172
2024-01-04 09:14:00,1923.1792222334598,1923.8747363250986,1921.2535908121972,1921.949104903836,181
2024-01-04 09:15:00,1921.949104903836,1923.3585613150178,1921.0453152415203,1922.454771652702,94
2024-01-04 09:16:00,1922.454771652702,1923.319295085955,1920.9641294134128,1921.8286528466658,74
2024-01-04 09:17:00,1921.8286528466658,1922.0751022374375,1921.678457896115,1921.9249072868868,25
2024-01-04 09:18:00,1921.9249072868868,1922.8768870004321,1920.6999190960723,1921.6518988096177,94
2024-01-04 09:19:00,1921.6518988096177,1924.0444002516733,1921.1089996204064,1923.501501062462,198
2024-01-04 09:20:00,1923.501501062462,1925.605491577432,1923.3039508789057,1925.4079413938757,59
2024-01-04 09:21:00,1925.4079413938757,1926.5449847489526,1924.315676452454,1925.452719807531,170
2024-01-04 09:22:00,1925.452719807531,1926.6554800609413,1924.3115525833014,1925.5143128367117,153
2024-01-04 09:23:00,1925.5143128367117,1926.1934100227406,1924.4756807623157,1925.1547779483446,135
2024-01-04 09:24:00,1925.1547779483446,1927.0703188115388,1924.3038537334146,1926.2193945966087,117
2024-01-04 09:25:00,1926.2193945966087,1927.0927718658427,1925.0292314106225,1925.9026086798565,153
2024-01-04 09:26:00,1925.9026086798565,1927.0177687297544,1924.3817213517714,1925.4968814016693,28
2024-01-04 09:27:00,1925.4968814016693,1927.2974677846378,1924.638433772275,1926.4390201552435,34
2024-01-04 09:28:00,1926.4390201552435,1926.5053918917058,1925.8541482279152,1925.9205199643775,47
2024-01-04 09:29:00,1925.9205199643775,1927.2724165964185,1924.532266734548,1925.884163366589,155
2024-01-04 09:30:00,1925.884163366589,1926.871613610368,1923.3740024270735,1924.3614526708525,92
2024-01-04 09:31:00,1924.3614526708525,1925.4203519574712,1923.9801117619827,1925.0390110486014,49
2024-01-04 09:32:00,1925.0390110486014,1927.0884070958748,1924.857737287918,1926.9071333351915,18
2024-01-04 09:33:00,1926.9071333351915,1928.374896968799,1926.1342368593791,1927.6020004929867,102
2024-01-04 09:34:00,1927.6020004929867,1929.4822339295079,1927.130650556307,1929.0108839928282,85
2024-01-04 09:35:00,1929.0108839928282,1929.7166015030286,1927.4890963678,1928.1948138780003,43
2024-01-04 09:36:00,1928.1948138780003,1929.2879008202503,1927.3295665632502,1928.4226535055002,14
2024-01-04 09:37:00,1928.4226535055002,1928.7825426312374,1927.1533588977468,1927.513248023484,153
2024-01-04 09:38:00,1927.513248023484,1927.661222555797,1927.1457629378954,1927.2937374702083,158
2024-01-04 09:39:00,1927.2937374702083,1928.7650625292663,1926.5665515833025,1928.0378766423605,56
2024-01-04 09:40:00,1928.0378766423605,1928.5087855830627,1927.6651247010013,1928.1360336417035,103
2024-01-04 09:41:00,1928.1360336417035,1928.770364603909,1926.139820650359,1926.7741516125645,58
2024-01-04 09:42:00,1926.7741516125645,1926.8344868294803,1925.4469343510648,1925.5072695679805,87
2024-01-04 09:43:00,1925.5072695679805,1925.9874739653378,1923.697344575348,1924.1775489727054,30
2024-01-04 09:44:00,1924.1775489727054,1925.5029715879996,1923.3249473773842,1924.6503699926784,189
2024-01-04 09:45:00,1924.6503699926784,1927.4479809739073,1923.8388967022884,1926.6365076835173,146
2024-01-04 09:46:00,1926.6365076835173,1928.2233904861173,1926.36210577746,1927.9489885800601,181
2024-01-04 09:47:00,1927.9489885800601,1928.0767811933833,1925.9935145932088,1926.121307206532,66
2024-01-04 09:48:00,1926.121307206532,1928.0742133656513,1925.53698336915,1927.4898895282693,175
2024-01-04 09:49:00,1927.4898895282693,1929.1872366683813,1926.69499355633,1928.392340696442,108
2024-01-04 09:50:00,1928.392340696442,1929.1265579944154,1926.1681511089505,1926.9023684069239,47
2024-01-04 09:51:00,1926.9023684069239,1927.2830050004607,1926.2296118567149,1926.6102484502517,73
2024-01-04 09:52:00,1926.6102484502517,1928.3586916589747,1925.9171275942258,1927.6655708029489,164
2024-01-04 09:53:00,1927.6655708029489,1929.3539226870755,1926.5077447828446,1928.1960966669712,157
2024-01-04 09:54:00,1928.1960966669712,1928.8532369217828,1926.2768604270696,1926.9340006818811,146
2024-01-04 09:55:00,1926.9340006818811,1927.5737597212837,1926.8826715553055,1927.522430594708,53
2024-01-04 09:56:00,1927.522430594708,1928.1783202335816,1924.806500783657,1925.4623904225305,133
2024-01-04 09:57:00,1925.4623904225305,1926.8269895463868,1923.8832734390878,1925.2478725629442,188
2024-01-04 09:58:00,1925.2478725629442,1926.425208644029,1925.1659609065375,1926.3432969876224,19
2024-01-04 09:59:00,1926.3432969876224,1926.950374164628,1925.753936597551,1926.3610137745568,71
2024-01-04 10:00:00,1926.3610137745568,1926.8515989116313,1925.3898617152047,1925.8804468522792,25
2024-01-04 10:01:00,1925.8804468522792,1927.3518034287097,1925.2654775561593,1926.7368341325898,29
2024-01-04 10:02:00,1926.7368341325898,1928.3290730475212,1926.0836403307908,1927.6758792457222,199
2024-01-04 10:03:00,1927.6758792457222,1929.9570139485545,1926.657410501287,1928.9385452041192,55
2024-01-04 10:04:00,1928.9385452041192,1930.3934788055458,1928.3268880086616,1929.7818216100882,44
2024-01-04 10:05:00,1929.7818216100882,1931.8977108847744,1928.7093410452458,1930.825230319932,24
2024-01-04 10:06:00,1930.825230319932,1932.066798171324,1930.2912216356488,1931.5327894870409,196
2024-01-04 10:07:00,1931.5327894870409,1932.233486811972,1931.0885308082684,1931.7892281331995,99
2024-01-04 10:08:00,1931.7892281331995,1932.1966914326315,1931.4682210945498,1931.8756843939818,160
2024-01-04 10:09:00,1931.8756843939818,1931.9981844043775,1931.5240062424807,1931.6465062528764,57
2024-01-04 10:10:00,1931.6465062528764,1932.3321267805347,1929.7899522364278,1930.475572764086,131
2024-01-04 10:11:00,1930.475572764086,1931.8470994818852,1928.1819432802085,1929.5534699980076,178
2024-01-04 10:12:00,1929.5534699980076,1930.309067450324,1928.5257915345871,1929.2813889869035,137
2024-01-04 10:13:00,1929.2813889869035,1930.3581756254575,1928.4375169272755,1929.5143035658296,108
2024-01-04 10:14:00,1929.5143035658296,1931.3241043300545,1929.094537059908,1930.9043378241329,50
2024-01-04 10:15:00,1930.9043378241329,1931.3892421104238,1930.379080313535,1930.863984599826,54
2024-01-04 10:16:00,1930.863984599826,1932.7927550856753,1929.9040022287043,1931.8327727145536,123
2024-01-04 10:17:00,1931.8327727145536,1934.2316748486476,1930.4763992590592,1932.8753013931532,95
2024-01-04 10:18:00,1932.8753013931532,1934.0302338783622,1931.4966900085249,1932.6516224937338,18
2024-01-04 10:19:00,1932.6516224937338,1934.1175988979055,1931.7603105905052,1933.226286994677,47
2024-01-04 10:20:00,1933.226286994677,1933.8197734114985,1932.397403171914,1932.9908895887356,92
2024-01-04 10:21:00,1932.9908895887356,1934.9301390736373,1932.3294784228597,1934.2687279077613,43
2024-01-04 10:22:00,1934.2687279077613,1935.1725491503466,1933.9798526077038,1934.8836738502891,115
2024-01-04 10:23:00,1934.8836738502891,1934.9037198743108,1933.7119040358023,1933.731950059824,67
2024-01-04 10:24:00,1933.731950059824,1934.032468794784,1933.5876040151602,1933.8881227501204,65
2024-01-04 10:25:00,1933.8881227501204,1936.0816769556245,1933.2882008119718,1935.481755017476,30
2024-01-04 10:26:00,1935.481755017476,1935.9493280318513,1934.8387973226966,1935.306370337072,105
2024-01-04 10:27:00,1935.306370337072,1935.7514337924672,1935.294539756596,1935.7396032119912,45
2024-01-04 10:28:00,1935.7396032119912,1936.8343696247564,1935.1731764416095,1936.2679428543747,129
2024-01-04 10:29:00,1936.2679428543747,1936.7252727891064,1934.8070230754026,1935.2643530101343,188
2024-01-04 10:30:00,1935.2643530101343,1935.8851875784167,1935.137695886308,1935.7585304545903,183
2024-01-04 10:31:00,1935.7585304545903,1936.195637738009,1933.9723590283722,1934.409466311791,136
2024-01-04 10:32:00,1934.409466311791,1934.8654755572957,1933.3483504693986,1933.8043597149033,163
2024-01-04 10:33:00,1933.8043597149033,1935.186312547579,1933.4625257644202,1934.844478597096,185
2024-01-04 10:34:00,1934.844478597096,1936.1288259455496,1933.9052652178962,1935.1896125663498,139
2024-01-04 10:35:00,1935.1896125663498,1935.3455270100615,1934.739086977234,1934.8950014209456,58
2024-01-04 10:36:00,1934.8950014209456,1935.5149649938767,1934.706965447183,1935.326929020114,105
2024-01-04 10:37:00,1935.326929020114,1935.9087814293107,1934.6869275382644,1935.268779947461,172
2024-01-04 10:38:00,1935.268779947461,1935.89874224802,1934.650989038352,1935.2809513389109,136
2024-01-04 10:39:00,1935.2809513389109,1936.6537958367232,1934.5436710327224,1935.9165155305348,78
2024-01-04 10:40:00,1935.9165155305348,1936.2884736175997,1934.8404958324666,1935.2124539195315,41
2024-01-04 10:41:00,1935.2124539195315,1935.4767764406809,1934.98716115557,1935.2514836767193,37
2024-01-04 10:42:00,1935.2514836767193,1935.8291372049955,1934.3716714049845,1934.9493249332606,81
2024-01-04 10:43:00,1934.9493249332606,1935.358598737352,1933.0060200395221,1933.4152938436134,162
2024-01-04 10:44:00,1933.4152938436134,1934.5945484911308,1931.3462275778768,1932.5254822253942,114
2024-01-04 10:45:00,1932.5254822253942,1934.4955801752924,1932.0706837356663,1934.0407816855645,21
2024-01-04 10:46:00,1934.0407816855645,1934.9725644128625,1933.4810342483026,1934.4128169756007,184
2024-01-04 10:47:00,1934.4128169756007,1935.9498190834024,1931.5956317804842,1933.132633888286,86
2024-01-04 10:48:00,1933.132633888286,1933.6368855459743,1931.139527574745,1931.6437792324334,84
2024-01-04 10:49:00,1931.6437792324334,1932.4380872071524,1930.741140907763,1931.5354488824821,165
2024-01-04 10:50:00,1931.5354488824821,1933.8729742158755,1930.7056671146631,1933.0431924480565,81
2024-01-04 10:51:00,1933.0431924480565,1933.9057910432832,1932.0000880822708,1932.8626866774975,127
2024-01-04 10:52:00,1932.8626866774975,1934.8180307136968,1932.170467975438,1934.1258120116372,185
2024-01-04 10:53:00,1934.1258120116372,1935.1214867420417,1933.4704764751737,1934.4661512055782,108
2024-01-04 10:54:00,1934.4661512055782,1935.541264627524,1933.8468468133535,1934.9219602352994,126
2024-01-04 10:55:00,1934.9219602352994,1935.2792973625342,1933.2723656349697,1933.6297027622045,77
2024-01-04 10:56:00,1933.6297027622045,1935.2424202565821,1932.9233963520849,1934.5361138464625,179
2024-01-04 10:57:00,1934.5361138464625,1935.9011437731413,1932.8471148588887,1934.2121447855675,24
2024-01-04 10:58:00,1934.2121447855675,1936.0959060345813,1933.1630854894772,1935.046846738491,62
2024-01-04 10:59:00,1935.046846738491,1935.7446957150894,1933.561269233717,1934.2591182103154,198
2024-01-04 11:00:00,1934.2591182103154,1935.341785598886,1933.347680479142,1934.4303478677125,101
2024-01-04 11:01:00,1934.4303478677125,1935.0149104736956,1934.1862478600472,1934.7708104660303,43
2024-01-04 11:02:00,1934.7708104660303,1935.2503985077135,1934.142212841972,1934.6218008836552,88
2024-01-04 11:03:00,1934.6218008836552,1935.9604461724161,1933.674476569888,1935.013121858649,58
2024-01-04 11:04:00,1935.013121858649,1936.1690094189114,1933.599493380325,1934.7553809405874,109
2024-01-04 11:05:00,1934.7553809405874,1935.0374284974066,1933.8454474588941,1934.1274950157133,54
2024-01-04 11:06:00,1934.1274950157133,1936.0735893689687,1933.734005439184,1935.6800997924395,85
2024-01-04 11:07:00,1935.6800997924395,1938.1212590400028,1934.254159139394,1936.6953183869573,182
2024-01-04 11:08:00,1936.6953183869573,1937.3133775056453,1935.340477673439,1935.958536792127,25
2024-01-04 11:09:00,1935.958536792127,1937.7959230224292,1934.671392864878,1936.5087790951802,155
2024-01-04 11:10:00,1936.5087790951802,1937.1696024501707,1935.1288536791012,1935.7896770340917,24
2024-01-04 11:11:00,1935.7896770340917,1936.4653241354677,1933.9673797808446,1934.6430268822205,96
2024-01-04 11:12:00,1934.6430268822205,1936.1054816486924,1934.1805982292124,1935.6430529956842,136
2024-01-04 11:13:00,1935.6430529956842,1936.5878302901292,1933.049011400241,1933.993788694686,191
2024-01-04 11:14:00,1933.993788694686,1935.9959525571962,1932.8878916221117,1934.890055484622,57
2024-01-04 11:15:00,1934.890055484622,1935.069976658846,1934.4656393656999,1934.6455605399237,20
2024-01-04 11:16:00,1934.6455605399237,1935.089533863361,1933.9969533682379,1934.4409266916753,152
2024-01-04 11:17:00,1934.4409266916753,1935.7718032325909,1933.5063699152602,1934.8372464561758,179
2024-01-04 11:18:00,1934.8372464561758,1935.9299831894084,1934.3067722774647,1935.3995090106973,117
2024-01-04 11:19:00,1935.3995090106973,1935.7889882764075,1934.2103776556326,1934.5998569213427,21
2024-01-04 11:20:00,1934.5998569213427,1936.2654532826084,1933.6285164900755,1935.2941128513412,105
2024-01-04 11:21:00,1935.2941128513412,1936.411562171932,1934.2863661981562,1935.403815518747,84
2024-01-04 11:22:00,1935.403815518747,1935.810133520625,1933.7820108975604,1934.1883288994384,95
2024-01-04 11:23:00,1934.1883288994384,1934.8506805069874,1933.3616926701304,1934.0240442776794,20
2024-01-04 11:24:00,1934.0240442776794,1935.4725989213248,1933.9112030480076,1935.359757691653,70
2024-01-04 11:25:00,1935.359757691653,1937.2163532818226,1935.125569152723,1936.9821647428928,199
2024-01-04 11:26:00,1936.9821647428928,1938.3063318208121,1936.3527432491205,1937.6769103270399,18
2024-01-04 11:27:00,1937.6769103270399,1938.2700314224194,1935.9305386854694,1936.523659780849,183
2024-01-04 11:28:00,1936.523659780849,1937.2052277809723,1936.3171277178542,1936.9986957179776,108
2024-01-04 11:29:00,1936.9986957179776,1938.1266146621551,1936.6948350043065,1937.822753948484,121
2024-01-04 11:30:00,1937.822753948484,1938.6945352207792,1937.6541193975872,1938.5259006698825,187
2024-01-04 11:31:00,1938.5259006698825,1940.0450121061194,1937.7676163433773,1939.2867277796142,51
2024-01-04 11:32:00,1939.2867277796142,1939.820373655097,1939.1053175382697,1939.6389634137524,197
2024-01-04 11:33:00,1939.6389634137524,1939.828429320902,1939.3792706096892,1939.5687365168387,62
2024-01-04 11:34:00,1939.5687365168387,1939.7094837066757,1938.8380040393176,1938.9787512291546,76
2024-01-04 11:35:00,1938.9787512291546,1939.722233053513,1936.3952410840072,1937.1387229083657,95
2024-01-04 11:36:00,1937.1387229083657,1937.5849968118273,1937.021415614013,1937.4676895174746,124
2024-01-04 11:37:00,1937.4676895174746,1938.2415155847375,1936.8740991367713,1937.6479252040342,71
2024-01-04 11:38:00,1937.6479252040342,1939.4051156702562,1936.4309275753087,1938.1881180415307,160
2024-01-04 11:39:00,1938.1881180415307,1939.417437764099,1935.6625926721117,1936.89191239468,14
2024-01-04 11:40:00,1936.89191239468,1937.635116396341,1936.7733721974662,1937.516576199127,136
2024-01-04 11:41:00,1937.516576199127,1940.204539366246,1936.8189706206963,1939.5069337878153,134
2024-01-04 11:42:00,1939.5069337878153,1939.7812475924577,1939.308697269473,1939.5830110741153,111
2024-01-04 11:43:00,1939.5830110741153,1939.7020450302382,1939.4041746152398,1939.5232085713626,126
2024-01-04 11:44:00,1939.5232085713626,1940.3607917296329,1938.985284033658,1939.8228671919283,152
2024-01-04 11:45:00,1939.8228671919283,1942.8536100183971,1938.763311282646,1941.794054109115,181
2024-01-04 11:46:00,1941.794054109115,1942.6090577806858,1939.9851938689587,1940.8001975405296,51
2024-01-04 11:47:00,1940.8001975405296,1941.3020714505647,1940.4955156587307,1940.9973895687658,100
2024-01-04 11:48:00,1940.9973895687658,1941.853040364746,1939.365672288171,1940.2213230841512,116
2024-01-04 11:49:00,1940.2213230841512,1940.50983590636,1939.402155150337,1939.6906679725457,75
2024-01-04 11:50:00,1939.6906679725457,1939.9804715992918,1939.3527694170893,1939.6425730438355,195
2024-01-04 11:51:00,1939.6425730438355,1941.2116942413043,1939.380114605909,1940.9492358033779,107
2024-01-04 11:52:00,1940.9492358033779,1943.3102912592483,1940.3359960125554,1942.6970514684258,122
2024-01-04 11:53:00,1942.6970514684258,1943.6364690703485,1942.1929360780055,1943.1323536799282,46
2024-01-04 11:54:00,1943.1323536799282,1943.660214560677,1942.2386061039133,1942.7664669846622,89
2024-01-04 11:55:00,1942.7664669846622,1945.7034556245242,1942.2508830853278,1945.1878717251898,128
2024-01-04 11:56:00,1945.1878717251898,1945.7800187307691,1944.1798878238187,1944.772034829398,91
2024-01-04 11:57:00,1944.772034829398,1945.5653261564896,1943.4233789251398,1944.2166702522313,156
2024-01-04 11:58:00,1944.2166702522313,1944.857432464042,1941.8504711124115,1942.491233324222,35
2024-01-04 11:59:00,1942.491233324222,1944.3197880002206,1942.0186264653116,1943.84718114131,39
2024-01-04 12:00:00,1943.84718114131,1945.5279414127153,1943.1074816025964,1944.7882418740016,74
2024-01-04 12:01:00,1944.7882418740016,1948.0451590774107,1943.8823845594811,1947.1393017628902,70
2024-01-04 12:02:00,1947.1393017628902,1947.5066561792812,1945.4191495815885,1945.7865039979795,164
2024-01-04 12:03:00,1945.7865039979795,1947.7661762207986,1945.225476314019,1947.2051485368381,174
2024-01-04 12:04:00,1947.2051485368381,1948.310124644155,1946.1684565507503,1947.2734326580671,99
2024-01-04 12:05:00,1947.2734326580671,1948.213050496656,1947.1186635875956,1948.0582814261845,106
2024-01-04 12:06:00,1948.0582814261845,1949.3447711242595,1945.1668087752728,1946.4532984733478,65
2024-01-04 12:07:00,1946.4532984733478,1947.9447362547314,1946.3906370450418,1947.8820748264254,111
2024-01-04 12:08:00,1947.8820748264254,1949.0980913774963,1947.4320792160893,1948.6480957671602,144
2024-01-04 12:09:00,1948.6480957671602,1948.8623688415169,1948.3959117102074,1948.6101847845641,147
2024-01-04 12:10:00,1948.6101847845641,1950.6764513820892,1947.172454763794,1949.238721361319,194
2024-01-04 12:11:00,1949.238721361319,1949.6271143909626,1948.1042617907694,1948.492654820413,119
2024-01-04 12:12:00,1948.492654820413,1948.881912745408,1947.5388795200859,1947.928137445081,74
2024-01-04 12:13:00,1947.928137445081,1948.3679755618984,1947.0369209267494,1947.476759043567,23
2024-01-04 12:14:00,1947.476759043567,1948.0976632040329,1945.051782657364,1945.6726868178298,140
2024-01-04 12:15:00,1945.6726868178298,1946.9671270017554,1945.2165966163066,1946.5110368002322,162
2024-01-04 12:16:00,1946.5110368002322,1948.2032991406843,1945.9784995204739,1947.670761860926,114
2024-01-04 12:17:00,1947.670761860926,1948.4609312524203,1946.1975987221829,1946.9877681136772,185
2024-01-04 12:18:00,1946.9877681136772,1947.9332014180343,1946.3813083157527,1947.3267416201097,70
2024-01-04 12:19:00,1947.3267416201097,1947.9177962197557,1946.4771399868496,1947.0681945864956,20
2024-01-04 12:20:00,1947.0681945864956,1948.3764960530339,1946.0794790152968,1947.387780481835,130
2024-01-04 12:21:00,1947.387780481835,1948.481503369375,1945.6829894688738,1946.7767123564138,33
2024-01-04 12:22:00,1946.7767123564138,1947.287434541489,1945.4060744108479,1945.916796595923,25
2024-01-04 12:23:00,1945.916796595923,1947.84233369692,1945.0148845909212,1946.9404216919181,143
2024-01-04 12:24:00,1946.9404216919181,1947.0955611066604,1946.7231061652078,1946.87824557995,92
2024-01-04 12:25:00,1946.87824557995,1949.7303860470267,1945.9945050761778,1948.8466455432545,124
2024-01-04 12:26:00,1948.8466455432545,1949.2532999095304,1948.4851166867506,1948.8917710530266,152
2024-01-04 12:27:00,1948.8917710530266,1949.0146122483607,1947.8665169215965,1947.9893581169306,82
2024-01-04 12:28:00,1947.9893581169306,1949.6967980087213,1947.4769521103076,1949.1843920020983,126
2024-01-04 12:29:00,1949.1843920020983,1950.9302326703948,1948.0533242510148,1949.7991649193114,112
2024-01-04 12:30:00,1949.7991649193114,1951.1635558505143,1949.1434020394272,1950.5077929706301,120
2024-01-04 12:31:00,1950.5077929706301,1952.838561485794,1949.3381624066903,1951.668930921854,143
2024-01-04 12:32:00,1951.668930921854,1951.962080211481,1950.7387605097672,1951.031909799394,82
2024-01-04 12:33:00,1951.031909799394,1952.026034303831,1949.913647661728,1950.907772166165,105
2024-01-04 12:34:00,1950.907772166165,1951.2385553219572,1950.4097476059799,1950.740530761772,122
2024-01-04 12:35:00,1950.740530761772,1951.413230052939,1948.808875678354,1949.481574969521,36
2024-01-04 12:36:00,1949.481574969521,1950.150815064254,1948.55540280425,1949.224642898983,50
2024-01-04 12:37:00,1949.224642898983,1951.3703044231959,1948.3814332605484,1950.5270947847614,26
2024-01-04 12:38:00,1950.5270947847614,1951.4416164366203,1949.8440403339398,1950.7585619857987,47
2024-01-04 12:39:00,1950.7585619857987,1951.0551956631682,1949.1490079783034,1949.445641655673,93
2024-01-04 12:40:00,1949.445641655673,1950.3729755054878,1947.0017956257648,1947.9291294755797,188
2024-01-04 12:41:00,1947.9291294755797,1950.8106179511917,1946.6690738894122,1949.5505623650242,185
2024-01-04 12:42:00,1949.5505623650242,1949.907780543175,1949.1053034482559,1949.4625216264067,154
2024-01-04 12:43:00,1949.4625216264067,1949.5931837905168,1948.7008084962297,1948.8314706603398,115
2024-01-04 12:44:00,1948.8314706603398,1949.6106312828606,1947.7853281507523,1948.564488773273,48
2024-01-04 12:45:00,1948.564488773273,1949.0196563890079,1946.6700064430124,1947.1251740587472,78
2024-01-04 12:46:00,1947.1251740587472,1949.0441083858543,1946.5917119269877,1948.5106462540948,155
2024-01-04 12:47:00,1948.5106462540948,1949.311785627581,1947.326572963895,1948.1277123373811,182
2024-01-04 12:48:00,1948.1277123373811,1949.8665429118562,1947.7208181679457,1949.4596487424208,192
2024-01-04 12:49:00,1949.4596487424208,1949.990022286462,1948.9796216649313,1949.5099952089724,83
2024-01-04 12:50:00,1949.5099952089724,1951.4496449750384,1948.9637888793523,1950.9034386454182,102
2024-01-04 12:51:00,1950.9034386454182,1952.3127210909329,1949.7445492903357,1951.1538317358504,106
2024-01-04 12:52:00,1951.1538317358504,1952.583560783967,1950.5564967774935,1951.98622582561,20
2024-01-04 12:53:00,1951.98622582561,1952.7912850944447,1951.882996417301,1952.6880556861356,32
2024-01-04 12:54:00,1952.6880556861356,1953.4154101021672,1952.5692477802472,1953.2966021962789,18
2024-01-04 12:55:00,1953.2966021962789,1954.27690366477,1952.6561103438216,1953.6364118123129,150
2024-01-04 12:56:00,1953.6364118123129,1953.7811875449934,1953.2641832608724,1953.408958993553,52
2024-01-04 12:57:00,1953.408958993553,1955.3041367865449,1953.3845948440035,1955.2797726369954,143
2024-01-04 12:58:00,1955.2797726369954,1956.1145080044414,1953.5583794985423,1954.3931148659883,81
2024-01-04 12:59:00,1954.3931148659883,1955.2511998459486,1953.5392392992965,1954.3973242792567,160
2024-01-04 13:00:00,1954.3973242792567,1954.8542962154363,1953.9548988004146,1954.4118707365942,31
2024-01-04 13:01:00,1954.4118707365942,1955.5063891091108,1953.710619856879,1954.8051382293957,71
2024-01-04 13:02:00,1954.8051382293957,1955.4649862784245,1953.725522512905,1954.3853705619338,48
2024-01-04 13:03:00,1954.3853705619338,1955.5148552149158,1953.5634536964933,1954.6929383494753,92
2024-01-04 13:04:00,1954.6929383494753,1955.5156968401204,1953.705162154336,1954.5279206449811,116
2024-01-04 13:05:00,1954.5279206449811,1954.9598376721574,1952.5500184355712,1952.9819354627475,41
2024-01-04 13:06:00,1952.9819354627475,1953.4832220900093,1952.4899765567366,1952.9912631839984,136
2024-01-04 13:07:00,1952.9912631839984,1953.779019306677,1951.1288098213345,1951.916565944013,193
2024-01-04 13:08:00,1951.916565944013,1952.3415366584227,1949.7989070788724,1950.223877793282,18
2024-01-04 13:09:00,1950.223877793282,1950.9565734224582,1949.6246489732266,1950.3573446024027,26
2024-01-04 13:10:00,1950.3573446024027,1951.7112660447137,1949.4791965898003,1950.8331180321113,190
2024-01-04 13:11:00,1950.8331180321113,1951.9638547244786,1950.216131331614,1951.3468680239812,133
2024-01-04 13:12:00,1951.3468680239812,1953.074473142702,1950.1726362966494,1951.9002414153701,184
2024-01-04 13:13:00,1951.9002414153701,1952.92477347811,1948.989598864365,1950.0141309271048,143
2024-01-04 13:14:00,1950.0141309271048,1950.5525281782564,1948.1487325550281,1948.6871298061797,146
2024-01-04 13:15:00,1948.6871298061797,1951.1179385547357,1948.1792089697815,1950.6100177183375,39
2024-01-04 13:16:00,1950.6100177183375,1951.136533033541,1949.0621544541095,1949.588669769313,107
2024-01-04 13:17:00,1949.588669769313,1950.641821500702,1949.130962414591,1950.1841141459802,79
2024-01-04 13:18:00,1950.1841141459802,1950.2413250239738,1949.4570758493956,1949.5142867273892,168
2024-01-04 13:19:00,1949.5142867273892,1950.263087350373,1948.8431476761373,1949.5919482991212,18
2024-01-04 13:20:00,1949.5919482991212,1950.2362289237992,1948.330374027454,1948.974654652132,13
2024-01-04 13:21:00,1948.974654652132,1950.3780431547614,1948.1184808884514,1949.5218693910808,115
2024-01-04 13:22:00,1949.5218693910808,1950.7846931822337,1948.3923676663658,1949.6551914575186,194
2024-01-04 13:23:00,1949.6551914575186,1950.2297159433715,1948.6436617294344,1949.2181862152872,199
2024-01-04 13:24:00,1949.2181862152872,1950.691183603884,1946.7216815295217,1948.1946789181184,122
2024-01-04 13:25:00,1948.1946789181184,1949.130637966764,1947.5195580028258,1948.4555170514714,91
2024-01-04 13:26:00,1948.4555170514714,1948.5294291899013,1947.2001405957285,1947.2740527341584,61
2024-01-04 13:27:00,1947.2740527341584,1948.055622800293,1946.9086940387028,1947.6902641048373,198
2024-01-04 13:28:00,1947.6902641048373,1950.6877383586504,1947.2505793940986,1950.2480536479118,44
2024-01-04 13:29:00,1950.2480536479118,1952.3812211780157,1949.4314693750916,1951.5646369051956,33
2024-01-04 13:30:00,1951.5646369051956,1952.4814110714417,1951.3488139054784,1952.2655880717246,106
2024-01-04 13:31:00,1952.2655880717246,1952.7349020465188,1951.7127100061964,1952.1820239809906,84
2024-01-04 13:32:00,1952.1820239809906,1952.7042958307131,1949.767353117577,1950.2896249672995,104
2024-01-04 13:33:00,1950.2896249672995,1950.6996475194442,1948.590181695575,1949.0002042477197,181
2024-01-04 13:34:00,1949.0002042477197,1951.1518537188406,1948.0986365458748,1950.2502860169957,61
2024-01-04 13:35:00,1950.2502860169957,1951.0851787360218,1948.645282287396,1949.480175006422,176
2024-01-04 13:36:00,1949.480175006422,1950.519495458871,1947.7592655026217,1948.7985859550706,50
2024-01-04 13:37:00,1948.7985859550706,1949.2541675131076,1948.1815946906459,1948.6371762486829,71
2024-01-04 13:38:00,1948.6371762486829,1949.689866086661,1946.5497149992627,1947.6024048372408,10
2024-01-04 13:39:00,1947.6024048372408,1947.6553482631225,1946.354832542563,1946.4077759684446,138
2024-01-04 13:40:00,1946.4077759684446,1946.4512248047918,1946.3152055682244,1946.3586544045716,173
2024-01-04 13:41:00,1946.3586544045716,1946.4700136554384,1945.3796771188258,1945.4910363696927,178
2024-01-04 13:42:00,1945.4910363696927,1946.0780503589428,1944.1831998780708,1944.770213867321,41
2024-01-04 13:43:00,1944.770213867321,1945.8209042055737,1942.9599050095728,1944.0105953478255,155
2024-01-04 13:44:00,1944.0105953478255,1944.8675124797558,1943.6614151110364,1944.5183322429666,36
2024-01-04 13:45:00,1944.5183322429666,1944.916253740415,1943.894724415242,1944.2926459126904,129
2024-01-04 13:46:00,1944.2926459126904,1944.7918887027215,1943.619805040688,1944.1190478307192,143
2024-01-04 13:47:00,1944.1190478307192,1945.5055202617002,1943.3128423444793,1944.6993147754604,38
2024-01-04 13:48:00,1944.6993147754604,1945.0969288093859,1944.163588577134,1944.5612026110596,30
2024-01-04 13:49:00,1944.5612026110596,1944.9370662875886,1943.9147981932194,1944.2906618697484,23
2024-01-04 13:50:00,1944.2906618697484,1944.8081414370747,1944.2305284190263,1944.7480079863526,144
2024-01-04 13:51:00,1944.7480079863526,1945.7589205305846,1944.3868336547205,1945.3977461989525,126
2024-01-04 13:52:00,1945.3977461989525,1946.439415204305,1944.213018966365,1945.2546879717177,32
2024-01-04 13:53:00,1945.2546879717177,1945.952065499808,1944.635711770334,1945.3330892984243,105
2024-01-04 13:54:00,1945.3330892984243,1945.628720927054,1944.2770364683993,1944.572668097029,161
2024-01-04 13:55:00,1944.572668097029,1945.636336316429,1942.672169516813,1943.735837736213,55
2024-01-04 13:56:00,1943.735837736213,1944.8391049406075,1943.3800803138572,1944.4833475182518,125
2024-01-04 13:57:00,1944.4833475182518,1946.0517523632523,1943.3475338888657,1944.9159387338661,65
2024-01-04 13:58:00,1944.9159387338661,1946.4884087463615,1943.7862273162496,1945.358697328745,59
2024-01-04 13:59:00,1945.358697328745,1946.2373637184678,1944.75321216401,1945.6318785537328,84
2024-01-04 14:00:00,1945.6318785537328,1945.6773902670884,1945.6313141235369,1945.6768258368925,76
2024-01-04 14:01:00,1945.6768258368925,1947.8294642557353,1944.2016836566552,1946.354322075498,104
2024-01-04 14:02:00,1946.354322075498,1947.9993536408647,1945.6193169994451,1947.2643485648118,49
2024-01-04 14:03:00,1947.2643485648118,1948.6097987318005,1946.8060993017837,1948.1515494687724,84
2024-01-04 14:04:00,1948.1515494687724,1949.1084831280252,1947.0964504829683,1948.0533841422211,128
2024-01-04 14:05:00,1948.0533841422211,1950.2629878103858,1947.1947484146965,1949.4043520828611,83
2024-01-04 14:06:00,1949.4043520828611,1950.7230894856086,1948.308295803738,1949.6270332064855,134
2024-01-04 14:07:00,1949.6270332064855,1950.5702072196502,1949.3003080534124,1950.2434820665771,31
2024-01-04 14:08:00,1950.2434820665771,1951.2279453274366,1949.534088840953,1950.5185521018125,36
2024-01-04 14:09:00,1950.5185521018125,1950.882006007763,1950.3959937785828,1950.7594476845334,174
2024-01-04 14:10:00,1950.7594476845334,1951.604336213809,1949.1969215821912,1950.0418101114667,97
2024-01-04 14:11:00,1950.0418101114667,1951.3019075090049,1949.4655444430932,1950.7256418406314,125
2024-01-04 14:12:00,1950.7256418406314,1954.1966768219747,1950.029801226654,1953.5008362079973,150
2024-01-04 14:13:00,1953.5008362079973,1954.0296084880836,1952.6059826819067,1953.134754961993,37
2024-01-04 14:14:00,1953.134754961993,1953.692000832889,1952.6468402141545,1953.2040860850507,194
2024-01-04 14:15:00,1953.2040860850507,1953.4508257149807,1952.5215814823428,1952.7683211122728,90
2024-01-04 14:16:00,1952.7683211122728,1953.6626387495994,1951.3975085730249,1952.2918262103515,179
2024-01-04 14:17:00,1952.2918262103515,1954.9676906675304,1951.1235697992356,1953.7994342564145,89
2024-01-04 14:18:00,1953.7994342564145,1954.167926387752,1952.7735169282234,1953.142009059561,87
2024-01-04 14:19:00,1953.142009059561,1953.9439901582118,1951.8770547168067,1952.6790358154576,124
2024-01-04 14:20:00,1952.6790358154576,1953.433023756264,1950.3751158964471,1951.1291038372535,46
2024-01-04 14:21:00,1951.1291038372535,1951.7173796167249,1949.801728915201,1950.3900046946724,125
2024-01-04 14:22:00,1950.3900046946724,1950.4003702433558,1948.7136161083702,1948.7239816570536,196
2024-01-04 14:23:00,1948.7239816570536,1949.4169389691672,1948.6466308294791,1949.3395881415927,132
2024-01-04 14:24:00,1949.3395881415927,1952.3490829341624,1949.0588736636914,1952.0683684562612,23
2024-01-04 14:25:00,1952.0683684562612,1952.3177988990842,1951.4610469762038,1951.7104774190268,142
2024-01-04 14:26:00,1951.7104774190268,1952.8446582370627,1948.9497821404218,1950.0839629584577,16
2024-01-04 14:27:00,1950.0839629584577,1951.69026383346,1949.3551995395917,1950.961500414594,29
2024-01-04 14:28:00,1950.961500414594,1951.534889813023,1949.6790097118833,1950.2523991103124,64
2024-01-04 14:29:00,1950.2523991103124,1951.7888280666186,1949.9829973883004,1951.5194263446067,67
2024-01-04 14:30:00,1951.5194263446067,1951.6458165722752,1951.1178435341606,1951.244233761829,10
2024-01-04 14:31:00,1951.244233761829,1951.8285086725623,1950.0435454910344,1950.6278204017676,13
2024-01-04 14:32:00,1950.6278204017676,1951.9816267864303,1949.1004495375607,1950.4542559222234,159
2024-01-04 14:33:00,1950.4542559222234,1951.505980385262,1950.1415359133882,1951.193260376427,96
2024-01-04 14:34:00,1951.193260376427,1952.1156008357977,1950.0490491160554,1950.9713895754262,47
2024-01-04 14:35:00,1950.9713895754262,1951.369326961649,1950.0889043473803,1950.4868417336031,91
2024-01-04 14:36:00,1950.4868417336031,1951.093476160757,1949.6862980937838,1950.2929325209377,141
2024-01-04 14:37:00,1950.2929325209377,1951.3511448911804,1947.994475061934,1949.0526874321768,149
2024-01-04 14:38:00,1949.0526874321768,1949.8895547075915,1948.6027379124855,1949.4396051879003,64
2024-01-04 14:39:00,1949.4396051879003,1949.7550914057367,1947.3825611772218,1947.6980473950582,41
2024-01-04 14:40:00,1947.6980473950582,1948.8344990418132,1946.1290885035662,1947.2655401503212,192
2024-01-04 14:41:00,1947.2655401503212,1948.6070533172665,1946.6633893078038,1948.004902474749,129
2024-01-04 14:42:00,1948.004902474749,1949.3097612582071,1946.9952134617108,1948.3000722451688,196
2024-01-04 14:43:00,1948.3000722451688,1949.1927026869291,1947.982502610907,1948.8751330526673,68
2024-01-04 14:44:00,1948.8751330526673,1950.0080452230977,1947.6788379351997,1948.8117501056302,31
2024-01-04 14:45:00,1948.8117501056302,1950.643255110039,1948.120052652294,1949.9515576567028,82
2024-01-04 14:46:00,1949.9515576567028,1951.6080142705127,1949.1966603624453,1950.8531169762553,72
2024-01-04 14:47:00,1950.8531169762553,1951.925050595985,1950.2163611408992,1951.288294760629,146
2024-01-04 14:48:00,1951.288294760629,1952.581550374987,1950.899993755334,1952.193249369692,146
2024-01-04 14:49:00,1952.193249369692,1953.5109557080252,1951.6080289298961,1952.9257352682293,23
2024-01-04 14:50:00,1952.9257352682293,1953.3386530645266,1952.0836976694688,1952.4966154657661,121
2024-01-04 14:51:00,1952.4966154657661,1953.4564211637698,1950.2248307294597,1951.1846364274634,75
2024-01-04 14:52:00,1951.1846364274634,1952.1009598500775,1950.6784150656895,1951.5947384883036,126
2024-01-04 14:53:00,1951.5947384883036,1952.1289745905342,1951.593374820891,1952.1276109231217,84
2024-01-04 14:54:00,1952.1276109231217,1953.262070964624,1952.0575211230394,1953.1919811645416,112
2024-01-04 14:55:00,1953.1919811645416,1953.2805045174005,1952.1890502085769,1952.2775735614357,145
2024-01-04 14:56:00,1952.2775735614357,1953.1041721265517,1950.5661724818165,1951.3927710469325,65
2024-01-04 14:57:00,1951.3927710469325,1951.9775357435838,1951.256729377819,1951.8414940744703,47
2024-01-04 14:58:00,1951.8414940744703,1952.5441654921112,1951.0693693159035,1951.7720407335444,144
2024-01-04 14:59:00,1951.7720407335444,1952.4102824568897,1949.2935106166983,1949.9317523400437,190
2024-01-04 15:00:00,1949.9317523400437,1950.857319038789,1949.3719033008317,1950.297469999577,94
2024-01-04 15:01:00,1950.297469999577,1951.052863050049,1947.7356890868691,1948.491082137341,199
2024-01-04 15:02:00,1948.491082137341,1949.1370146377214,1946.924237656132,1947.5701701565124,45
2024-01-04 15:03:00,1947.5701701565124,1949.3579424900477,1947.0986449836464,1948.8864173171817,165
2024-01-04 15:04:00,1948.8864173171817,1951.1236008162218,1948.427474783667,1950.6646582827073,197
2024-01-04 15:05:00,1950.6646582827073,1951.4152479051354,1948.7283997029817,1949.4789893254099,66
2024-01-04 15:06:00,1949.4789893254099,1950.70317074672,1947.933736963376,1949.1579183846861,38
2024-01-04 15:07:00,1949.1579183846861,1950.4416656903195,1947.9157100932327,1949.1994573988661,136
2024-01-04 15:08:00,1949.1994573988661,1950.9888375818562,1949.146060496249,1950.935440679239,175
2024-01-04 15:09:00,1950.935440679239,1951.3841524099603,1950.0059511995573,1950.4546629302786,25
2024-01-04 15:10:00,1950.4546629302786,1950.480447570008,1949.963807957348,1949.9895925970775,131
2024-01-04 15:11:00,1949.9895925970775,1952.6782528558401,1948.8109316987104,1951.499591957473,175
2024-01-04 15:12:00,1951.499591957473,1952.480175739919,1950.1533077357271,1951.1338915181732,16
2024-01-04 15:13:00,1951.1338915181732,1952.5608573512725,1950.4114818005123,1951.8384476336116,108
2024-01-04 15:14:00,1951.8384476336116,1952.488356875922,1949.7469661753225,1950.3968754176328,24
2024-01-04 15:15:00,1950.3968754176328,1951.5204539921453,1949.1063109385968,1950.2298895131094,43
2024-01-04 15:16:00,1950.2298895131094,1951.2865534538576,1947.5549278930382,1948.6115918337864,102
2024-01-04 15:17:00,1948.6115918337864,1949.6469445137104,1946.547923903871,1947.583276583795,72
2024-01-04 15:18:00,1947.583276583795,1949.1629630433918,1946.8207973866886,1948.4004838462854,26
2024-01-04 15:19:00,1948.4004838462854,1948.848905484282,1947.9034443642188,1948.3518660022155,162
2024-01-04 15:20:00,1948.3518660022155,1949.2351564275875,1947.1577104443143,1948.0410008696863,48
2024-01-04 15:21:00,1948.0410008696863,1948.9430119712135,1946.4096922847086,1947.3117033862359,175
2024-01-04 15:22:00,1947.3117033862359,1947.8215945206287,1946.5869691749203,1947.0968603093131,43
2024-01-04 15:23:00,1947.0968603093131,1947.837421836,1946.6494470337561,1947.390008560443,108
2024-01-04 15:24:00,1947.390008560443,1949.373190798486,1946.363886922258,1948.3470691603009,148
2024-01-04 15:25:00,1948.3470691603009,1949.5784100802327,1944.558379816331,1945.7897207362628,101
2024-01-04 15:26:00,1945.7897207362628,1946.0817028508156,1944.688522450216,1944.9805045647688,89
2024-01-04 15:27:00,1944.9805045647688,1945.6163040269805,1944.4994246472604,1945.1352241094721,152
2024-01-04 15:28:00,1945.1352241094721,1945.8552515405313,1944.3190456138013,1945.0390730448605,12
2024-01-04 15:29:00,1945.0390730448605,1946.2043227209967,1944.2661146451505,1945.4313643212868,166
2024-01-04 15:30:00,1945.4313643212868,1946.0720396667205,1945.050929607778,1945.6916049532117,141
2024-01-04 15:31:00,1945.6916049532117,1947.0080617870562,1944.0785586985442,1945.3950155323887,155
2024-01-04 15:32:00,1945.3950155323887,1946.1426654394154,1944.1348968346665,1944.8825467416932,89
2024-01-04 15:33:00,1944.8825467416932,1945.6726101762872,1943.8537475258063,1944.6438109604003,83
2024-01-04 15:34:00,1944.6438109604003,1947.0289600632236,1943.3756092080623,1945.7607583108856,118
2024-01-04 15:35:00,1945.7607583108856,1946.1695835542396,1944.6397769122216,1945.0486021555755,131
2024-01-04 15:36:00,1945.0486021555755,1945.5976986326734,1944.438424613949,1944.987521091047,185
2024-01-04 15:37:00,1944.987521091047,1945.2617860839493,1944.8915552573026,1945.165820250205,172
2024-01-04 15:38:00,1945.165820250205,1947.2002935553185,1944.6489175932852,1946.6833908983988,20
2024-01-04 15:39:00,1946.6833908983988,1946.6877011721465,1946.386778075422,1946.3910883491696,38
2024-01-04 15:40:00,1946.3910883491696,1948.1996530012236,1945.5156300624708,1947.3241947145248,189
2024-01-04 15:41:00,1947.3241947145248,1949.2719582086193,1946.5759628701142,1948.5237263642086,83
2024-01-04 15:42:00,1948.5237263642086,1949.0002930663313,1947.9850463130904,1948.461613015213,120
2024-01-04 15:43:00,1948.461613015213,1949.0069596876724,1947.710977421821,1948.2563240942804,20
2024-01-04 15:44:00,1948.2563240942804,1949.1373623650122,1947.0547453747815,1947.9357836455133,29
2024-01-04 15:45:00,1947.9357836455133,1948.0776546632258,1947.544749109063,1947.6866201267756,87
2024-01-04 15:46:00,1947.6866201267756,1949.1826364289743,1947.0224995979888,1948.5185159001876,146
2024-01-04 15:47:00,1948.5185159001876,1949.6008356318882,1947.6612597775068,1948.7435795092074,156
2024-01-04 15:48:00,1948.7435795092074,1949.0828680662557,1948.633550607194,1948.9728391642423,179
2024-01-04 15:49:00,1948.9728391642423,1949.8240369664438,1947.0251263321811,1947.8763241343827,47
2024-01-04 15:50:00,1947.8763241343827,1947.944101761645,1946.8662709993432,1946.9340486266055,48
2024-01-04 15:51:00,1946.9340486266055,1949.5594908010778,1946.3951812544226,1949.0206234288949,112
2024-01-04 15:52:00,1949.0206234288949,1949.151823298531,1948.7161305562768,1948.847330425913,113
2024-01-04 15:53:00,1948.847330425913,1949.98939824755,1946.9503064366402,1948.0923742582772,16
2024-01-04 15:54:00,1948.0923742582772,1949.620018507543,1947.9586866946574,1949.4863309439231,94
2024-01-04 15:55:00,1949.4863309439231,1949.8195887801717,1949.4277640644757,1949.7610219007242,180
2024-01-04 15:56:00,1949.7610219007242,1950.9617672515242,1949.1239085106856,1950.3246538614856,41
2024-01-04 15:57:00,1950.3246538614856,1950.7483509862886,1949.766338429525,1950.190035554328,165
2024-01-04 15:58:00,1950.190035554328,1950.1918314823358,1949.877503083399,1949.8792990114068,94
2024-01-04 15:59:00,1949.8792990114068,1950.6692510472676,1948.9240104969826,1949.7139625328434,109
2024-01-04 16:00:00,1949.7139625328434,1949.9054865443786,1948.174466562729,1948.3659905742643,131
2024-01-04 16:01:00,1948.3659905742643,1948.546697092755,1948.099626668697,1948.2803331871878,144
2024-01-04 16:02:00,1948.2803331871878,1948.929111046709,1947.919933038654,1948.5687108981754,131
2024-01-04 16:03:00,1948.5687108981754,1951.269626105954,1947.6706730694643,1950.371588277243,29
2024-01-04 16:04:00,1950.371588277243,1951.5459406479633,1949.2811009730249,1950.4554533437451,66
2024-01-04 16:05:00,1950.4554533437451,1951.4695905385338,1947.1649619784323,1948.179099173221,170
2024-01-04 16:06:00,1948.179099173221,1948.7038072853488,1947.562840833204,1948.087548945332,17
2024-01-04 16:07:00,1948.087548945332,1951.1177363057698,1947.7257585308903,1950.755945891328,145
2024-01-04 16:08:00,1950.755945891328,1952.33901855545,1950.017907769315,1951.6009804334367,108
2024-01-04 16:09:00,1951.6009804334367,1952.7599852551225,1949.650709782871,1950.8097146045568,32
2024-01-04 16:10:00,1950.8097146045568,1952.4532189902707,1949.7427783842018,1951.3862827699156,33
2024-01-04 16:11:00,1951.3862827699156,1952.152092898046,1949.8964952323047,1950.662305360435,196
2024-01-04 16:12:00,1950.662305360435,1950.7833584143686,1949.2208416579545,1949.341894711888,15
2024-01-04 16:13:00,1949.341894711888,1949.7218304998262,1948.622413426657,1949.0023492145951,14
2024-01-04 16:14:00,1949.0023492145951,1950.4301055573076,1947.6637854944283,1949.0915418371408,13
2024-01-04 16:15:00,1949.0915418371408,1949.1239718036618,1947.2346106432212,1947.2670406097423,129
2024-01-04 16:16:00,1947.2670406097423,1947.404111240366,1946.0111099736803,1946.1481806043041,186
2024-01-04 16:17:00,1946.1481806043041,1947.1089562375914,1945.1974622397581,1946.1582378730454,42
2024-01-04 16:18:00,1946.1582378730454,1946.5741796157256,1945.3451113359006,1945.7610530785807,161
2024-01-04 16:19:00,1945.7610530785807,1946.2690274214872,1945.6371829330308,1946.1451572759372,146
2024-01-04 16:20:00,1946.1451572759372,1947.3230157766757,1943.7853383337547,1944.9631968344931,53
2024-01-04 16:21:00,1944.9631968344931,1946.4207680309821,1944.2000881176489,1945.6576593141378,23
2024-01-04 16:22:00,1945.6576593141378,1946.0925281975385,1944.071195453748,1944.5060643371487,102
2024-01-04 16:23:00,1944.5060643371487,1946.2410894895875,1944.3681925908163,1946.103217743255,25
2024-01-04 16:24:00,1946.103217743255,1947.482757114764,1943.054157012697,1944.4336963842059,31
2024-01-04 16:25:00,1944.4336963842059,1945.0072040397013,1942.7979890594795,1943.371496714975,98
2024-01-04 16:26:00,1943.371496714975,1944.9034019348776,1942.2451447561589,1943.7770499760616,164
2024-01-04 16:27:00,1943.7770499760616,1946.325811482241,1942.8457376699162,1945.3944991760957,198
2024-01-04 16:28:00,1945.3944991760957,1946.0819472213238,1945.0134926255994,1945.7009406708275,129
2024-01-04 16:29:00,1945.7009406708275,1946.6327296414897,1945.316728292547,1946.2485172632091,62
2024-01-04 16:30:00,1946.2485172632091,1947.4124451040645,1945.1016550067932,1946.2655828476486,72
2024-01-04 16:31:00,1946.2655828476486,1947.418160146769,1944.1141835557619,1945.2667608548822,126
2024-01-04 16:32:00,1945.2667608548822,1945.4133653418312,1944.6434314494081,1944.790035936357,42
2024-01-04 16:33:00,1944.790035936357,1945.5868312670916,1942.8147856316857,1943.6115809624202,108
2024-01-04 16:34:00,1943.6115809624202,1944.147202865438,1941.833301308371,1942.3689232113886,156
2024-01-04 16:35:00,1942.3689232113886,1942.9404236532725,1942.1875950774147,1942.7590955192986,170
2024-01-04 16:36:00,1942.7590955192986,1943.4432407448846,1940.9839181734185,1941.6680633990045,21
2024-01-04 16:37:00,1941.6680633990045,1942.0367132572474,1941.6096474454546,1941.9782973036974,64
2024-01-04 16:38:00,1941.9782973036974,1942.379460266198,1940.3130785753222,1940.7142415378228,58
2024-01-04 16:39:00,1940.7142415378228,1941.2741716668154,1940.441908782875,1941.0018389118677,115
2024-01-04 16:40:00,1941.0018389118677,1941.3900254378057,1940.1393855034291,1940.527572029367,45
2024-01-04 16:41:00,1940.527572029367,1942.4471671424053,1939.9727650294758,1941.892360142514,190
2024-01-04 16:42:00,1941.892360142514,1942.3948477000417,1941.7041862100655,1942.2066737675932,184
2024-01-04 16:43:00,1942.2066737675932,1944.6012340303241,1941.0121863959127,1943.4067466586437,73
2024-01-04 16:44:00,1943.4067466586437,1944.181205955991,1941.898022897901,1942.6724821952482,87
2024-01-04 16:45:00,1942.6724821952482,1944.0071035767226,1941.3923948748488,1942.7270162563232,93
2024-01-04 16:46:00,1942.7270162563232,1943.2473806383775,1941.2536596105817,1941.774023992636,18
2024-01-04 16:47:00,1941.774023992636,1942.143354586817,1941.003129440181,1941.372460034362,178
2024-01-04 16:48:00,1941.372460034362,1942.6374538999808,1939.8530452088953,1941.1180390745142,158
2024-01-04 16:49:00,1941.1180390745142,1941.4758281492752,1940.05576175676,1940.413550831521,73
2024-01-04 16:50:00,1940.413550831521,1940.9261711105112,1938.7216414433415,1939.2342617223317,114
2024-01-04 16:51:00,1939.2342617223317,1940.094691576201,1937.0032612566797,1937.863691110549,82
2024-01-04 16:52:00,1937.863691110549,1937.965222519112,1935.495103242099,1935.596634650662,53
2024-01-04 16:53:00,1935.596634650662,1936.4522174259587,1933.7187215454744,1934.574304320771,67
2024-01-04 16:54:00,1934.574304320771,1935.9876019498113,1933.7679734760404,1935.1812711050807,30
2024-01-04 16:55:00,1935.1812711050807,1936.252243744114,1932.5636062555268,1933.63457889456,163
2024-01-04 16:56:00,1933.63457889456,1934.5582411595456,1931.388191807729,1932.3118540727146,134
2024-01-04 16:57:00,1932.3118540727146,1935.1251965678944,1931.2287988468524,1934.0421413420322,186
2024-01-04 16:58:00,1934.0421413420322,1934.5794708041738,1932.8893067882884,1933.42663625043,11
2024-01-04 16:59:00,1933.42663625043,1933.9834812998558,1933.1801506537947,1933.7369957032206,129
2024-01-04 17:00:00,1933.7369957032206,1935.7546327739697,1932.340394847053,1934.358031917802,116
2024-01-04 17:01:00,1934.358031917802,1935.009144484922,1934.347700720931,1934.998813288051,128
2024-01-04 17:02:00,1934.998813288051,1935.0272310622177,1933.4975573990453,1933.525975173212,198
2024-01-04 17:03:00,1933.525975173212,1934.3244786532503,1932.504091746723,1933.3025952267612,84
2024-01-04 17:04:00,1933.3025952267612,1934.5099262950926,1930.5310026685165,1931.7383337368478,36
2024-01-04 17:05:00,1931.7383337368478,1934.754709178216,1931.0847812877607,1934.101156729129,12
2024-01-04 17:06:00,1934.101156729129,1935.0671670167121,1931.59282139506,1932.5588316826431,103
2024-01-04 17:07:00,1932.5588316826431,1932.7503648699023,1931.3547920607996,1931.5463252480588,43
2024-01-04 17:08:00,1931.5463252480588,1931.9326092100969,1930.155056907411,1930.5413408694492,36
2024-01-04 17:09:00,1930.5413408694492,1930.685617162485,1928.952382114634,1929.0966584076698,38
2024-01-04 17:10:00,1929.0966584076698,1931.281722259352,1928.2162367517349,1930.401300603417,62
2024-01-04 17:11:00,1930.401300603417,1932.7577060624892,1930.3830434337926,1932.7394488928649,32
2024-01-04 17:12:00,1932.7394488928649,1932.8253121195426,1932.1938361208513,1932.279699347529,102
2024-01-04 17:13:00,1932.279699347529,1933.0575174872365,1930.2261677872234,1931.003985926931,134
2024-01-04 17:14:00,1931.003985926931,1931.9922579508122,1927.8559578759189,1928.8442298998002,64
2024-01-04 17:15:00,1928.8442298998002,1929.3614950829337,1928.091540870072,1928.6088060532056,35
2024-01-04 17:16:00,1928.6088060532056,1929.4071903269307,1927.5053492089605,1928.3037334826856,118
2024-01-04 17:17:00,1928.3037334826856,1929.0893724635773,1926.8901461257624,1927.675785106654,26
2024-01-04 17:18:00,1927.675785106654,1928.384457890198,1927.180482181366,1927.88915496491,150
2024-01-04 17:19:00,1927.88915496491,1928.4263834312792,1927.7328515067245,1928.2700799730937,82
2024-01-04 17:20:00,1928.2700799730937,1929.3780381675995,1927.4736176683987,1928.5815758629044,87
2024-01-04 17:21:00,1928.5815758629044,1929.396502516702,1927.4618129072317,1928.2767395610292,57
2024-01-04 17:22:00,1928.2767395610292,1929.1994993288486,1926.2918639183295,1927.2146236861488,63
2024-01-04 17:23:00,1927.2146236861488,1928.554906034936,1926.5159429788753,1927.8562253276625,37
2024-01-04 17:24:00,1927.8562253276625,1927.996105392998,1927.7284076268284,1927.868287692164,116
2024-01-04 17:25:00,1927.868287692164,1929.5695184351744,1927.0233750992845,1928.724605842295,37
2024-01-04 17:26:00,1928.724605842295,1930.0648379210033,1928.1462928399574,1929.4865249186657,139
2024-01-04 17:27:00,1929.4865249186657,1929.8788047347005,1927.7226097256973,1928.114889541732,58
2024-01-04 17:28:00,1928.114889541732,1928.5793723348581,1926.2677341520507,1926.7322169451768,117
2024-01-04 17:29:00,1926.7322169451768,1927.0441305852858,1925.6924409830622,1926.0043546231711,112
2024-01-04 17:30:00,1926.0043546231711,1926.9240533476527,1924.0674700106867,1924.9871687351683,130
2024-01-04 17:31:00,1924.9871687351683,1925.7456312464499,1924.9556312128457,1925.7140937241272,154
2024-01-04 17:32:00,1925.7140937241272,1926.247469242876,1925.5189792025342,1926.0523547212829,116
2024-01-04 17:33:00,1926.0523547212829,1927.5623145885556,1925.6009378137612,1927.110897681034,172
2024-01-04 17:34:00,1927.110897681034,1928.6932812664322,1925.9105511289456,1927.4929347143438,59
2024-01-04 17:35:00,1927.4929347143438,1928.6787942797737,1926.50816044636,1927.69402001179,152
2024-01-04 17:36:00,1927.69402001179,1928.904708140649,1927.6396878445307,1928.8503759733899,75
2024-01-04 17:37:00,1928.8503759733899,1930.4036155738218,1927.7501532508845,1929.3033928513164,129
2024-01-04 17:38:00,1929.3033928513164,1930.4686032174789,1928.2038761950623,1929.3690865612248,103
2024-01-04 17:39:00,1929.3690865612248,1930.9231414860765,1929.243201795259,1930.7972567201107,182
2024-01-04 17:40:00,1930.7972567201107,1931.3029206683698,1930.4027882384605,1930.9084521867196,61
2024-01-04 17:41:00,1930.9084521867196,1931.459750150226,1930.0633273000235,1930.61462526353,108
2024-01-04 17:42:00,1930.61462526353,1931.6267792664016,1928.793714342267,1929.8058683451388,41
2024-01-04 17:43:00,1929.8058683451388,1931.6777461636848,1928.6123418548236,1930.4842196733696,130
2024-01-04 17:44:00,1930.4842196733696,1931.921344809025,1930.2411478126967,1931.678272948352,17
2024-01-04 17:45:00,1931.678272948352,1932.9345966465846,1930.3730899580028,1931.6294136562353,88
2024-01-04 17:46:00,1931.6294136562353,1933.1740208317983,1931.348010625409,1932.892617800972,11
2024-01-04 17:47:00,1932.892617800972,1933.3297740966211,1930.5515477491956,1930.9887040448448,72
2024-01-04 17:48:00,1930.9887040448448,1931.406863243675,1930.517004925837,1930.9351641246672,101
2024-01-04 17:49:00,1930.9351641246672,1931.959441755802,1929.8721761556899,1930.8964537868246,73
2024-01-04 17:50:00,1930.8964537868246,1931.9767074364977,1929.1143247093496,1930.1945783590227,83
2024-01-04 17:51:00,1930.1945783590227,1933.443791289091,1929.2460232544913,1932.4952361845596,38
2024-01-04 17:52:00,1932.4952361845596,1932.5529965366109,1932.3735173588375,1932.4312777108887,145
2024-01-04 17:53:00,1932.4312777108887,1933.3442113402446,1931.124388233566,1932.0373218629218,161
2024-01-04 17:54:00,1932.0373218629218,1932.8387206391867,1931.2610029727107,1932.0624017489756,96
2024-01-04 17:55:00,1932.0624017489756,1932.1285025923207,1930.0615203446746,1930.1276211880197,20
2024-01-04 17:56:00,1930.1276211880197,1930.3464198378992,1929.1755015025585,1929.394300152438,21
2024-01-04 17:57:00,1929.394300152438,1931.3226668339912,1928.41446226725,1930.3428289488031,138
2024-01-04 17:58:00,1930.3428289488031,1930.8522408721344,1929.2263769476242,1929.7357888709555,186
2024-01-04 17:59:00,1929.7357888709555,1929.818662871471,1928.853159837359,1928.9360338378744,174
2024-01-04 18:00:00,1928.9360338378744,1930.6977264895079,1928.4373367799947,1930.199029431628,87
2024-01-04 18:01:00,1930.199029431628,1932.2125845802505,1929.47895315496,1931.4925083035823,104
2024-01-04 18:02:00,1931.4925083035823,1932.5393739131775,1930.9449243059091,1931.9917899155043,40
2024-01-04 18:03:00,1931.9917899155043,1932.0118727086563,1931.5320656459471,1931.552148439099,23
2024-01-04 18:04:00,1931.552148439099,1932.859867782025,1930.0131536710157,1931.3208730139418,155
2024-01-04 18:05:00,1931.3208730139418,1932.287773777776,1929.577436447196,1930.5443372110303,91
2024-01-04 18:06:00,1930.5443372110303,1930.9937846438045,1929.1346629723807,1929.584110405155,104
2024-01-04 18:07:00,1929.584110405155,1930.0488608231535,1928.1117152569138,1928.5764656749125,75
2024-01-04 18:08:00,1928.5764656749125,1929.2934767560216,1927.263472002087,1927.980483083196,69
2024-01-04 18:09:00,1927.980483083196,1928.123225739631,1926.840279489023,1926.9830221454579,197
2024-01-04 18:10:00,1926.9830221454579,1927.6849262401543,1924.7745014432242,1925.4764055379205,165
2024-01-04 18:11:00,1925.4764055379205,1925.752824160479,1925.4112142473239,1925.6876328698822,141
2024-01-04 18:12:00,1925.6876328698822,1926.4641172675877,1925.1370273766029,1925.9135117743083,83
2024-01-04 18:13:00,1925.9135117743083,1927.6790707387718,1925.7857426869373,1927.5513016514008,147
2024-01-04 18:14:00,1927.5513016514008,1927.6984849942194,1926.7599900626492,1926.9071734054678,74
2024-01-04 18:15:00,1926.9071734054678,1928.4049351563406,1925.6946908296925,1927.1924525805653,108
2024-01-04 18:16:00,1927.1924525805653,1928.0948608848248,1926.5913729376084,1927.493781241868,37
2024-01-04 18:17:00,1927.493781241868,1928.1519007800687,1926.5910265434097,1927.2491460816104,144
2024-01-04 18:18:00,1927.2491460816104,1928.163588856661,1927.0519614432187,1927.9664042182692,21
2024-01-04 18:19:00,1927.9664042182692,1929.0620371502523,1927.6180792001949,1928.713712132178,147
2024-01-04 18:20:00,1928.713712132178,1929.7861004548006,1927.957064943961,1929.0294532665837,124
2024-01-04 18:21:00,1929.0294532665837,1929.6829774735093,1928.1293607994276,1928.7828850063531,22
2024-01-04 18:22:00,1928.7828850063531,1929.0351362097326,1928.1858348258463,1928.4380860292258,106
2024-01-04 18:23:00,1928.4380860292258,1929.0960577049448,1926.4612999981293,1927.1192716738483,52
2024-01-04 18:24:00,1927.1192716738483,1927.8383980670665,1925.6235954393508,1926.342721832569,100
2024-01-04 18:25:00,1926.342721832569,1927.4148842152078,1924.6714596166337,1925.7436219992726,12
2024-01-04 18:26:00,1925.7436219992726,1926.0688008075688,1924.3362024645735,1924.6613812728697,147
2024-01-04 18:27:00,1924.6613812728697,1925.370442640444,1924.3756722399855,1925.0847336075599,106
2024-01-04 18:28:00,1925.0847336075599,1926.430406341794,1924.890865894524,1926.2365386287581,78
2024-01-04 18:29:00,1926.2365386287581,1926.3916977586346,1925.2068079806274,1925.3619671105039,176
2024-01-04 18:30:00,1925.3619671105039,1926.496247694925,1924.5005502062256,1925.6348307906467,132
2024-01-04 18:31:00,1925.6348307906467,1926.1031865703064,1924.1708147963932,1924.639170576053,125
2024-01-04 18:32:00,1924.639170576053,1925.0439157288436,1923.9409928461791,1924.3457379989698,37
2024-01-04 18:33:00,1924.3457379989698,1925.4713977366744,1922.5558618695122,1923.6815216072168,105
2024-01-04 18:34:00,1923.6815216072168,1924.8405032420044,1923.1014677410094,1924.260449375797,143
2024-01-04 18:35:00,1924.260449375797,1925.1823639119334,1922.6854522214462,1923.6073667575827,185
2024-01-04 18:36:00,1923.6073667575827,1924.634965928103,1923.5527862992938,1924.580385469814,124
2024-01-04 18:37:00,1924.580385469814,1924.6196380499623,1924.3046781990195,1924.3439307791677,42
2024-01-04 18:38:00,1924.3439307791677,1925.4740165453525,1922.5888145349975,1923.7189003011822,138
2024-01-04 18:39:00,1923.7189003011822,1924.3345718995454,1921.897725192309,1922.5133967906722,24
2024-01-04 18:40:00,1922.5133967906722,1923.3733326559154,1921.8968554570142,1922.7567913222574,69
2024-01-04 18:41:00,1922.7567913222574,1923.7643405290244,1922.6098857467891,1923.617434953556,184
2024-01-04 18:42:00,1923.617434953556,1924.496260213024,1923.0014924612972,1923.880317720765,162
2024-01-04 18:43:00,1923.880317720765,1926.1703270616551,1923.7439304687275,1926.0339398096176,181
2024-01-04 18:44:00,1926.0339398096176,1928.4465900405285,1924.9981991587924,1927.4108493897033,76
2024-01-04 18:45:00,1927.4108493897033,1929.0403521484166,1925.484980455888,1927.1144832146013,139
2024-01-04 18:46:00,1927.1144832146013,1927.8790179314321,1926.0435108608956,1926.8080455777265,143
2024-01-04 18:47:00,1926.8080455777265,1927.5939900283254,1926.4746088361708,1927.2605532867697,56
2024-01-04 18:48:00,1927.2605532867697,1927.6588121277325,1926.054753791141,1926.4530126321038,189
2024-01-04 18:49:00,1926.4530126321038,1927.647526178189,1926.381898896877,1927.5764124429622,194
2024-01-04 18:50:00,1927.5764124429622,1929.1028276107606,1926.3985035934802,1927.9249187612786,30
2024-01-04 18:51:00,1927.9249187612786,1928.3536953575162,1927.7433589274822,1928.1721355237198,155
2024-01-04 18:52:00,1928.1721355237198,1929.2700124927737,1927.7365410149619,1928.8344179840158,95
2024-01-04 18:53:00,1928.8344179840158,1931.32811438242,1928.0022483732985,1930.4959447717026,138
2024-01-04 18:54:00,1930.4959447717026,1931.8125171756274,1929.3443866748453,1930.66095907877,115
2024-01-04 18:55:00,1930.66095907877,1931.1630620506098,1930.0497347915098,1930.5518377633496,52
2024-01-04 18:56:00,1930.5518377633496,1932.4314069950904,1930.1285992523462,1932.008168484087,28
2024-01-04 18:57:00,1932.008168484087,1933.5503968561381,1931.4005977655936,1932.9428261376447,107
2024-01-04 18:58:00,1932.9428261376447,1933.2800172580064,1932.2954171773806,1932.6326082977423,169
2024-01-04 18:59:00,1932.6326082977423,1932.9956144177784,1932.274613927606,1932.637620047642,166
2024-01-04 19:00:00,1932.637620047642,1933.5654867825572,1931.8985535669183,1932.8264203018334,62
2024-01-04 19:01:00,1932.8264203018334,1933.8276741614986,1932.174827251438,1933.1760811111033,173
2024-01-04 19:02:00,1933.1760811111033,1934.579235208702,1930.4616538217674,1931.864807919366,77
2024-01-04 19:03:00,1931.864807919366,1932.6133489266351,1929.6263310468123,1930.3748720540814,116
2024-01-04 19:04:00,1930.3748720540814,1931.3979588637083,1928.4952875443619,1929.5183743539887,71
2024-01-04 19:05:00,1929.5183743539887,1929.6837371753322,1928.4222712565272,1928.5876340778707,109
2024-01-04 19:06:00,1928.5876340778707,1929.3685212812795,1927.185911358527,1927.9667985619358,110
2024-01-04 19:07:00,1927.9667985619358,1928.8783574012346,1927.6670902449587,1928.5786490842574,142
2024-01-04 19:08:00,1928.5786490842574,1929.309693470472,1927.684708115995,1928.4157525022094,99
2024-01-04 19:09:00,1928.4157525022094,1929.4492738180427,1927.5715964113804,1928.6051177272136,110
2024-01-04 19:10:00,1928.6051177272136,1929.202568769389,1926.827067773909,1927.4245188160844,133
2024-01-04 19:11:00,1927.4245188160844,1928.9303862295749,1925.473761152179,1926.9796285656694,89
2024-01-04 19:12:00,1926.9796285656694,1928.674208154719,1925.8508657520701,1927.5454453411198,109
2024-01-04 19:13:00,1927.5454453411198,1929.1512537270003,1926.513035905716,1928.1188442915964,26
2024-01-04 19:14:00,1928.1188442915964,1928.991690531497,1926.5474658255912,1927.4203120654918,175
2024-01-04 19:15:00,1927.4203120654918,1928.8341830177383,1926.1622367968475,1927.576107749094,33
2024-01-04 19:16:00,1927.576107749094,1929.7196570530452,1927.551781738617,1929.6953310425681,175
2024-01-04 19:17:00,1929.6953310425681,1930.8030756817877,1928.5706070823883,1929.678351721608,154
2024-01-04 19:18:00,1929.678351721608,1929.8746306365204,1928.8132588848619,1929.0095377997743,190
2024-01-04 19:19:00,1929.0095377997743,1929.3704861901153,1928.480994756238,1928.841943146579,14
2024-01-04 19:20:00,1928.841943146579,1929.7260973741968,1928.0466864545592,1928.930840682177,51
2024-01-04 19:21:00,1928.930840682177,1929.9851995176198,1927.7306851709093,1928.785044006352,19
2024-01-04 19:22:00,1928.785044006352,1928.9186771536467,1928.6211726201952,1928.7548057674899,89
2024-01-04 19:23:00,1928.7548057674899,1929.13544261709,1926.982141444659,1927.362778294259,181
2024-01-04 19:24:00,1927.362778294259,1927.9782866687735,1925.8196008462783,1926.4351092207928,155
2024-01-04 19:25:00,1926.4351092207928,1926.9411975594041,1925.7851785603123,1926.2912668989236,143
2024-01-04 19:26:00,1926.2912668989236,1927.1981022376247,1925.2252544365463,1926.1320897752473,171
2024-01-04 19:27:00,1926.1320897752473,1928.0330011998208,1923.6859006850768,1925.5868121096503,10
2024-01-04 19:28:00,1925.5868121096503,1926.3259104175484,1924.6772862882958,1925.416384596194,159
2024-01-04 19:29:00,1925.416384596194,1925.769646143981,1925.121862549566,1925.475124097353,69
2024-01-04 19:30:00,1925.475124097353,1926.409794318437,1925.3967256190567,1926.3313958401407,141
2024-01-04 19:31:00,1926.3313958401407,1926.7839634426985,1925.783270897382,1926.2358384999397,155
2024-01-04 19:32:00,1926.2358384999397,1926.8359071263558,1926.0201533221768,1926.6202219485929,140
2024-01-04 19:33:00,1926.6202219485929,1927.3781608863997,1925.340553964308,1926.0984929021147,89
2024-01-04 19:34:00,1926.0984929021147,1927.4016215395286,1925.3463206202102,1926.6494492576242,126
2024-01-04 19:35:00,1926.6494492576242,1927.4109968809637,1926.2498519197663,1927.0113995431059,99
2024-01-04 19:36:00,1927.0113995431059,1929.189310211888,1925.667708491847,1927.845619160629,129
2024-01-04 19:37:00,1927.845619160629,1928.8282330411155,1927.5507260936265,1928.533339974113,97
2024-01-04 19:38:00,1928.533339974113,1929.6336895047123,1928.0006885820922,1929.1010381126914,84
2024-01-04 19:39:00,1929.1010381126914,1929.9263296830559,1928.180817979722,1929.0061095500864,48
2024-01-04 19:40:00,1929.0061095500864,1930.1653249057233,1928.083138827168,1929.242354182805,83
2024-01-04 19:41:00,1929.242354182805,1931.3405309645213,1928.1700606354989,1930.2682374172152,147
2024-01-04 19:42:00,1930.2682374172152,1931.0124977813205,1928.8946376382373,1929.6388980023426,175
2024-01-04 19:43:00,1929.6388980023426,1930.6230567532143,1928.0484392046803,1929.032597955552,29
2024-01-04 19:44:00,1929.032597955552,1929.5297274265417,1928.7104620250318,1929.2075914960215,44
2024-01-04 19:45:00,1929.2075914960215,1930.5413620037332,1928.2744013538368,1929.6081718615485,106
2024-01-04 19:46:00,1929.6081718615485,1930.5358264647364,1927.8854159406285,1928.8130705438164,143
2024-01-04 19:47:00,1928.8130705438164,1929.9752861367501,1927.5787534461333,1928.740969039067,42
2024-01-04 19:48:00,1928.740969039067,1928.805939865109,1928.585348569578,1928.6503193956198,71
2024-01-04 19:49:00,1928.6503193956198,1928.8787334092522,1926.2856550307329,1926.5140690443652,18
2024-01-04 19:50:00,1926.5140690443652,1927.409083516047,1925.4075291177908,1926.3025435894726,19
2024-01-04 19:51:00,1926.3025435894726,1926.7460839635617,1925.7074823445996,1926.1510227186886,37
2024-01-04 19:52:00,1926.1510227186886,1926.9183421615944,1925.2293290679063,1925.996648510812,148
2024-01-04 19:53:00,1925.996648510812,1928.3469046036507,1925.0099154916804,1927.360171584519,175
2024-01-04 19:54:00,1927.360171584519,1927.715986665538,1925.832715894887,1926.188530975906,104
2024-01-04 19:55:00,1926.188530975906,1926.600492200003,1924.98238048229,1925.394341706387,43
2024-01-04 19:56:00,1925.394341706387,1925.5581182268609,1922.7158116811563,1922.8795882016302,185
2024-01-04 19:57:00,1922.8795882016302,1923.255787134002,1922.0410168487522,1922.417215781124,62
2024-01-04 19:58:00,1922.417215781124,1922.804479887802,1921.6496556845639,1922.0369197912419,39
2024-01-04 19:59:00,1922.0369197912419,1922.3509615417167,1921.2327805601844,1921.5468223106593,36
2024-01-04 20:00:00,1921.5468223106593,1922.9041789182693,1921.2536926389646,1922.6110492465746,77
2024-01-04 20:01:00,1922.6110492465746,1923.9111449349682,1922.1382699369915,1923.4383656253851,149
2024-01-04 20:02:00,1923.4383656253851,1923.9813849232005,1922.9702226328084,1923.5132419306237,85
2024-01-04 20:03:00,1923.5132419306237,1924.8110388736877,1921.8590054295016,1923.1568023725656,94
2024-01-04 20:04:00,1923.1568023725656,1924.56911350095,1922.7312530645536,1924.143564192938,74
2024-01-04 20:05:00,1924.143564192938,1924.8532391360177,1923.4148807704353,1924.124555713515,189
2024-01-04 20:06:00,1924.124555713515,1924.479648803433,1922.982235886053,1923.337328975971,139
2024-01-04 20:07:00,1923.337328975971,1923.6872313441077,1921.3369640342287,1921.6868664023652,136
2024-01-04 20:08:00,1921.6868664023652,1921.7653963059965,1921.1843023652975,1921.2628322689288,93
2024-01-04 20:09:00,1921.2628322689288,1922.015199646619,1921.23539925788,1921.9877666355703,110
2024-01-04 20:10:00,1921.9877666355703,1924.2882637380817,1921.8750092888458,1924.1755063913572,178
2024-01-04 20:11:00,1924.1755063913572,1924.882746552901,1923.5275407893528,1924.2347809508965,134
2024-01-04 20:12:00,1924.2347809508965,1925.2258341415497,1922.5073659092495,1923.4984190999028,164
2024-01-04 20:13:00,1923.4984190999028,1923.6086335139266,1922.2485653334672,1922.358779747491,17
2024-01-04 20:14:00,1922.358779747491,1923.2550114281325,1921.9930757373186,1922.88930741796,173
2024-01-04 20:15:00,1922.88930741796,1922.9404531381717,1921.1415810283343,1921.192726748546,190
2024-01-04 20:16:00,1921.192726748546,1922.1963292786934,1920.717783721409,1921.7213862515564,136
2024-01-04 20:17:00,1921.7213862515564,1923.4974802167433,1920.7309992271403,1922.5070931923271,191
2024-01-04 20:18:00,1922.5070931923271,1923.3314819049035,1922.1020796514777,1922.926468364054,117
2024-01-04 20:19:00,1922.926468364054,1923.4850106239537,1922.1567294826266,1922.7152717425263,62
2024-01-04 20:20:00,1922.7152717425263,1924.395115310299,1921.5785381858548,1923.2583817536274,125
2024-01-04 20:21:00,1923.2583817536274,1924.1759353238813,1922.5052075108913,1923.4227610811452,129
2024-01-04 20:22:00,1923.4227610811452,1923.707281575097,1922.3899100330061,1922.674430526958,37
2024-01-04 20:23:00,1922.674430526958,1925.0918017555396,1922.035929527458,1924.4533007560394,48
2024-01-04 20:24:00,1924.4533007560394,1924.712075350113,1923.856130890516,1924.1149054845896,65
2024-01-04 20:25:00,1924.1149054845896,1925.600556038171,1923.3755732131383,1924.8612237667196,114
2024-01-04 20:26:00,1924.8612237667196,1925.6361355488011,1921.7585635606335,1922.533475342715,38
2024-01-04 20:27:00,1922.533475342715,1923.8116149282516,1922.482364758402,1923.7605043439385,156
2024-01-04 20:28:00,1923.7605043439385,1925.8182697644265,1923.1155137645399,1925.173279185028,30
2024-01-04 20:29:00,1925.173279185028,1925.734286934749,1924.6409890402035,1925.2019967899246,188
2024-01-04 20:30:00,1925.2019967899246,1926.5273737029831,1924.4144934327787,1925.7398703458373,138
2024-01-04 20:31:00,1925.7398703458373,1927.1758121652836,1924.8417060030984,1926.2776478225446,74
2024-01-04 20:32:00,1926.2776478225446,1927.0392263731883,1924.8969794606078,1925.6585580112514,80
2024-01-04 20:33:00,1925.6585580112514,1926.6463976704429,1925.197503726934,1926.1853433861254,141
2024-01-04 20:34:00,1926.1853433861254,1927.1223733017778,1924.4695273908312,1925.4065573064836,26
2024-01-04 20:35:00,1925.4065573064836,1925.6479056311873,1924.5791566954838,1924.8205050201875,146
2024-01-04 20:36:00,1924.8205050201875,1925.9742181763932,1924.751373499005,1925.9050866552107,114
2024-01-04 20:37:00,1925.9050866552107,1927.4969462291303,1925.2517761834247,1926.8436357573444,52
2024-01-04 20:38:00,1926.8436357573444,1927.394464104219,1925.6122698401164,1926.163098186991,180
2024-01-04 20:39:00,1926.163098186991,1926.4243647647547,1925.19533776795,1925.4566043457137,129
2024-01-04 20:40:00,1925.4566043457137,1926.187177219759,1924.104497350696,1924.8350702247412,41
2024-01-04 20:41:00,1924.8350702247412,1925.7216488462198,1924.6535967689458,1925.5401753904243,134
2024-01-04 20:42:00,1925.5401753904243,1925.8684395712628,1924.249155774471,1924.5774199553096,88
2024-01-04 20:43:00,1924.5774199553096,1925.6792031581533,1923.8188972977164,1924.9206805005601,155
2024-01-04 20:44:00,1924.9206805005601,1925.8205641527984,1924.7396072837998,1925.639490936038,103
2024-01-04 20:45:00,1925.639490936038,1926.3747665309365,1924.8192508791499,1925.5545264740483,199
2024-01-04 20:46:00,1925.5545264740483,1926.8903271206582,1925.1911921892013,1926.5269928358111,186
2024-01-04 20:47:00,1926.5269928358111,1927.0922236989481,1925.668631094816,1926.233861957953,17
2024-01-04 20:48:00,1926.233861957953,1927.0409285104954,1925.2208274553086,1926.027894007851,88
2024-01-04 20:49:00,1926.027894007851,1926.9722634385087,1924.1424228269564,1925.086792257614,48
2024-01-04 20:50:00,1925.086792257614,1926.6793186524646,1924.4733432014068,1926.0658695962575,95
2024-01-04 20:51:00,1926.0658695962575,1926.3300205904584,1925.0635341664197,1925.3276851606206,37
2024-01-04 20:52:00,1925.3276851606206,1926.065691336019,1924.9263916672903,1925.6643978426887,111
2024-01-04 20:53:00,1925.6643978426887,1926.4873802682023,1924.7727500114456,1925.5957324369592,39
2024-01-04 20:54:00,1925.5957324369592,1925.7800097951435,1924.39783779202,1924.5821151502043,128
2024-01-04 20:55:00,1924.5821151502043,1925.0907940611523,1923.4873017308141,1923.9959806417621,96
2024-01-04 20:56:00,1923.9959806417621,1925.7553082861373,1923.5669733122145,1925.3263009565896,198
2024-01-04 20:57:00,1925.3263009565896,1926.058280325596,1924.7884498728938,1925.5204292419,176
2024-01-04 20:58:00,1925.5204292419,1925.7093111916283,1924.3599774929328,1924.548859442661,124
2024-01-04 20:59:00,1924.548859442661,1924.978156547501,1924.4133719414076,1924.8426690462475,95
2024-01-04 21:00:00,1924.8426690462475,1925.620534535636,1923.9241802955794,1924.7020457849678,146
2024-01-04 21:01:00,1924.7020457849678,1928.976232788738,1923.7518638695155,1928.0260508732856,137
2024-01-04 21:02:00,1928.0260508732856,1928.4135942177188,1927.913370625769,1928.3009139702021,36
2024-01-04 21:03:00,1928.3009139702021,1929.0215472034909,1927.2133011166743,1927.933934349963,81
2024-01-04 21:04:00,1927.933934349963,1930.2995427583644,1926.9371859467747,1929.302794355176,198
2024-01-04 21:05:00,1929.302794355176,1930.110779312979,1926.7188512863397,1927.5268362441427,70
2024-01-04 21:06:00,1927.5268362441427,1928.0353877165135,1927.1091870880837,1927.6177385604544,12
2024-01-04 21:07:00,1927.6177385604544,1929.7547456342052,1927.4029793590223,1929.539986432773,168
2024-01-04 21:08:00,1929.539986432773,1930.1500630698351,1928.8178042129275,1929.4278808499896,187
2024-01-04 21:09:00,1929.4278808499896,1930.101741386294,1927.08188063296,1927.7557411692644,134
2024-01-04 21:10:00,1927.7557411692644,1928.3708847902349,1926.7589809838316,1927.374124604802,130
2024-01-04 21:11:00,1927.374124604802,1929.2849697062497,1926.864979721312,1928.7758248227597,76
2024-01-04 21:12:00,1928.7758248227597,1929.2995263212074,1928.614800297229,1929.1385017956768,78
2024-01-04 21:13:00,1929.1385017956768,1929.8800170548152,1927.587851727375,1928.3293669865134,183
2024-01-04 21:14:00,1928.3293669865134,1929.0891978828854,1926.9088491758416,1927.6686800722136,173
2024-01-04 21:15:00,1927.6686800722136,1928.3242208760023,1926.4736809269634,1927.129221730752,104
2024-01-04 21:16:00,1927.129221730752,1928.0982899524736,1926.5081910076244,1927.477259229346,69
2024-01-04 21:17:00,1927.477259229346,1929.993336791838,1926.2508529741679,1928.7669305366599,45
2024-01-04 21:18:00,1928.7669305366599,1930.1198214779554,1928.4289789473758,1929.7818698886713,12
2024-01-04 21:19:00,1929.7818698886713,1931.2956292814943,1928.7081125165898,1930.2218719094128,101
2024-01-04 21:20:00,1930.2218719094128,1930.5173755699436,1928.6411833281438,1928.9366869886746,115
2024-01-04 21:21:00,1928.9366869886746,1929.942518801517,1926.6501063037888,1927.6559381166312,138
2024-01-04 21:22:00,1927.6559381166312,1929.2239807371006,1926.6018587087642,1928.1699013292337,162
2024-01-04 21:23:00,1928.1699013292337,1928.6350286792938,1926.4076255421023,1926.8727528921625,79
2024-01-04 21:24:00,1926.8727528921625,1928.090770220751,1925.43741609015,1926.6554334187385,41
2024-01-04 21:25:00,1926.6554334187385,1927.7072760957044,1925.8965872966332,1926.948429973599,170
2024-01-04 21:26:00,1926.948429973599,1927.1882862447965,1925.612531220746,1925.8523874919433,154
2024-01-04 21:27:00,1925.8523874919433,1926.2858070526704,1924.4326789001948,1924.8660984609219,111
2024-01-04 21:28:00,1924.8660984609219,1925.8795937447157,1923.7620179539592,1924.775513237753,17
2024-01-04 21:29:00,1924.775513237753,1926.193226124338,1923.8425072214989,1925.2602201080838,98
2024-01-04 21:30:00,1925.2602201080838,1926.4523378089723,1925.0899523379828,1926.2820700388713,127
2024-01-04 21:31:00,1926.2820700388713,1927.3911420799236,1925.757676071296,1926.8667481123482,173
2024-01-04 21:32:00,1926.8667481123482,1927.5942278697103,1926.210231576821,1926.937711334183,106
2024-01-04 21:33:00,1926.937711334183,1927.3200254689166,1925.8364617941352,1926.2187759288688,97
2024-01-04 21:34:00,1926.2187759288688,1927.7041733936808,1923.7019778827218,1925.1873753475338,82
2024-01-04 21:35:00,1925.1873753475338,1925.8547303461696,1924.0282532884953,1924.695608287131,88
2024-01-04 21:36:00,1924.695608287131,1925.6438371223833,1924.1418800619253,1925.0901088971775,13
2024-01-04 21:37:00,1925.0901088971775,1926.4503249026454,1924.0539083757335,1925.4141243812014,29
2024-01-04 21:38:00,1925.4141243812014,1925.850652344136,1922.9560059467012,1923.3925339096359,153
2024-01-04 21:39:00,1923.3925339096359,1924.3567085049847,1921.67277664917,1922.6369512445187,78
2024-01-04 21:40:00,1922.6369512445187,1923.8594031522214,1922.5724147002015,1923.7948666079042,171
2024-01-04 21:41:00,1923.7948666079042,1924.273670299604,1923.392259667366,1923.8710633590658,85
2024-01-04 21:42:00,1923.8710633590658,1924.8511850094358,1921.5278704864756,1922.5079921368456,199
2024-01-04 21:43:00,1922.5079921368456,1925.9544211113935,1921.3261056871313,1924.7725346616792,44
2024-01-04 21:44:00,1924.7725346616792,1925.0522787039674,1924.4649374936582,1924.7446815359465,45
2024-01-04 21:45:00,1924.7446815359465,1925.3494865577266,1924.5097488862275,1925.1145539080076,121
2024-01-04 21:46:00,1925.1145539080076,1926.2952926254666,1924.3183806518032,1925.4991193692622,162
2024-01-04 21:47:00,1925.4991193692622,1925.8367767897955,1924.807559575541,1925.1452169960744,37
2024-01-04 21:48:00,1925.1452169960744,1925.6191777789786,1923.9709137163848,1924.444874499289,105
2024-01-04 21:49:00,1924.444874499289,1927.4020201656224,1923.5292521081371,1926.4863977744706,52
2024-01-04 21:50:00,1926.4863977744706,1927.8212185772031,1926.1179082027309,1927.4527290054634,150
2024-01-04 21:51:00,1927.4527290054634,1928.4243425179734,1927.2732380436273,1928.2448515561373,116
2024-01-04 21:52:00,1928.2448515561373,1928.8771985762216,1928.168117869522,1928.8004648896062,134
2024-01-04 21:53:00,1928.8004648896062,1929.382653290285,1927.250676964447,1927.8328653651256,61
2024-01-04 21:54:00,1927.8328653651256,1929.2045110343283,1927.6926520409895,1929.0642977101922,64
2024-01-04 21:55:00,1929.0642977101922,1929.5281730524662,1927.7871938135163,1928.2510691557902,131
2024-01-04 21:56:00,1928.2510691557902,1928.5658120872868,1928.2094502599996,1928.5241931914961,77
2024-01-04 21:57:00,1928.5241931914961,1929.7342901353852,1925.733294700226,1926.943391644115,141
2024-01-04 21:58:00,1926.943391644115,1928.3544547434835,1923.5660188069796,1924.977081906348,39
2024-01-04 21:59:00,1924.977081906348,1925.4535527015382,1924.8069627463979,1925.283433541588,67
2024-01-04 22:00:00,1925.283433541588,1925.9596115599916,1923.8283828155738,1924.5045608339774,29
2024-01-04 22:01:00,1924.5045608339774,1924.7120453635373,1922.3829952728054,1922.5904798023653,26
2024-01-04 22:02:00,1922.5904798023653,1923.5681285980274,1922.1325163485317,1923.1101651441938,59
2024-01-04 22:03:00,1923.1101651441938,1926.4206735476555,1921.8382311815994,1925.148739585061,102
2024-01-04 22:04:00,1925.148739585061,1926.8844267454397,1924.750607514874,1926.4862946752526,37
2024-01-04 22:05:00,1926.4862946752526,1926.953970935027,1925.7707587258085,1926.238434985583,27
2024-01-04 22:06:00,1926.238434985583,1926.4617193306447,1926.0236697253856,1926.2469540704474,176
2024-01-04 22:07:00,1926.2469540704474,1928.1218201356871,1925.227058741827,1927.1019248070668,107
2024-01-04 22:08:00,1927.1019248070668,1928.8631325702966,1926.4219445772887,1928.1831523405185,145
2024-01-04 22:09:00,1928.1831523405185,1928.5907783900823,1927.4443263983214,1927.8519524478852,147
2024-01-04 22:10:00,1927.8519524478852,1928.4455700834756,1927.2912796002897,1927.88489723588,29
2024-01-04 22:11:00,1927.88489723588,1928.498190497775,1927.5613793469083,1928.1746726088033,127
2024-01-04 22:12:00,1928.1746726088033,1929.620375891815,1927.2629544720514,1928.708657755063,173
2024-01-04 22:13:00,1928.708657755063,1929.7508730865113,1927.5381095806895,1928.5803249121377,95
2024-01-04 22:14:00,1928.5803249121377,1928.6142506479912,1928.4306021558084,1928.4645278916619,173
2024-01-04 22:15:00,1928.4645278916619,1931.1819452630955,1927.077589371413,1929.7950067428467,189
2024-01-04 22:16:00,1929.7950067428467,1930.9917071087896,1929.7653698829668,1930.9620702489096,113
2024-01-04 22:17:00,1930.9620702489096,1932.5002061915645,1929.8848651608753,1931.4230011035302,29
2024-01-04 22:18:00,1931.4230011035302,1933.7210153328283,1930.785150273856,1933.0831645031542,127
2024-01-04 22:19:00,1933.0831645031542,1933.4682758036547,1932.3245373041768,1932.7096486046773,177
2024-01-04 22:20:00,1932.7096486046773,1934.6999343409454,1932.287731090207,1934.278016826475,120
2024-01-04 22:21:00,1934.278016826475,1935.3701773583853,1933.710544142675,1934.8027046745851,162
2024-01-04 22:22:00,1934.8027046745851,1938.6292712905358,1934.1405331527953,1937.967099768746,111
2024-01-04 22:23:00,1937.967099768746,1938.1917101249508,1936.5869940419543,1936.811604398159,89
2024-01-04 22:24:00,1936.811604398159,1937.3018593188128,1935.6537835355396,1936.1440384561934,189
2024-01-04 22:25:00,1936.1440384561934,1936.8319405462896,1935.8615628252917,1936.549464915388,39
2024-01-04 22:26:00,1936.549464915388,1937.044482669131,1936.4390788580167,1936.9340966117597,95
2024-01-04 22:27:00,1936.9340966117597,1939.0874642769384,1936.6693742923712,1938.8227419575499,39
2024-01-04 22:28:00,1938.8227419575499,1938.9584240276397,1938.039129869395,1938.174811939485,134
2024-01-04 22:29:00,1938.174811939485,1939.4705321821407,1937.756036836724,1939.0517570793797,185
2024-01-04 22:30:00,1939.0517570793797,1940.9286644119734,1938.3018877126704,1940.178795045264,199
2024-01-04 22:31:00,1940.178795045264,1941.491481582952,1939.5496798986005,1940.8623664362885,54
2024-01-04 22:32:00,1940.8623664362885,1942.2103634198395,1938.5817886355755,1939.9297856191265,148
2024-01-04 22:33:00,1939.9297856191265,1941.5711020516817,1939.6539458052112,1941.2952622377663,176
2024-01-04 22:34:00,1941.2952622377663,1943.2535880075193,1940.5301778004703,1942.4885035702232,168
2024-01-04 22:35:00,1942.4885035702232,1943.6562628381666,1941.9030873205857,1943.070846588529,105
2024-01-04 22:36:00,1943.070846588529,1944.1693718583128,1942.1708523355371,1943.2693776053209,43
2024-01-04 22:37:00,1943.2693776053209,1944.3506071719014,1942.4078424247157,1943.4890719912962,97
2024-01-04 22:38:00,1943.4890719912962,1944.0079663516387,1942.8936665550577,1943.4125609154003,157
2024-01-04 22:39:00,1943.4125609154003,1944.6855544550986,1942.762222315079,1944.0352158547773,127
2024-01-04 22:40:00,1944.0352158547773,1944.3593952696685,1943.741300065169,1944.0654794800603,83
2024-01-04 22:41:00,1944.0654794800603,1944.8869572664296,1942.419207637161,1943.2406854235303,50
2024-01-04 22:42:00,1943.2406854235303,1943.3878576930908,1942.0746801806577,1942.2218524502182,133
2024-01-04 22:43:00,1942.2218524502182,1943.1059403047875,1940.6074539728097,1941.491541827379,91
2024-01-04 22:44:00,1941.491541827379,1942.280688706554,1940.9180288832424,1941.7071757624174,99
2024-01-04 22:45:00,1941.7071757624174,1942.1005362426147,1941.2876451117024,1941.6810055918997,188
2024-01-04 22:46:00,1941.6810055918997,1942.3823263072775,1941.1887493530726,1941.8900700684503,11
2024-01-04 22:47:00,1941.8900700684503,1942.8972011939304,1941.3692009684667,1942.3763320939468,55
2024-01-04 22:48:00,1942.3763320939468,1943.4626745679593,1940.68074296037,1941.7670854343826,184
2024-01-04 22:49:00,1941.7670854343826,1945.0296863483416,1939.9274698570862,1943.1900707710452,185
2024-01-04 22:50:00,1943.1900707710452,1944.2469744756772,1941.8730605559347,1942.9299642605667,67
2024-01-04 22:51:00,1942.9299642605667,1943.2930868574263,1942.1457825256819,1942.5089051225414,198
2024-01-04 22:52:00,1942.5089051225414,1943.8050485043161,1941.6812815216301,1942.9774249034049,50
2024-01-04 22:53:00,1942.9774249034049,1943.8211952961296,1940.3495055787705,1941.1932759714953,19
2024-01-04 22:54:00,1941.1932759714953,1941.4163625858703,1940.202899278007,1940.425985892382,68
2024-01-04 22:55:00,1940.425985892382,1941.4707112572198,1940.3331101038611,1941.377835468699,110
2024-01-04 22:56:00,1941.377835468699,1941.935193776524,1939.1339809489048,1939.6913392567299,11
2024-01-04 22:57:00,1939.6913392567299,1941.670962095296,1938.7955909135478,1940.775213752114,42
2024-01-04 22:58:00,1940.775213752114,1942.2850336821614,1940.7317820183587,1942.241601948406,160
2024-01-04 22:59:00,1942.241601948406,1942.544186956977,1941.5802311762436,1941.8828161848146,128
2024-01-04 23:00:00,1941.8828161848146,1942.9712360818105,1941.077729387123,1942.166149284119,125
2024-01-04 23:01:00,1942.166149284119,1943.8520675803068,1941.5669575150803,1943.252875811268,198
2024-01-04 23:02:00,1943.252875811268,1944.3860226991462,1941.6661842073586,1942.7993310952368,53
2024-01-04 23:03:00,1942.7993310952368,1943.6767419385153,1942.7648771023676,1943.642287945646,180
2024-01-04 23:04:00,1943.642287945646,1945.1392315740209,1941.4931077274114,1942.9900513557861,77
2024-01-04 23:05:00,1942.9900513557861,1943.004811618153,1942.5113028411934,1942.5260631035603,185
2024-01-04 23:06:00,1942.5260631035603,1942.7315638017153,1941.5441964478352,1941.7496971459902,158
2024-01-04 23:07:00,1941.7496971459902,1942.6421067090073,1941.1899551306055,1942.0823646936226,50
2024-01-04 23:08:00,1942.0823646936226,1943.3488647108331,1941.9403003143361,1943.2068003315467,49
2024-01-04 23:09:00,1943.2068003315467,1943.7746480387957,1942.460067873438,1943.027915580687,113
2024-01-04 23:10:00,1943.027915580687,1943.5818209787574,1941.2389738799325,1941.7928792780028,105
2024-01-04 23:11:00,1941.7928792780028,1942.2991123481447,1940.23545000893,1940.741683079072,54
2024-01-04 23:12:00,1940.741683079072,1941.379883274873,1940.4863906558567,1941.1245908516578,59
2024-01-04 23:13:00,1941.1245908516578,1943.6654178126987,1940.3735937498332,1942.914420710874,180
2024-01-04 23:14:00,1942.914420710874,1943.7565607259003,1942.454767685329,1943.2969077003552,153
2024-01-04 23:15:00,1943.2969077003552,1944.308650720949,1941.9092372445214,1942.920980265115,46
2024-01-04 23:16:00,1942.920980265115,1944.178280648816,1942.4079973333821,1943.6652977170831,147
2024-01-04 23:17:00,1943.6652977170831,1943.8733820413865,1943.2244607993596,1943.432545123663,39
2024-01-04 23:18:00,1943.432545123663,1943.5054918828157,1942.9920124631278,1943.0649592222805,94
2024-01-04 23:19:00,1943.0649592222805,1943.5807474494927,1941.6179968435063,1942.1337850707184,12
2024-01-04 23:20:00,1942.1337850707184,1943.5911933647662,1942.044074819148,1943.5014831131957,133
2024-01-04 23:21:00,1943.5014831131957,1943.5597289419086,1940.97576010769,1941.0340059364028,44
2024-01-04 23:22:00,1941.0340059364028,1942.5957285593806,1940.2466192332708,1941.8083418562487,54
2024-01-04 23:23:00,1941.8083418562487,1941.9161532601647,1941.2502785579782,1941.3580899618942,46
2024-01-04 23:24:00,1941.3580899618942,1942.4885800061527,1939.8292907683135,1940.959780812572,44
2024-01-04 23:25:00,1940.959780812572,1943.2469723593867,1940.3149470929995,1942.6021386398143,24
2024-01-04 23:26:00,1942.6021386398143,1943.1676835149276,1941.3429574712122,1941.9085023463256,115
2024-01-04 23:27:00,1941.9085023463256,1942.0891293011487,1941.0675593553067,1941.2481863101298,174
2024-01-04 23:28:00,1941.2481863101298,1942.1272707153032,1940.2425381150524,1941.1216225202259,67
2024-01-04 23:29:00,1941.1216225202259,1942.104615561465,1940.5402935334985,1941.5232865747375,158
2024-01-04 23:30:00,1941.5232865747375,1941.8392592163705,1940.77837728779,1941.0943499294228,113
2024-01-04 23:31:00,1941.0943499294228,1941.7537346544111,1938.9074608656101,1939.5668455905984,58
2024-01-04 23:32:00,1939.5668455905984,1939.6377198213127,1938.656431614921,1938.7273058456353,21
2024-01-04 23:33:00,1938.7273058456353,1940.0218904117655,1938.674799747221,1939.9693843133512,158
2024-01-04 23:34:00,1939.9693843133512,1940.18928763715,1939.8220133303423,1940.0419166541412,14
2024-01-04 23:35:00,1940.0419166541412,1941.1972747157542,1939.3241227117558,1940.4794807733688,90
2024-01-04 23:36:00,1940.4794807733688,1941.0602841491952,1939.6450361533632,1940.2258395291897,16
2024-01-04 23:37:00,1940.2258395291897,1941.2146324554012,1938.5972593673653,1939.5860522935768,157
2024-01-04 23:38:00,1939.5860522935768,1941.438132088667,1939.3608676518527,1941.212947446943,198
2024-01-04 23:39:00,1941.212947446943,1942.0183460697988,1940.2248885893316,1941.0302872121874,71
2024-01-04 23:40:00,1941.0302872121874,1941.5682717706277,1940.062005471447,1940.5999900298873,69
2024-01-04 23:41:00,1940.5999900298873,1941.8798607343747,1940.38370625801,1941.6635769624975,117
2024-01-04 23:42:00,1941.6635769624975,1942.3954391799818,1940.2304243458861,1940.9622865633705,105
2024-01-04 23:43:00,1940.9622865633705,1941.5187844124086,1939.8286170418057,1940.3851148908439,82
2024-01-04 23:44:00,1940.3851148908439,1940.7330267094503,1940.047144328809,1940.3950561474155,79
2024-01-04 23:45:00,1940.3950561474155,1940.9937357636072,1939.7966385855423,1940.395318201734,45
2024-01-04 23:46:00,1940.395318201734,1941.1791121255396,1939.86339859994,1940.6471925237456,57
2024-01-04 23:47:00,1940.6471925237456,1943.1998781846044,1940.124102735899,1942.6767883967577,121
2024-01-04 23:48:00,1942.6767883967577,1943.425966269635,1942.2542213555441,1943.0033992284214,149
2024-01-04 23:49:00,1943.0033992284214,1943.079106233979,1940.6174087562772,1940.6931157618349,152
2024-01-04 23:50:00,1940.6931157618349,1941.621065820155,1940.0817887601136,1941.0097388184338,108
2024-01-04 23:51:00,1941.0097388184338,1941.3171943026312,1940.7390460533418,1941.0465015375391,153
2024-01-04 23:52:00,1941.0465015375391,1941.2748876365633,1940.8602846973943,1941.0886707964185,122
2024-01-04 23:53:00,1941.0886707964185,1941.816316337195,1940.5997280235829,1941.3273735643595,77
2024-01-04 23:54:00,1941.3273735643595,1942.1947565033465,1940.4321536529274,1941.2995365919144,77
2024-01-04 23:55:00,1941.2995365919144,1941.9539755200312,1940.5940297478637,1941.2484686759806,108
2024-01-04 23:56:00,1941.2484686759806,1942.2197782845521,1940.8721946341334,1941.843504242705,68
2024-01-04 23:57:00,1941.843504242705,1942.2040666142846,1940.9566238337218,1941.3171862053014,155
2024-01-04 23:58:00,1941.3171862053014,1942.146051465452,1939.5684410598965,1940.3973063200472,45
2024-01-04 23:59:00,1940.3973063200472,1943.6795058922658,1940.0487754406133,1943.330975012832,20
2024-01-05 00:00:00,1943.330975012832,1944.223563524258,1941.7428125293088,1942.635401040735,103
2024-01-05 00:01:00,1942.635401040735,1942.877994157321,1942.490078507603,1942.732671624189,23
2024-01-05 00:02:00,1942.732671624189,1942.7655150085877,1941.2469942222774,1941.2798376066762,46
2024-01-05 00:03:00,1941.2798376066762,1941.775625960238,1940.8970981460432,1941.3928864996049,81
2024-01-05 00:04:00,1941.3928864996049,1942.817252142862,1939.0626421335437,1940.4870077768007,10
2024-01-05 00:05:00,1940.4870077768007,1941.719883156718,1938.824825898437,1940.0577012783542,52
2024-01-05 00:06:00,1940.0577012783542,1941.9280342298666,1939.2011112034231,1941.0714441549355,113
2024-01-05 00:07:00,1941.0714441549355,1942.2504526784933,1940.350537778651,1941.5295463022087,81
2024-01-05 00:08:00,1941.5295463022087,1942.2220525131597,1941.388832034438,1942.0813382453891,180
2024-01-05 00:09:00,1942.0813382453891,1942.724280171786,1939.718484387567,1940.3614263139639,27
2024-01-05 00:10:00,1940.3614263139639,1942.5128562382142,1939.9921166555728,1942.1435465798231,146
2024-01-05 00:11:00,1942.1435465798231,1942.4088136509033,1940.7208772105755,1940.9861442816557,122
2024-01-05 00:12:00,1940.9861442816557,1943.1124829021753,1940.343263341754,1942.4696019622736,132
2024-01-05 00:13:00,1942.4696019622736,1943.8616825862093,1942.0696802917078,1943.4617609156435,137
2024-01-05 00:14:00,1943.4617609156435,1944.943967423805,1942.5405664609737,1944.022772969135,19
2024-01-05 00:15:00,1944.022772969135,1944.1922017079069,1943.0222892880495,1943.1917180268213,160
2024-01-05 00:16:00,1943.1917180268213,1943.9511583174733,1942.579561801664,1943.3390020923162,72
2024-01-05 00:17:00,1943.3390020923162,1943.5802701861917,1942.6401540263275,1942.881422120203,133
2024-01-05 00:18:00,1942.881422120203,1943.3333281523471,1942.457726310051,1942.909632342195,65
2024-01-05 00:19:00,1942.909632342195,1943.6107899419696,1941.9657351329042,1942.666892732679,85
2024-01-05 00:20:00,1942.666892732679,1942.8154298426207,1940.5381850535896,1940.6867221635314,143
2024-01-05 00:21:00,1940.6867221635314,1942.4215509186752,1940.0404092118622,1941.775237967006,187
2024-01-05 00:22:00,1941.775237967006,1942.27528764498,1941.1964423549273,1941.6964920329012,176
2024-01-05 00:23:00,1941.6964920329012,1942.0223901238357,1940.8999263244418,1941.2258244153763,148
2024-01-05 00:24:00,1941.2258244153763,1941.6253826972163,1940.28240528629,1940.68196356813,112
2024-01-05 00:25:00,1940.68196356813,1941.5521025578394,1940.1596525956822,1941.0297915853916,110
2024-01-05 00:26:00,1941.0297915853916,1941.3138947973928,1939.8782845338665,1940.1623877458676,193
2024-01-05 00:27:00,1940.1623877458676,1940.7465299338878,1937.3905421596896,1937.9746843477099,49
2024-01-05 00:28:00,1937.9746843477099,1938.8428569315822,1937.501015389768,1938.3691879736405,191
2024-01-05 00:29:00,1938.3691879736405,1939.2169165352748,1938.0245660403184,1938.8722946019527,133
2024-01-05 00:30:00,1938.8722946019527,1940.0703369067305,1937.4807219901809,1938.6787642949587,127
2024-01-05 00:31:00,1938.6787642949587,1939.4209450678873,1936.8238760582283,1937.5660568311569,122
2024-01-05 00:32:00,1937.5660568311569,1938.085199097483,1937.1330738074669,1937.652216073793,164
2024-01-05 00:33:00,1937.652216073793,1938.289570041254,1935.5959849118449,1936.2333388793058,139
2024-01-05 00:34:00,1936.2333388793058,1936.4164820911055,1935.0557166034944,1935.238859815294,28
2024-01-05 00:35:00,1935.238859815294,1935.650225532303,1934.1011041889321,1934.512469905941,158
2024-01-05 00:36:00,1934.512469905941,1935.785482846724,1934.0557622933982,1935.3287752341812,148
2024-01-05 00:37:00,1935.3287752341812,1935.426764871345,1934.8798998937198,1934.9778895308837,183
2024-01-05 00:38:00,1934.9778895308837,1935.7081236411088,1933.8143496185328,1934.544583728758,187
2024-01-05 00:39:00,1934.544583728758,1936.82041697166,1934.159470395128,1936.43530363803,190
2024-01-05 00:40:00,1936.43530363803,1937.2199051164648,1935.9919625709779,1936.7765640494126,18
2024-01-05 00:41:00,1936.7765640494126,1937.4656398151246,1936.4157665953153,1937.1048423610273,129
2024-01-05 00:42:00,1937.1048423610273,1938.8320682187866,1935.0195419513836,1936.746767809143,187
2024-01-05 00:43:00,1936.746767809143,1937.0710315697052,1935.8449935987267,1936.1692573592888,193
2024-01-05 00:44:00,1936.1692573592888,1936.389227591047,1933.8326606609037,1934.052630892662,114
2024-01-05 00:45:00,1934.052630892662,1935.028101941346,1934.0139574311875,1934.9894284798715,183
2024-01-05 00:46:00,1934.9894284798715,1936.2977070774148,1934.1148871529904,1935.4231657505336,177
2024-01-05 00:47:00,1935.4231657505336,1936.5210146427366,1934.1519358514408,1935.2497847436439,10
2024-01-05 00:48:00,1935.2497847436439,1935.5664483766545,1934.8003371380382,1935.1170007710489,178
2024-01-05 00:49:00,1935.1170007710489,1936.9051778279143,1934.0410863526445,1935.8292634095098,131
2024-01-05 00:50:00,1935.8292634095098,1936.696455872298,1933.4572443189288,1934.324436781717,119
2024-01-05 00:51:00,1934.324436781717,1934.8312813700375,1933.2470812561835,1933.753925844504,43
2024-01-05 00:52:00,1933.753925844504,1934.2330518466429,1932.1761347813317,1932.6552607834706,184
2024-01-05 00:53:00,1932.6552607834706,1935.0174031701404,1932.004976763963,1934.3671191506328,66
2024-01-05 00:54:00,1934.3671191506328,1936.1342159616172,1933.4469419739082,1935.2140387848926,89
2024-01-05 00:55:00,1935.2140387848926,1935.9475642444158,1932.3491724642427,1933.0826979237659,66
2024-01-05 00:56:00,1933.0826979237659,1933.4007165650107,1931.3015660779015,1931.6195847191464,194
2024-01-05 00:57:00,1931.6195847191464,1932.1317363530266,1930.979612337961,1931.4917639718412,101
2024-01-05 00:58:00,1931.4917639718412,1932.8362526397477,1929.6910181146413,1931.0355067825478,31
2024-01-05 00:59:00,1931.0355067825478,1931.7113901265502,1929.0809089043717,1929.756792248374,12
2024-01-05 01:00:00,1929.756792248374,1932.5485848726323,1928.8414586928225,1931.6332513170807,196
2024-01-05 01:01:00,1931.6332513170807,1932.7232926466384,1930.8450662326295,1931.935107562187,54
2024-01-05 01:02:00,1931.935107562187,1933.0791298135036,1931.249742472762,1932.3937647240784,156
2024-01-05 01:03:00,1932.3937647240784,1933.0152775463039,1931.1036292153572,1931.7251420375826,15
2024-01-05 01:04:00,1931.7251420375826,1933.3493140439632,1930.7985875959755,1932.422759602356,180
2024-01-05 01:05:00,1932.422759602356,1933.2800674475216,1931.1978732942807,1932.0551811394462,133
2024-01-05 01:06:00,1932.0551811394462,1932.7366724844399,1931.0999724710514,1931.781463816045,52
2024-01-05 01:07:00,1931.781463816045,1932.6832150299379,1931.4698737323251,1932.371624946218,178
2024-01-05 01:08:00,1932.371624946218,1933.0997514712128,1930.0695840853084,1930.7977106103033,66
2024-01-05 01:09:00,1930.7977106103033,1932.8932849057223,1930.243905182675,1932.339479478094,199
2024-01-05 01:10:00,1932.339479478094,1932.9763112501794,1931.8788666461296,1932.515698418215,123
2024-01-05 01:11:00,1932.515698418215,1935.3695652816295,1930.8995539509335,1933.7534208143481,95
2024-01-05 01:12:00,1933.7534208143481,1933.768515813225,1932.698527498885,1932.7136224977617,21
2024-01-05 01:13:00,1932.7136224977617,1933.663504105259,1930.8716339847522,1931.8215155922496,59
2024-01-05 01:14:00,1931.8215155922496,1932.0676137348798,1930.4531255260904,1930.6992236687206,21
2024-01-05 01:15:00,1930.6992236687206,1931.5707968303004,1930.069275268291,1930.9408484298708,172
2024-01-05 01:16:00,1930.9408484298708,1932.5758455613834,1929.3695562248524,1931.004553356365,29
2024-01-05 01:17:00,1931.004553356365,1931.212138726424,1930.348577317522,1930.556162687581,31
2024-01-05 01:18:00,1930.556162687581,1930.855682229621,1929.2777843806832,1929.577303922723,33
2024-01-05 01:19:00,1929.577303922723,1930.1490559729941,1927.783554164799,1928.35530621507,195
2024-01-05 01:20:00,1928.35530621507,1928.6070596406398,1928.0568056961308,1928.3085591217007,194
2024-01-05 01:21:00,1928.3085591217007,1929.2277843357094,1926.9404364216446,1927.8596616356533,145
2024-01-05 01:22:00,1927.8596616356533,1928.2317923751311,1926.8266538640241,1927.198784603502,24
2024-01-05 01:23:00,1927.198784603502,1929.520442272803,1926.367901422874,1928.689559092175,105
2024-01-05 01:24:00,1928.689559092175,1928.7554446076438,1928.5442832387182,1928.610168754187,190
2024-01-05 01:25:00,1928.610168754187,1929.9533044396314,1928.4917419273056,1929.83487761275,28
2024-01-05 01:26:00,1929.83487761275,1930.3253166375528,1928.8298942575952,1929.320333282398,160
2024-01-05 01:27:00,1929.320333282398,1929.5828971613955,1929.2938953341195,1929.556459213117,13
2024-01-05 01:28:00,1929.556459213117,1930.7212109595812,1928.3381854139034,1929.5029371603675,162
2024-01-05 01:29:00,1929.5029371603675,1929.5144285825234,1927.8536621220096,1927.8651535441654,113
2024-01-05 01:30:00,1927.8651535441654,1929.4203582178081,1927.686770694582,1929.2419753682248,178
2024-01-05 01:31:00,1929.2419753682248,1929.9802926333236,1928.3732860972214,1929.1116033623202,88
2024-01-05 01:32:00,1929.1116033623202,1930.184198124237,1928.758970624631,1929.8315653865477,159
2024-01-05 01:33:00,1929.8315653865477,1929.838659854857,1929.0988265348965,1929.1059210032058,170
2024-01-05 01:34:00,1929.1059210032058,1930.471601595808,1927.5812392743287,1928.9469198669308,71
2024-01-05 01:35:00,1928.9469198669308,1929.1391009225838,1927.918682716451,1928.110863772104,132
2024-01-05 01:36:00,1928.110863772104,1929.8054974204906,1927.6078011748284,1929.302434823215,97
2024-01-05 01:37:00,1929.302434823215,1930.1009853841924,1928.8042856683692,1929.6028362293466,92
2024-01-05 01:38:00,1929.6028362293466,1930.8101303031478,1928.7496759186115,1929.9569699924127,161
2024-01-05 01:39:00,1929.9569699924127,1932.0255540139226,1929.199004451522,1931.2675884730318,52
2024-01-05 01:40:00,1931.2675884730318,1932.6443665133665,1931.0074126666539,1932.3841907069886,32
2024-01-05 01:41:00,1932.3841907069886,1933.5776228526938,1931.930226469936,1933.1236586156413,101
2024-01-05 01:42:00,1933.1236586156413,1933.6155119988093,1931.2576178471438,1931.7494712303119,166
2024-01-05 01:43:00,1931.7494712303119,1932.6180542619368,1930.2089493130507,1931.0775323446755,40
2024-01-05 01:44:00,1931.0775323446755,1931.2055672656697,1929.980204511462,1930.1082394324562,74
2024-01-05 01:45:00,1930.1082394324562,1932.168909674978,1928.7496785782002,1930.810348820722,136
2024-01-05 01:46:00,1930.810348820722,1931.2611967743758,1930.524249134657,1930.9750970883108,100
2024-01-05 01:47:00,1930.9750970883108,1931.550610236507,1929.0570614993485,1929.6325746475447,125
2024-01-05 01:48:00,1929.6325746475447,1929.7637813547012,1929.3192644495368,1929.4504711566933,110
2024-01-05 01:49:00,1929.4504711566933,1929.528301407673,1927.9312330306566,1928.0090632816364,163
2024-01-05 01:50:00,1928.0090632816364,1928.2502784097974,1927.71660505809,1927.957820186251,176
2024-01-05 01:51:00,1927.957820186251,1928.1618129849742,1926.1580832053362,1926.3620760040594,95
2024-01-05 01:52:00,1926.3620760040594,1927.289850042726,1925.943658579395,1926.8714326180616,92
2024-01-05 01:53:00,1926.8714326180616,1927.4364067379224,1926.6706011915521,1927.235575311413,62
2024-01-05 01:54:00,1927.235575311413,1929.9211850834515,1926.3884986454946,1929.0741084175331,94
2024-01-05 01:55:00,1929.0741084175331,1930.1686663389996,1928.7973557010607,1929.8919136225272,168
2024-01-05 01:56:00,1929.8919136225272,1930.1258382625028,1929.2498995813178,1929.4838242212934,105
2024-01-05 01:57:00,1929.4838242212934,1930.7004252009017,1929.0564497477112,1930.2730507273195,141
2024-01-05 01:58:00,1930.2730507273195,1931.2347501325387,1927.9624148604187,1928.9241142656379,89
2024-01-05 01:59:00,1928.9241142656379,1929.5853690934487,1927.3345911305469,1927.9958459583577,144
2024-01-05 02:00:00,1927.9958459583577,1928.8570431627998,1927.455797462892,1928.316994667334,145
2024-01-05 02:01:00,1928.316994667334,1928.3427889835668,1926.2103055993953,1926.236099915628,110
2024-01-05 02:02:00,1926.236099915628,1926.3737429306802,1926.0626666778555,1926.2003096929077,187
2024-01-05 02:03:00,1926.2003096929077,1926.2856315137558,1925.1323721374363,1925.2176939582844,176
2024-01-05 02:04:00,1925.2176939582844,1926.3960276981634,1924.136879285957,1925.315213025836,40
2024-01-05 02:05:00,1925.315213025836,1926.0966865019961,1923.4962484467865,1924.2777219229465,53
2024-01-05 02:06:00,1924.2777219229465,1924.9316435447104,1924.031985920919,1924.6859075426828,191
2024-01-05 02:07:00,1924.6859075426828,1925.0646687754934,1924.325745919853,1924.7045071526636,86
2024-01-05 02:08:00,1924.7045071526636,1926.3120577102732,1924.4446018909964,1926.052152448606,68
2024-01-05 02:09:00,1926.052152448606,1926.2952114423788,1925.8155789867842,1926.058637980557,161
2024-01-05 02:10:00,1926.058637980557,1926.8134787144156,1924.5635716896898,1925.3184124235484,124
2024-01-05 02:11:00,1925.3184124235484,1925.7852305587407,1924.6139273463602,1925.0807454815526,35
2024-01-05 02:12:00,1925.0807454815526,1926.4586261741747,1922.4089829862946,1923.7868636789167,27
2024-01-05 02:13:00,1923.7868636789167,1925.235960548333,1922.7284275672268,1924.1775244366431,163
2024-01-05 02:14:00,1924.1775244366431,1925.8265193847499,1923.096017781908,1924.7450127300147,155
2024-01-05 02:15:00,1924.7450127300147,1927.9581927634315,1923.9081190751365,1927.1212991085533,76
2024-01-05 02:16:00,1927.1212991085533,1927.5364033353642,1926.1070181907194,1926.5221224175302,173
2024-01-05 02:17:00,1926.5221224175302,1927.3303022993957,1925.4559864504404,1926.2641663323059,33
2024-01-05 02:18:00,1926.2641663323059,1926.7075291265942,1925.2662720309747,1925.709634825263,175
2024-01-05 02:19:00,1925.709634825263,1927.1195979365439,1924.5039064129555,1925.9138695242364,25
2024-01-05 02:20:00,1925.9138695242364,1927.0150566705665,1925.1802339250166,1926.2814210713468,130
2024-01-05 02:21:00,1926.2814210713468,1926.9603633548459,1925.5510713022602,1926.2300135857593,170
2024-01-05 02:22:00,1926.2300135857593,1927.9034340850642,1925.6028498792627,1927.2762703785677,127
2024-01-05 02:23:00,1927.2762703785677,1928.5248628007723,1925.433132977915,1926.6817254001196,157
2024-01-05 02:24:00,1926.6817254001196,1927.6572881501343,1926.6561844081725,1927.6317471581872,75
2024-01-05 02:25:00,1927.6317471581872,1929.4381043797766,1926.3444027158253,1928.1507599374147,64
2024-01-05 02:26:00,1928.1507599374147,1928.6574155968026,1927.6325065284293,1928.1391621878172,60
2024-01-05 02:27:00,1928.1391621878172,1928.1753480558202,1927.7993554844884,1927.8355413524914,32
2024-01-05 02:28:00,1927.8355413524914,1930.4633226924889,1927.546868188662,1930.1746495286595,62
2024-01-05 02:29:00,1930.1746495286595,1930.2328426179106,1929.3279717463545,1929.3861648356055,56
2024-01-05 02:30:00,1929.3861648356055,1930.5047498144493,1928.5549939316058,1929.6735789104496,153
2024-01-05 02:31:00,1929.6735789104496,1929.8517008491222,1928.7716180126563,1928.9497399513289,50
2024-01-05 02:32:00,1928.9497399513289,1931.3162562541713,1928.3054099878389,1930.6719262906813,41
2024-01-05 02:33:00,1930.6719262906813,1932.5456244354357,1929.654313494181,1931.5280116389354,149
2024-01-05 02:34:00,1931.5280116389354,1931.8477576514324,1930.5531397301015,1930.8728857425986,112
2024-01-05 02:35:00,1930.8728857425986,1931.8436125927756,1930.3970367795132,1931.3677636296902,50
2024-01-05 02:36:00,1931.3677636296902,1931.6925802988583,1931.2917995649716,1931.6166162341397,144
2024-01-05 02:37:00,1931.6166162341397,1932.0459588768977,1930.6883131040875,1931.1176557468455,51
2024-01-05 02:38:00,1931.1176557468455,1933.42378816986,1929.5435754767532,1931.8497078997677,159
2024-01-05 02:39:00,1931.8497078997677,1933.1060438750378,1930.9694116775424,1932.2257476528125,16
2024-01-05 02:40:00,1932.2257476528125,1932.9115523785404,1931.7483322314376,1932.4341369571655,122
2024-01-05 02:41:00,1932.4341369571655,1932.7774506338396,1932.0503197399835,1932.3936334166576,123
2024-01-05 02:42:00,1932.3936334166576,1933.3734794786153,1931.8302708332776,1932.8101168952353,80
2024-01-05 02:43:00,1932.8101168952353,1933.6619862790105,1932.1799289078715,1933.0317982916467,140
2024-01-05 02:44:00,1933.0317982916467,1933.506819810504,1932.6138914186918,1933.0889129375491,82
2024-01-05 02:45:00,1933.0889129375491,1933.87351836943,1931.6847371255622,1932.469342557443,134
2024-01-05 02:46:00,1932.469342557443,1934.317336313128,1932.2579244686242,1934.105918224309,52
2024-01-05 02:47:00,1934.105918224309,1934.3153153097194,1932.8807094243732,1933.0901065097835,118
2024-01-05 02:48:00,1933.0901065097835,1934.2266420502417,1932.3669006412758,1933.503436181734,153
2024-01-05 02:49:00,1933.503436181734,1933.6315521260944,1933.065726949551,1933.1938428939113,193
2024-01-05 02:50:00,1933.1938428939113,1935.757198563949,1932.3312601976634,1934.894615867701,78
2024-01-05 02:51:00,1934.894615867701,1935.4692982313852,1933.4458617556147,1934.0205441192988,99
2024-01-05 02:52:00,1934.0205441192988,1934.1473341232615,1933.1827469885457,1933.3095369925084,100
2024-01-05 02:53:00,1933.3095369925084,1933.9315672199457,1931.7500275096454,1932.3720577370827,173
2024-01-05 02:54:00,1932.3720577370827,1932.7561511556053,1932.3004917316157,1932.6845851501382,192
2024-01-05 02:55:00,1932.6845851501382,1933.5318184925418,1930.5105148855453,1931.3577482279488,132
2024-01-05 02:56:00,1931.3577482279488,1931.8409686380012,1930.4124229598474,1930.8956433698997,166
2024-01-05 02:57:00,1930.8956433698997,1932.188369444224,1927.5249204004317,1928.817646474756,25
2024-01-05 02:58:00,1928.817646474756,1930.0415489069592,1927.8256085177686,1929.0495109499718,154
2024-01-05 02:59:00,1929.0495109499718,1929.2189577406705,1928.3975945449463,1928.567041335645,163
2024-01-05 03:00:00,1928.567041335645,1928.7677482405263,1926.9314258347715,1927.132132739653,145
2024-01-05 03:01:00,1927.132132739653,1928.4654486236425,1926.844873237701,1928.1781891216906,121
2024-01-05 03:02:00,1928.1781891216906,1928.2856114559079,1926.8100593914223,1926.9174817256396,180
2024-01-05 03:03:00,1926.9174817256396,1928.9674993768376,1925.6352864385747,1927.6853040897727,134
2024-01-05 03:04:00,1927.6853040897727,1928.259431683572,1926.4354834489889,1927.0096110427883,170
2024-01-05 03:05:00,1927.0096110427883,1929.4913280587286,1926.071015745836,1928.5527327617763,44
2024-01-05 03:06:00,1928.5527327617763,1929.7443086522171,1928.08393074143,1929.275506631871,136
2024-01-05 03:07:00,1929.275506631871,1929.7847068884253,1927.7939053419218,1928.3031055984761,93
2024-01-05 03:08:00,1928.3031055984761,1928.868754080225,1926.8532505499684,1927.4188990317173,174
2024-01-05 03:09:00,1927.4188990317173,1929.0075322320495,1926.4138161935798,1928.002449393912,177
2024-01-05 03:10:00,1928.002449393912,1928.700921143298,1927.051044805188,1927.749516554574,170
2024-01-05 03:11:00,1927.749516554574,1927.9201719975867,1927.41563614354,1927.5862915865528,50
2024-01-05 03:12:00,1927.5862915865528,1930.0170155207268,1926.3817427471668,1928.8124666813408,103
2024-01-05 03:13:00,1928.8124666813408,1929.277978857217,1927.6249142891538,1928.09042646503,10
2024-01-05 03:14:00,1928.09042646503,1928.5812265042628,1927.6876377498609,1928.1784377890936,196
2024-01-05 03:15:00,1928.1784377890936,1929.6117335654296,1927.6654883766748,1929.098784153011,58
2024-01-05 03:16:00,1929.098784153011,1930.7030446173017,1928.274957470261,1929.8792179345517,128
2024-01-05 03:17:00,1929.8792179345517,1930.4971208222387,1929.107298461881,1929.7252013495681,102
2024-01-05 03:18:00,1929.7252013495681,1930.3425955242456,1928.8290526953408,1929.4464468700182,181
2024-01-05 03:19:00,1929.4464468700182,1929.8694669810207,1927.345951101054,1927.7689712120564,166
2024-01-05 03:20:00,1927.7689712120564,1928.1253361788376,1926.3945080838462,1926.7508730506274,157
2024-01-05 03:21:00,1926.7508730506274,1927.4932492292187,1926.3151963309097,1927.057572509501,132
2024-01-05 03:22:00,1927.057572509501,1927.8141451515107,1926.1681464093335,1926.9247190513433,32
2024-01-05 03:23:00,1926.9247190513433,1927.8213231383493,1926.1003043842452,1926.9969084712511,184
2024-01-05 03:24:00,1926.9969084712511,1928.487541487421,1926.5075947015225,1927.9982277176923,21
2024-01-05 03:25:00,1927.9982277176923,1928.941976547255,1925.9099004631294,1926.8536492926921,96
2024-01-05 03:26:00,1926.8536492926921,1927.4012063809653,1926.078549765795,1926.6261068540682,82
2024-01-05 03:27:00,1926.6261068540682,1927.1916274682033,1926.242373974312,1926.807894588447,84
2024-01-05 03:28:00,1926.807894588447,1927.4621682582658,1925.4752304552424,1926.1295041250612,195
2024-01-05 03:29:00,1926.1295041250612,1927.5623160405942,1926.0752973613357,1927.5081092768687,53
2024-01-05 03:30:00,1927.5081092768687,1929.0520326617004,1926.8398401060824,1928.3837634909141,120
2024-01-05 03:31:00,1928.3837634909141,1928.679778707038,1928.367492473393,1928.6635076895168,51
2024-01-05 03:32:00,1928.6635076895168,1930.576076952308,1928.4811731052896,1930.393742368081,183
2024-01-05 03:33:00,1930.393742368081,1930.5938480160464,1928.746907686003,1928.9470133339685,149
2024-01-05 03:34:00,1928.9470133339685,1929.4581371988497,1928.4284376756557,1928.939561540537,88
2024-01-05 03:35:00,1928.939561540537,1930.4927613104478,1927.739682706742,1929.292882476653,25
2024-01-05 03:36:00,1929.292882476653,1929.8262512984566,1927.8772913836428,1928.4106602054464,39
2024-01-05 03:37:00,1928.4106602054464,1929.5274776556164,1927.5837933193366,1928.7006107695065,56
2024-01-05 03:38:00,1928.7006107695065,1930.185780616446,1926.1483077567493,1927.6334776036888,87
2024-01-05 03:39:00,1927.6334776036888,1929.0333661221139,1926.8991597877184,1928.2990483061435,178
2024-01-05 03:40:00,1928.2990483061435,1929.60248726114,1928.0155202394708,1929.3189591944672,32
2024-01-05 03:41:00,1929.3189591944672,1929.9183537176598,1928.982273668284,1929.5816681914766,119
2024-01-05 03:42:00,1929.5816681914766,1930.1602602012158,1927.21551383233,1927.7941058420693,75
2024-01-05 03:43:00,1927.7941058420693,1928.128264351209,1926.5280579070943,1926.862216416234,18
2024-01-05 03:44:00,1926.862216416234,1927.769365405972,1926.4991266107083,1927.4062756004462,127
2024-01-05 03:45:00,1927.4062756004462,1928.3847337502993,1926.4482466498632,1927.4267047997164,143
2024-01-05 03:46:00,1927.4267047997164,1928.3991893101515,1923.8579739952108,1924.830458505646,192
2024-01-05 03:47:00,1924.830458505646,1926.0831611593478,1924.773874740757,1926.0265773944589,106
2024-01-05 03:48:00,1926.0265773944589,1926.420842097984,1925.7639147224431,1926.1581794259682,71
2024-01-05 03:49:00,1926.1581794259682,1926.5571142651206,1924.9704109050037,1925.3693457441561,172
2024-01-05 03:50:00,1925.3693457441561,1927.135880663754,1924.5606393285238,1926.3271742481218,56
2024-01-05 03:51:00,1926.3271742481218,1927.3451149494263,1924.6566516775658,1925.6745923788703,139
2024-01-05 03:52:00,1925.6745923788703,1927.2923598871835,1923.393957495087,1925.0117250034002,189
2024-01-05 03:53:00,1925.0117250034002,1925.7549310885474,1924.6134354456972,1925.3566415308444,10
2024-01-05 03:54:00,1925.3566415308444,1927.4891022393963,1924.9387479354543,1927.0712086440062,185
2024-01-05 03:55:00,1927.0712086440062,1929.4412107907033,1926.2655905500067,1928.6355926967037,49
2024-01-05 03:56:00,1928.6355926967037,1929.297966819147,1928.3200947742052,1928.9824688966485,101
2024-01-05 03:57:00,1928.9824688966485,1929.9528691775026,1928.45803553069,1929.4284358115442,59
2024-01-05 03:58:00,1929.4284358115442,1930.6108430386503,1929.0095988576777,1930.1920060847838,37
2024-01-05 03:59:00,1930.1920060847838,1930.6247354336142,1928.5461668149649,1928.9788961637953,143
2024-01-05 04:00:00,1928.9788961637953,1930.22660866149,1928.352457940283,1929.6001704379778,101
2024-01-05 04:01:00,1929.6001704379778,1930.108487102087,1928.3836196292466,1928.891936293356,106
2024-01-05 04:02:00,1928.891936293356,1930.2683424655422,1927.8226850086344,1929.1990911808207,101
2024-01-05 04:03:00,1929.1990911808207,1929.779903260534,1928.398863930881,1928.9796760105942,152
2024-01-05 04:04:00,1928.9796760105942,1929.5577274863047,1928.885034873109,1929.4630863488194,193
2024-01-05 04:05:00,1929.4630863488194,1930.0562932631458,1928.9838175725429,1929.5770244868693,107
2024-01-05 04:06:00,1929.5770244868693,1929.8047819702506,1926.3844427004233,1926.6122001838046,39
2024-01-05 04:07:00,1926.6122001838046,1926.8959274694184,1926.5008003753326,1926.7845276609464,72
2024-01-05 04:08:00,1926.7845276609464,1928.2263690431178,1925.9613314652158,1927.4031728473872,104
2024-01-05 04:09:00,1927.4031728473872,1928.3158983702676,1926.920189181232,1927.8329147041125,29
2024-01-05 04:10:00,1927.8329147041125,1928.766905018564,1926.8000401078173,1927.734030422269,53
2024-01-05 04:11:00,1927.734030422269,1929.4970125286668,1927.5538738043663,1929.3168559107642,48
2024-01-05 04:12:00,1929.3168559107642,1930.1025382536811,1928.8315422810933,1929.6172246240103,194
2024-01-05 04:13:00,1929.6172246240103,1930.4349558615863,1929.2217643558397,1930.0394955934157,86
2024-01-05 04:14:00,1930.0394955934157,1931.9959229266371,1929.0910235643667,1931.047450897588,177
2024-01-05 04:15:00,1931.047450897588,1932.2368367758863,1930.2081571631784,1931.3975430414766,114
2024-01-05 04:16:00,1931.3975430414766,1932.2246795908418,1929.7031918508358,1930.530328400201,106
2024-01-05 04:17:00,1930.530328400201,1931.7032035859445,1927.0038110503701,1928.1766862361137,188
2024-01-05 04:18:00,1928.1766862361137,1928.6130877124833,1927.2802980598506,1927.7166995362202,141
2024-01-05 04:19:00,1927.7166995362202,1929.5436056436433,1926.6232371276365,1928.4501432350596,55
2024-01-05 04:20:00,1928.4501432350596,1928.625907341474,1927.933914793196,1928.1096788996103,63
2024-01-05 04:21:00,1928.1096788996103,1929.0437462644543,1927.9479914218273,1928.8820587866712,136
2024-01-05 04:22:00,1928.8820587866712,1929.8946194573,1928.0129376711268,1929.0254983417556,10
2024-01-05 04:23:00,1929.0254983417556,1930.2696846672895,1929.0236681627641,1930.267854488298,38
2024-01-05 04:24:00,1930.267854488298,1931.0679349447894,1929.1828503718755,1929.9829308283668,24
2024-01-05 04:25:00,1929.9829308283668,1931.0524210879598,1929.3646848855126,1930.4341751451057,145
2024-01-05 04:26:00,1930.4341751451057,1931.9156736953425,1929.440965503506,1930.922464053743,93
2024-01-05 04:27:00,1930.922464053743,1932.9289405353452,1930.365725966105,1932.3722024477072,12
2024-01-05 04:28:00,1932.3722024477072,1932.9730624306783,1930.1224132195257,1930.7232732024968,150
2024-01-05 04:29:00,1930.7232732024968,1931.498962307359,1929.5050543354803,1930.2807434403426,134
2024-01-05 04:30:00,1930.2807434403426,1931.423082026992,1929.9573420030583,1931.0996805897078,146
2024-01-05 04:31:00,1931.0996805897078,1932.8991366077414,1930.7928646708367,1932.5923206888704,41
2024-01-05 04:32:00,1932.5923206888704,1933.5875459100812,1931.829075648534,1932.8243008697448,176
2024-01-05 04:33:00,1932.8243008697448,1933.3927433172512,1931.9729855612586,1932.541428008765,44
2024-01-05 04:34:00,1932.541428008765,1933.695501417716,1932.118935906499,1933.27300931545,118
2024-01-05 04:35:00,1933.27300931545,1934.6609400955354,1932.7247982529375,1934.1127290330228,116
2024-01-05 04:36:00,1934.1127290330228,1935.309559154318,1932.5680857962996,1933.7649159175949,51
2024-01-05 04:37:00,1933.7649159175949,1934.493142561131,1933.3560576199388,1934.084284263475,81
2024-01-05 04:38:00,1934.084284263475,1935.6237787307734,1933.6864094088644,1935.2259038761629,19
2024-01-05 04:39:00,1935.2259038761629,1937.1355026633462,1935.1455376959796,1937.0551364831629,99
2024-01-05 04:40:00,1937.0551364831629,1938.339288081843,1936.490218259815,1937.7743698584952,138
2024-01-05 04:41:00,1937.7743698584952,1938.6530646352903,1936.9384406930365,1937.8171354698316,68
2024-01-05 04:42:00,1937.8171354698316,1938.7225359374086,1936.8593411008897,1937.7647415684667,112
2024-01-05 04:43:00,1937.7647415684667,1938.9282364434382,1937.1412983912955,1938.304793266267,191
2024-01-05 04:44:00,1938.304793266267,1939.2567690014462,1937.2407129185738,1938.1926886537528,54
2024-01-05 04:45:00,1938.1926886537528,1939.2414614694833,1937.3276957523613,1938.3764685680917,65
2024-01-05 04:46:00,1938.3764685680917,1939.3889090140822,1936.3387468931896,1937.3511873391801,32
2024-01-05 04:47:00,1937.3511873391801,1939.570832598184,1936.3879697300108,1938.6076149890148,112
2024-01-05 04:48:00,1938.6076149890148,1939.797233031765,1936.3128115489922,1937.5024295917424,48
2024-01-05 04:49:00,1937.5024295917424,1938.0178127604909,1936.5684376301274,1937.0838207988759,172
2024-01-05 04:50:00,1937.0838207988759,1937.2453478452032,1937.016816915856,1937.1783439621834,65
2024-01-05 04:51:00,1937.1783439621834,1939.9459286380995,1936.3392076196837,1939.1067922956,136
2024-01-05 04:52:00,1939.1067922956,1939.9910526111225,1937.8127182566197,1938.6969785721424,45
2024-01-05 04:53:00,1938.6969785721424,1939.8869403321391,1936.8614153890426,1938.0513771490394,71
2024-01-05 04:54:00,1938.0513771490394,1939.1291369641046,1936.439861591376,1937.5176214064413,42
2024-01-05 04:55:00,1937.5176214064413,1940.4609327970204,1936.1813812630364,1939.1246926536155,114
2024-01-05 04:56:00,1939.1246926536155,1939.9456688326636,1935.5769707248585,1936.3979469039066,15
2024-01-05 04:57:00,1936.3979469039066,1937.067144276947,1934.7578996168627,1935.427096989903,25
2024-01-05 04:58:00,1935.427096989903,1938.114784235667,1935.382514832844,1938.070202078608,105
2024-01-05 04:59:00,1938.070202078608,1939.3438382095615,1937.3691514174425,1938.642787548396,113
2024-01-05 05:00:00,1938.642787548396,1939.009955901403,1937.2035643228023,1937.5707326758093,72
2024-01-05 05:01:00,1937.5707326758093,1938.2339531172283,1936.866902706673,1937.5301231480921,91
2024-01-05 05:02:00,1937.5301231480921,1938.1978743167529,1936.9277196062815,1937.5954707749422,89
2024-01-05 05:03:00,1937.5954707749422,1939.1796026668528,1936.8310631051195,1938.41519499703,154
2024-01-05 05:04:00,1938.41519499703,1940.7423455594192,1937.8709037513902,1940.1980543137793,94
2024-01-05 05:05:00,1940.1980543137793,1941.5200557772325,1939.2529864583353,1940.5749879217885,171
2024-01-05 05:06:00,1940.5749879217885,1941.0495843296003,1939.576641674177,1940.0512380819887,51
2024-01-05 05:07:00,1940.0512380819887,1941.4707230400793,1939.395245197082,1940.8147301551726,47
2024-01-05 05:08:00,1940.8147301551726,1941.8633703136952,1939.0885004369288,1940.1371405954515,86
2024-01-05 05:09:00,1940.1371405954515,1941.4441362179539,1937.82773674558,1939.1347323680825,25
2024-01-05 05:10:00,1939.1347323680825,1939.9995854170559,1936.5635291094025,1937.4283821583758,137
2024-01-05 05:11:00,1937.4283821583758,1938.6615129509591,1934.679089279179,1935.9122200717622,84
2024-01-05 05:12:00,1935.9122200717622,1936.55811315582,1934.398607421522,1935.0445005055797,79
2024-01-05 05:13:00,1935.0445005055797,1935.6257791843477,1933.323684020441,1933.9049626992091,111
2024-01-05 05:14:00,1933.9049626992091,1934.9929098692126,1933.1199003666002,1934.2078475366036,25
2024-01-05 05:15:00,1934.2078475366036,1934.7865269666333,1932.4692218946445,1933.0479013246743,81
2024-01-05 05:16:00,1933.0479013246743,1933.3249127016006,1929.732461173951,1930.0094725508773,194
2024-01-05 05:17:00,1930.0094725508773,1930.3893932768613,1928.6221720181607,1929.0020927441446,129
2024-01-05 05:18:00,1929.0020927441446,1929.1516890127632,1928.397387351558,1928.5469836201767,119
2024-01-05 05:19:00,1928.5469836201767,1929.3291108847925,1927.1810374637757,1927.9631647283916,106
2024-01-05 05:20:00,1927.9631647283916,1930.0111828570612,1927.3799404045242,1929.4279585331938,99
2024-01-05 05:21:00,1929.4279585331938,1929.8676227816518,1928.3964012009144,1928.8360654493724,187
2024-01-05 05:22:00,1928.8360654493724,1930.0458453138663,1928.4758640582381,1929.685643922732,186
2024-01-05 05:23:00,1929.685643922732,1930.4594622674238,1928.893510352996,1929.6673286976877,87
2024-01-05 05:24:00,1929.6673286976877,1930.5474113512487,1928.7464290206367,1929.6265116741977,185
2024-01-05 05:25:00,1929.6265116741977,1929.7690461116974,1928.6779912603524,1928.8205256978522,25
2024-01-05 05:26:00,1928.8205256978522,1928.9024269239671,1928.6819338792752,1928.7638351053902,70
2024-01-05 05:27:00,1928.7638351053902,1929.710306902936,1927.0795184378749,1928.0259902354207,67
2024-01-05 05:28:00,1928.0259902354207,1928.2380492494235,1927.977836869845,1928.1898958838478,142
2024-01-05 05:29:00,1928.1898958838478,1928.9793912988157,1927.1726333916147,1927.9621288065825,125
2024-01-05 05:30:00,1927.9621288065825,1929.1634177317599,1925.850236440902,1927.0515253660794,99
2024-01-05 05:31:00,1927.0515253660794,1929.210022573777,1925.8487439085427,1928.0072411162403,58
2024-01-05 05:32:00,1928.0072411162403,1929.2818279623375,1927.1441300382849,1928.418716884382,106
2024-01-05 05:33:00,1928.418716884382,1929.2704279539057,1927.1349795334293,1927.9866906029529,61
2024-01-05 05:34:00,1927.9866906029529,1929.5737757020056,1926.5398598330298,1928.1269449320826,104
2024-01-05 05:35:00,1928.1269449320826,1928.4486955986133,1927.7243840344017,1928.0461347009325,74
2024-01-05 05:36:00,1928.0461347009325,1928.4453231789444,1926.8105685463745,1927.2097570243864,178
2024-01-05 05:37:00,1927.2097570243864,1928.1829267226042,1926.30451783637,1927.2776875345878,151
2024-01-05 05:38:00,1927.2776875345878,1927.7257225352353,1926.231221484572,1926.6792564852194,43
2024-01-05 05:39:00,1926.6792564852194,1927.7344924923614,1924.7137282681574,1925.7689642752994,188
2024-01-05 05:40:00,1925.7689642752994,1926.331081136184,1923.6443099339813,1924.2064267948658,135
2024-01-05 05:41:00,1924.2064267948658,1924.8342766034868,1923.2335596990572,1923.8614095076782,76
2024-01-05 05:42:00,1923.8614095076782,1924.8784008745122,1923.3898046269926,1924.4067959938266,110
2024-01-05 05:43:00,1924.4067959938266,1924.7828826331654,1923.3623057642162,1923.738392403555,47
2024-01-05 05:44:00,1923.738392403555,1926.5300687505867,1923.3713081001083,1926.16298444714,18
2024-01-05 05:45:00,1926.16298444714,1927.6985850566828,1925.4803712985579,1927.0159719081007,89
2024-01-05 05:46:00,1927.0159719081007,1928.5524717222845,1926.7362045930558,1928.2727044072396,158
2024-01-05 05:47:00,1928.2727044072396,1929.9858928926194,1927.326238618636,1929.0394271040157,76
2024-01-05 05:48:00,1929.0394271040157,1931.658053056386,1928.2079259465236,1930.826551898894,83
2024-01-05 05:49:00,1930.826551898894,1931.8299613575782,1929.0633602771668,1930.066769735851,198
2024-01-05 05:50:00,1930.066769735851,1930.2098264895537,1927.4525159151085,1927.5955726688112,197
2024-01-05 05:51:00,1927.5955726688112,1927.6724575365179,1927.088712927347,1927.1655977950536,98
2024-01-05 05:52:00,1927.1655977950536,1928.2801848796144,1926.5889005279157,1927.7034876124765,18
2024-01-05 05:53:00,1927.7034876124765,1929.5455726468042,1926.0074424755842,1927.849527509912,139
2024-01-05 05:54:00,1927.849527509912,1929.1817761435072,1926.7828137477647,1928.11506238136,145
2024-01-05 05:55:00,1928.11506238136,1929.7533637003305,1927.7501942984889,1929.3884956174593,183
2024-01-05 05:56:00,1929.3884956174593,1930.499832539249,1928.6457274400855,1929.757064361875,190
2024-01-05 05:57:00,1929.757064361875,1931.3880020378392,1928.8969806188254,1930.5279182947895,129
2024-01-05 05:58:00,1930.5279182947895,1930.578710457491,1929.5702000800197,1929.6209922427213,30
2024-01-05 05:59:00,1929.6209922427213,1930.7278437547889,1927.457293401913,1928.5641449139805,57
2024-01-05 06:00:00,1928.5641449139805,1930.635012463241,1928.0497384835955,1930.1206060328561,146
2024-01-05 06:01:00,1930.1206060328561,1930.762040734191,1929.5765473976053,1930.2179820989402,125
2024-01-05 06:02:00,1930.2179820989402,1930.806046102592,1929.0284340068604,1929.6164980105123,92
2024-01-05 06:03:00,1929.6164980105123,1930.6367705726077,1927.996698915156,1929.0169714772514,86
2024-01-05 06:04:00,1929.0169714772514,1929.3042314649294,1928.1036267304642,1928.3908867181422,144
2024-01-05 06:05:00,1928.3908867181422,1928.4706822364456,1927.6275161422182,1927.7073116605216,90
2024-01-05 06:06:00,1927.7073116605216,1928.4096855958317,1925.7681710247014,1926.4705449600115,39
2024-01-05 06:07:00,1926.4705449600115,1926.6798560726959,1924.8159759923597,1925.025287105044,196
2024-01-05 06:08:00,1925.025287105044,1925.4868232790654,1924.3760567519823,1924.8375929260037,76
2024-01-05 06:09:00,1924.8375929260037,1925.8716456049185,1923.2328972445835,1924.2669499234983,62
2024-01-05 06:10:00,1924.2669499234983,1926.1327742157232,1923.466360641913,1925.332184934138,23
2024-01-05 06:11:00,1925.332184934138,1926.5934393400162,1924.3530654848537,1925.6143198907318,99
2024-01-05 06:12:00,1925.6143198907318,1926.6864737718283,1924.7976157716746,1925.869769652771,197
2024-01-05 06:13:00,1925.869769652771,1927.3753690202632,1923.6485937212183,1925.1541930887104,40
2024-01-05 06:14:00,1925.1541930887104,1925.5052277056247,1924.6866592907352,1925.0376939076496,56
2024-01-05 06:15:00,1925.0376939076496,1926.1160911878155,1924.3067669934997,1925.3851642736656,43
2024-01-05 06:16:00,1925.3851642736656,1926.4836924459987,1924.9761124273118,1926.074640599645,27
2024-01-05 06:17:00,1926.074640599645,1927.020992694791,1925.0378671714907,1925.9842192666367,124
2024-01-05 06:18:00,1925.9842192666367,1927.5777827280433,1925.4298434900372,1927.0234069514438,66
2024-01-05 06:19:00,1927.0234069514438,1928.271667584886,1925.782844110637,1927.0311047440791,152
2024-01-05 06:20:00,1927.0311047440791,1928.1687029093744,1926.657427108129,1927.7950252734242,86
2024-01-05 06:21:00,1927.7950252734242,1928.9156195542166,1926.2022636672132,1927.3228579480055,130
2024-01-05 06:22:00,1927.3228579480055,1928.1289578540618,1924.77003654648,1925.5761364525363,26
2024-01-05 06:23:00,1925.5761364525363,1926.399756707576,1925.0108890291622,1925.8345092842019,72
2024-01-05 06:24:00,1925.8345092842019,1927.3199028267054,1925.0475427973095,1926.532936339813,88
2024-01-05 06:25:00,1926.532936339813,1927.7659711255808,1925.8541143463267,1927.0871491320945,21
2024-01-05 06:26:00,1927.0871491320945,1928.2094126584345,1926.37168085065,1927.49394437699,89
2024-01-05 06:27:00,1927.49394437699,1927.9923571269342,1926.6595819940621,1927.1579947440064,99
2024-01-05 06:28:00,1927.1579947440064,1927.465603630929,1926.073022112982,1926.3806309999047,86
2024-01-05 06:29:00,1926.3806309999047,1927.3609934247786,1925.9316879005614,1926.9120503254353,105
2024-01-05 06:30:00,1926.9120503254353,1927.393509560491,1926.841454422931,1927.3229136579869,161
2024-01-05 06:31:00,1927.3229136579869,1928.2253986222654,1925.8799118586915,1926.78239682297,156
2024-01-05 06:32:00,1926.78239682297,1927.9533192132865,1926.6802839318261,1927.8512063221426,12
2024-01-05 06:33:00,1927.8512063221426,1928.3454251956941,1926.5059707749708,1927.0001896485223,131
2024-01-05 06:34:00,1927.0001896485223,1927.827804752132,1925.6103497141155,1926.437964817725,181
2024-01-05 06:35:00,1926.437964817725,1928.9162786638474,1925.5358867994225,1928.0142006455449,175
2024-01-05 06:36:00,1928.0142006455449,1928.9574723618898,1927.9082480843879,1928.8515198007328,71
2024-01-05 06:37:00,1928.8515198007328,1929.3946457572956,1927.9631204472846,1928.5062464038474,158
2024-01-05 06:38:00,1928.5062464038474,1929.5393387416054,1927.750261812911,1928.783354150669,162
2024-01-05 06:39:00,1928.783354150669,1929.5313814074498,1928.184607246183,1928.9326345029638,79
2024-01-05 06:40:00,1928.9326345029638,1930.0283340514009,1925.1888828615774,1926.2845824100145,175
2024-01-05 06:41:00,1926.2845824100145,1926.5457425714185,1925.1503588519972,1925.4115190134012,130
2024-01-05 06:42:00,1925.4115190134012,1925.6229396615481,1925.1511480341117,1925.3625686822586,152
2024-01-05 06:43:00,1925.3625686822586,1926.2520531006262,1924.129781069626,1925.0192654879936,151
2024-01-05 06:44:00,1925.0192654879936,1925.6278754446844,1924.6484941302278,1925.2571040869186,158
2024-01-05 06:45:00,1925.2571040869186,1926.4439836556166,1925.1574964416925,1926.3443760103905,191
2024-01-05 06:46:00,1926.3443760103905,1926.8611263425546,1925.517931352999,1926.0346816851632,172
2024-01-05 06:47:00,1926.0346816851632,1927.0859553211078,1923.964868139927,1925.0161417758716,90
2024-01-05 06:48:00,1925.0161417758716,1925.4199774303484,1924.924978464553,1925.3288141190299,116
2024-01-05 06:49:00,1925.3288141190299,1926.8056835978139,1923.537515982505,1925.014385461289,133
2024-01-05 06:50:00,1925.014385461289,1925.2692830607102,1924.609275619804,1924.8641732192252,172
2024-01-05 06:51:00,1924.8641732192252,1925.4750401558865,1923.9724938932218,1924.583360829883,84
2024-01-05 06:52:00,1924.583360829883,1926.848894491946,1924.47512903161,1926.7406626936731,69
2024-01-05 06:53:00,1926.7406626936731,1927.3340538099908,1923.9886435709875,1924.5820346873052,150
2024-01-05 06:54:00,1924.5820346873052,1925.1078254557071,1923.6825536921885,1924.2083444605905,191
2024-01-05 06:55:00,1924.2083444605905,1924.2123876372932,1924.2007520569202,1924.204795233623,183
2024-01-05 06:56:00,1924.204795233623,1925.8689004274333,1921.7891509751068,1923.4532561689173,38
2024-01-05 06:57:00,1923.4532561689173,1924.7053009153572,1923.0665978858738,1924.3186426323136,184
2024-01-05 06:58:00,1924.3186426323136,1925.4882783411763,1923.9314903796628,1925.1011260885255,159
2024-01-05 06:59:00,1925.1011260885255,1926.0517321404081,1924.1045538017288,1925.0551598536115,39
2024-01-05 07:00:00,1925.0551598536115,1926.3310118532656,1923.5187768992766,1924.7946288989308,11
2024-01-05 07:01:00,1924.7946288989308,1925.8056426161504,1923.6758682251125,1924.686881942332,48
2024-01-05 07:02:00,1924.686881942332,1924.801902855143,1924.4710202806818,1924.5860411934927,186
2024-01-05 07:03:00,1924.5860411934927,1925.245728412747,1923.85093615627,1924.5106233755243,153
2024-01-05 07:04:00,1924.5106233755243,1924.6574006559915,1924.1829429610302,1924.3297202414974,119
2024-01-05 07:05:00,1924.3297202414974,1925.4970692682132,1923.405269074244,1924.5726181009597,129
2024-01-05 07:06:00,1924.5726181009597,1925.3494792337224,1924.5205626259926,1925.2974237587553,88
2024-01-05 07:07:00,1925.2974237587553,1925.5655676531644,1923.8449715179838,1924.113115412393,181
2024-01-05 07:08:00,1924.113115412393,1924.688814743624,1922.5266179869593,1923.1023173181904,39
2024-01-05 07:09:00,1923.1023173181904,1923.84975261934,1920.6735924798545,1921.421027781004,69
2024-01-05 07:10:00,1921.421027781004,1922.7297443955867,1920.9446682581527,1922.2533848727353,48
2024-01-05 07:11:00,1922.2533848727353,1923.6548113086387,1921.0925508356556,1922.493977271559,171
2024-01-05 07:12:00,1922.493977271559,1923.8347130507227,1921.6389283705414,1922.979664149705,112
2024-01-05 07:13:00,1922.979664149705,1923.803927004619,1920.7809532736358,1921.6052161285497,139
2024-01-05 07:14:00,1921.6052161285497,1923.4242886824777,1921.5011263863441,1923.3201989402721,184
2024-01-05 07:15:00,1923.3201989402721,1924.5505060696503,1921.5043841860042,1922.7346913153824,47
2024-01-05 07:16:00,1922.7346913153824,1923.1644255905542,1922.4666646105175,1922.8963988856892,193
2024-01-05 07:17:00,1922.8963988856892,1924.9634691100966,1921.6507752549226,1923.71784547933,34
2024-01-05 07:18:00,1923.71784547933,1925.072318627774,1921.41403704621,1922.768510194654,153
2024-01-05 07:19:00,1922.768510194654,1923.5422732945406,1921.4695194583173,1922.2432825582039,143
2024-01-05 07:20:00,1922.2432825582039,1923.3890046674555,1921.2697663190274,1922.415488428279,166
2024-01-05 07:21:00,1922.415488428279,1925.7715891086648,1921.8060129969135,1925.1621136772992,40
2024-01-05 07:22:00,1925.1621136772992,1925.9545126846713,1924.6595716431416,1925.4519706505137,192
2024-01-05 07:23:00,1925.4519706505137,1928.0013301062606,1924.4490968162959,1926.9984562720429,160
2024-01-05 07:24:00,1926.9984562720429,1929.0950902194854,1926.0634874693772,1928.1601214168197,31
2024-01-05 07:25:00,1928.1601214168197,1928.6230160995678,1928.0520178723966,1928.5149125551447,115
2024-01-05 07:26:00,1928.5149125551447,1928.9799474430163,1927.0960382687601,1927.5610731566317,165
2024-01-05 07:27:00,1927.5610731566317,1928.982186323892,1927.1613298930467,1928.582443060307,100
2024-01-05 07:28:00,1928.582443060307,1929.3197632338615,1926.4005082354179,1927.1378284089724,82
2024-01-05 07:29:00,1927.1378284089724,1928.8282455071258,1926.9899648155172,1928.6803819136705,62
2024-01-05 07:30:00,1928.6803819136705,1929.888026742592,1927.6656102418688,1928.8732550707903,108
2024-01-05 07:31:00,1928.8732550707903,1929.9068109234208,1925.2837265579885,1926.317282410619,196
2024-01-05 07:32:00,1926.317282410619,1926.712354123167,1925.5942493102582,1925.989321022806,125
2024-01-05 07:33:00,1925.989321022806,1927.397915032987,1925.2104752724272,1926.619069282608,147
2024-01-05 07:34:00,1926.619069282608,1927.113343110763,1925.8964680976162,1926.3907419257712,158
2024-01-05 07:35:00,1926.3907419257712,1927.7507913812979,1925.7193827576048,1927.0794322131314,157
2024-01-05 07:36:00,1927.0794322131314,1927.2153262540392,1926.1245061269826,1926.2604001678903,86
2024-01-05 07:37:00,1926.2604001678903,1927.0775609184186,1924.185408353353,1925.0025691038813,156
2024-01-05 07:38:00,1925.0025691038813,1925.0569235483047,1924.879448367249,1924.9338028116724,72
2024-01-05 07:39:00,1924.9338028116724,1925.0912044707825,1924.8067820625497,1924.9641837216598,120
2024-01-05 07:40:00,1924.9641837216598,1925.4946390310004,1924.098414713337,1924.6288700226776,67
2024-01-05 07:41:00,1924.6288700226776,1926.3062901017959,1924.1324899299345,1925.8099100090528,188
2024-01-05 07:42:00,1925.8099100090528,1926.4922430706376,1924.3089080531652,1924.99124111475,148
2024-01-05 07:43:00,1924.99124111475,1925.6201510378824,1924.6637517171844,1925.2926616403167,120
2024-01-05 07:44:00,1925.2926616403167,1926.6618264532733,1923.9889278707064,1925.358092683663,95
2024-01-05 07:45:00,1925.358092683663,1925.9970468122249,1923.2205207268737,1923.8594748554356,108
2024-01-05 07:46:00,1923.8594748554356,1924.5257993200598,1921.9243360325759,1922.5906604972001,158
2024-01-05 07:47:00,1922.5906604972001,1923.2547315884417,1921.9380394102566,1922.6021105014981,62
2024-01-05 07:48:00,1922.6021105014981,1925.4700134833968,1921.6387371690003,1924.5066401508989,167
2024-01-05 07:49:00,1924.5066401508989,1925.8633377466733,1923.7073468548433,1925.0640444506178,63
2024-01-05 07:50:00,1925.0640444506178,1925.811101086996,1922.6560090363707,1923.4030656727489,36
2024-01-05 07:51:00,1923.4030656727489,1924.2618676819754,1919.5529025234277,1920.4117045326543,150
2024-01-05 07:52:00,1920.4117045326543,1921.2403113304745,1920.286980084862,1921.1155868826822,144
2024-01-05 07:53:00,1921.1155868826822,1921.2257950791902,1920.9129600753135,1921.0231682718215,73
2024-01-05 07:54:00,1921.0231682718215,1922.6667644688716,1920.4757712590663,1922.1193674561164,133
2024-01-05 07:55:00,1922.1193674561164,1922.6197922430626,1920.7725201828373,1921.2729449697836,148
2024-01-05 07:56:00,1921.2729449697836,1922.408688285952,1920.473628552178,1921.6093718683464,159
2024-01-05 07:57:00,1921.6093718683464,1923.0068021986704,1921.0249489664131,1922.422379296737,191
2024-01-05 07:58:00,1922.422379296737,1923.2226449599111,1921.192006577558,1921.992272240732,172
2024-01-05 07:59:00,1921.992272240732,1922.0900441918698,1921.4850337029457,1921.5828056540834,93
2024-01-05 08:00:00,1921.5828056540834,1922.179430719894,1921.0104528992033,1921.607077965014,53
2024-01-05 08:01:00,1921.607077965014,1922.189585193552,1921.5459760907734,1922.1284833193113,28
2024-01-05 08:02:00,1922.1284833193113,1922.8538347966048,1921.3893559428416,1922.1147074201351,119
2024-01-05 08:03:00,1922.1147074201351,1923.1962660317095,1921.9692151514512,1923.0507737630255,136
2024-01-05 08:04:00,1923.0507737630255,1923.761488406082,1921.895896708395,1922.6066113514514,141
2024-01-05 08:05:00,1922.6066113514514,1922.6185238329997,1921.3177081676479,1921.3296206491962,11
2024-01-05 08:06:00,1921.3296206491962,1923.658277623709,1920.9001743417084,1923.2288313162212,143
2024-01-05 08:07:00,1923.2288313162212,1924.1497516193083,1921.7264864958815,1922.6474067989686,159
2024-01-05 08:08:00,1922.6474067989686,1923.3114465423705,1921.4369102064793,1922.1009499498812,147
2024-01-05 08:09:00,1922.1009499498812,1922.1569428384396,1921.9817167483516,1922.03770963691,109
2024-01-05 08:10:00,1922.03770963691,1922.4204206842537,1921.7195609026312,1922.102271949975,12
2024-01-05 08:11:00,1922.102271949975,1922.1028017809067,1921.730119365167,1921.7306491960987,103
2024-01-05 08:12:00,1921.7306491960987,1921.805503219171,1921.6390435459757,1921.713897569048,132
2024-01-05 08:13:00,1921.713897569048,1922.335622369652,1921.0539669520772,1921.6756917526811,118
2024-01-05 08:14:00,1921.6756917526811,1922.635579042098,1920.8837774888564,1921.8436647782733,119
2024-01-05 08:15:00,1921.8436647782733,1922.5886937825255,1918.8332746050964,1919.5783036093487,108
2024-01-05 08:16:00,1919.5783036093487,1922.1915387987597,1918.7703130952902,1921.3835482847012,114
2024-01-05 08:17:00,1921.3835482847012,1921.9553441740716,1920.670253724091,1921.2420496134614,71
2024-01-05 08:18:00,1921.2420496134614,1922.2712675975777,1920.7705899250643,1921.7998079091806,124
2024-01-05 08:19:00,1921.7998079091806,1921.96378989642,1920.3116084752214,1920.4755904624608,63
2024-01-05 08:20:00,1920.4755904624608,1920.8826048115975,1919.6163038609088,1920.0233182100455,103
2024-01-05 08:21:00,1920.0233182100455,1920.091898201787,1919.3093071480353,1919.3778871397767,88
2024-01-05 08:22:00,1919.3778871397767,1921.0399244739483,1919.1263274525056,1920.7883647866772,145
2024-01-05 08:23:00,1920.7883647866772,1921.3985844458655,1919.6155331475168,1920.225752806705,180
2024-01-05 08:24:00,1920.225752806705,1921.48462123658,1919.6947267336348,1920.9535951635098,130
2024-01-05 08:25:00,1920.9535951635098,1922.7067509809,1918.5757255926542,1920.3288814100445,35
2024-01-05 08:26:00,1920.3288814100445,1920.3880926404993,1919.8350815685444,1919.8942927989992,136
2024-01-05 08:27:00,1919.8942927989992,1920.422161005786,1919.1307094118301,1919.6585776186168,71
2024-01-05 08:28:00,1919.6585776186168,1920.9201502315868,1919.6292771606727,1920.8908497736427,19
2024-01-05 08:29:00,1920.8908497736427,1921.3177344043634,1918.6488648028464,1919.0757494335671,46
2024-01-05 08:30:00,1919.0757494335671,1919.517961444076,1917.371108411388,1917.8133204218968,199
2024-01-05 08:31:00,1917.8133204218968,1918.7118531403764,1915.0475038105742,1915.9460365290538,91
2024-01-05 08:32:00,1915.9460365290538,1916.3482941283035,1914.5019812417672,1914.9042388410169,48
2024-01-05 08:33:00,1914.9042388410169,1915.4052349832632,1913.626174509635,1914.1271706518812,35
2024-01-05 08:34:00,1914.1271706518812,1914.5363415760394,1912.1728385102417,1912.5820094343999,133
2024-01-05 08:35:00,1912.5820094343999,1912.6198448717357,1911.842115110843,1911.8799505481788,154
2024-01-05 08:36:00,1911.8799505481788,1912.203839642248,1909.6301153430218,1909.954004437091,77
2024-01-05 08:37:00,1909.954004437091,1910.3808769403931,1908.5549761140733,1908.9818486173754,29
2024-01-05 08:38:00,1908.9818486173754,1910.7288806582164,1908.3806069536035,1910.1276389944446,77
2024-01-05 08:39:00,1910.1276389944446,1911.2998205076829,1909.3409098451127,1910.513091358351,136
2024-01-05 08:40:00,1910.513091358351,1911.1757303877273,1910.0295320499206,1910.692171079297,31
2024-01-05 08:41:00,1910.692171079297,1911.1687734047869,1909.2575681854025,1909.7341705108925,60
2024-01-05 08:42:00,1909.7341705108925,1909.818444621857,1908.1831394323804,1908.267413543345,10
2024-01-05 08:43:00,1908.267413543345,1909.0454419252267,1906.402477952522,1907.1805063344038,99
2024-01-05 08:44:00,1907.1805063344038,1907.4872132828295,1906.832594916209,1907.1393018646347,42
2024-01-05 08:45:00,1907.1393018646347,1908.8246563660261,1906.2818143920347,1907.967168893426,47
2024-01-05 08:46:00,1907.967168893426,1909.9032324901648,1906.891948999774,1908.8280125965127,31
2024-01-05 08:47:00,1908.8280125965127,1909.9309447178787,1908.326945746446,1909.429877867812,148
2024-01-05 08:48:00,1909.429877867812,1909.611851471704,1908.5437477074806,1908.7257213113728,103
2024-01-05 08:49:00,1908.7257213113728,1909.3154008121728,1908.1594712588544,1908.7491507596544,190
2024-01-05 08:50:00,1908.7491507596544,1909.454779040992,1907.736841337661,1908.4424696189985,85
2024-01-05 08:51:00,1908.4424696189985,1908.8945265266193,1907.7984331668247,1908.2504900744455,52
2024-01-05 08:52:00,1908.2504900744455,1910.5517389021607,1907.8929164005892,1910.1941652283044,48
2024-01-05 08:53:00,1910.1941652283044,1910.9818201300834,1907.7236290405979,1908.5112839423768,191
2024-01-05 08:54:00,1908.5112839423768,1909.2736746097341,1907.524951599386,1908.2873422667433,122
2024-01-05 08:55:00,1908.2873422667433,1909.8841137727059,1907.8467533115847,1909.4435248175473,71
2024-01-05 08:56:00,1909.4435248175473,1909.5023178221873,1907.9852133012691,1908.044006305909,134
2024-01-05 08:57:00,1908.044006305909,1908.7903371384225,1906.6835262652185,1907.4298570977319,115
2024-01-05 08:58:00,1907.4298570977319,1907.7092875607814,1906.6458747217753,1906.9253051848248,31
2024-01-05 08:59:00,1906.9253051848248,1907.579056264395,1906.0586556945684,1906.7124067741386,143
2024-01-05 09:00:00,1906.7124067741386,1907.3415607176576,1904.561737172169,1905.190891115688,32
2024-01-05 09:01:00,1905.190891115688,1905.9062058364286,1905.0426431848293,1905.75795790557,47
2024-01-05 09:02:00,1905.75795790557,1906.995681614406,1905.1551253421844,1906.3928490510204,145
2024-01-05 09:03:00,1906.3928490510204,1907.6457239143115,1905.624555729854,1906.877430593145,94
2024-01-05 09:04:00,1906.877430593145,1907.69213343213,1905.2328797963157,1906.0475826353008,52
2024-01-05 09:05:00,1906.0475826353008,1906.7466113624894,1905.4310007499384,1906.130029477127,22
2024-01-05 09:06:00,1906.130029477127,1906.3118633955671,1905.0909705335057,1905.2728044519458,122
2024-01-05 09:07:00,1905.2728044519458,1906.330847876534,1903.8979173410478,1904.955960765636,142
2024-01-05 09:08:00,1904.955960765636,1907.7359583035498,1904.2270940098135,1907.0070915477272,48
2024-01-05 09:09:00,1907.0070915477272,1907.2114972723205,1906.8939317049862,1907.0983374295795,89
2024-01-05 09:10:00,1907.0983374295795,1907.3698373115353,1905.6944725682645,1905.9659724502203,75
2024-01-05 09:11:00,1905.9659724502203,1906.7978193528384,1905.3059820590702,1906.1378289616882,179
2024-01-05 09:12:00,1906.1378289616882,1906.9682611166204,1904.019042130903,1904.8494742858352,160
2024-01-05 09:13:00,1904.8494742858352,1905.2347988274078,1903.32218258634,1903.7075071279125,62
2024-01-05 09:14:00,1903.7075071279125,1904.5924702453974,1901.8315470455525,1902.7165101630374,107
2024-01-05 09:15:00,1902.7165101630374,1902.8278958685494,1902.1824269923684,1902.2938126978804,185
2024-01-05 09:16:00,1902.2938126978804,1903.3591648894935,1902.119655667767,1903.18500785938,75
2024-01-05 09:17:00,1903.18500785938,1903.950287198522,1902.9701279097574,1903.7354072488993,36
2024-01-05 09:18:00,1903.7354072488993,1904.4627258411924,1903.5059110187112,1904.2332296110044,66
2024-01-05 09:19:00,1904.2332296110044,1905.378216244572,1902.04193864012,1903.1869252736876,125
2024-01-05 09:20:00,1903.1869252736876,1904.5407912800451,1901.3179480654662,1902.6718140718237,198
2024-01-05 09:21:00,1902.6718140718237,1903.5907395401864,1902.0116530231926,1902.9305784915553,68
2024-01-05 09:22:00,1902.9305784915553,1903.2583773593074,1902.0049549671667,1902.3327538349188,21
2024-01-05 09:23:00,1902.3327538349188,1902.819059397484,1901.581675473877,1902.0679810364422,44
2024-01-05 09:24:00,1902.0679810364422,1903.2385791402064,1901.3171300512845,1902.4877281550487,88
2024-01-05 09:25:00,1902.4877281550487,1902.5116880355145,1902.1320004016322,1902.155960282098,27
2024-01-05 09:26:00,1902.155960282098,1902.7238507061984,1901.8030701553926,1902.370960579493,16
2024-01-05 09:27:00,1902.370960579493,1905.0034810933194,1901.2534202470765,1903.885940760903,134
2024-01-05 09:28:00,1903.885940760903,1904.0589091389638,1903.5493726072484,1903.7223409853093,166
2024-01-05 09:29:00,1903.7223409853093,1905.131005072438,1903.4362427661463,1904.844906853275,54
2024-01-05 09:30:00,1904.844906853275,1905.9543045436742,1904.2682657747541,1905.3776634651533,109
2024-01-05 09:31:00,1905.3776634651533,1906.056676847374,1903.3008250222888,1903.9798384045096,118
2024-01-05 09:32:00,1903.9798384045096,1904.3128497222183,1902.5976037453624,1902.9306150630712,136
2024-01-05 09:33:00,1902.9306150630712,1903.5305356738843,1901.5375568890158,1902.137477499829,196
2024-01-05 09:34:00,1902.137477499829,1902.939052903494,1900.5228953298772,1901.3244707335423,178
2024-01-05 09:35:00,1901.3244707335423,1902.6406799221204,1899.9224264930997,1901.2386356816778,70
2024-01-05 09:36:00,1901.2386356816778,1902.3454561747635,1900.7161076942944,1901.82292818738,195
2024-01-05 09:37:00,1901.82292818738,1903.571659762618,1901.26774113984,1903.016472715078,16
2024-01-05 09:38:00,1903.016472715078,1904.4621397358496,1901.8640368294687,1903.3097038502403,192
2024-01-05 09:39:00,1903.3097038502403,1903.6715695639223,1902.5237050246365,1902.8855707383184,37
2024-01-05 09:40:00,1902.8855707383184,1902.9523483582036,1900.8376597097833,1900.9044373296686,31
2024-01-05 09:41:00,1900.9044373296686,1901.6369640426385,1900.239002635269,1900.9715293482388,32
2024-01-05 09:42:00,1900.9715293482388,1901.9754832462313,1899.9920696525064,1900.9960235504989,33
2024-01-05 09:43:00,1900.9960235504989,1901.87753032509,1900.288390192443,1901.1698969670342,98
2024-01-05 09:44:00,1901.1698969670342,1903.7060814113956,1900.6358728475593,1903.1720572919207,131
2024-01-05 09:45:00,1903.1720572919207,1904.3722470751877,1903.1524018491975,1904.3525916324645,151
2024-01-05 09:46:00,1904.3525916324645,1905.6493982109093,1903.8033014511489,1905.1001080295937,13
2024-01-05 09:47:00,1905.1001080295937,1906.1409938314837,1903.1427956054877,1904.1836814073777,66
2024-01-05 09:48:00,1904.1836814073777,1904.2849134178705,1903.594031281851,1903.6952632923437,35
2024-01-05 09:49:00,1903.6952632923437,1904.1731643999906,1903.1270845702174,1903.6049856778643,37
2024-01-05 09:50:00,1903.6049856778643,1904.0283793850504,1902.44355753708,1902.8669512442661,151
2024-01-05 09:51:00,1902.8669512442661,1903.6485186422224,1902.5615425487424,1903.3431099466986,131
2024-01-05 09:52:00,1903.3431099466986,1904.3482681275948,1902.6776117653196,1903.6827699462158,49
2024-01-05 09:53:00,1903.6827699462158,1904.4222546745414,1901.9073888208718,1902.6468735491974,67
2024-01-05 09:54:00,1902.6468735491974,1904.5213708753845,1901.910936007897,1903.785433334084,185
2024-01-05 09:55:00,1903.785433334084,1904.0820403763933,1903.5862147533671,1903.8828217956764,119
2024-01-05 09:56:00,1903.8828217956764,1903.9383609081717,1902.1813082562085,1902.2368473687038,55
2024-01-05 09:57:00,1902.2368473687038,1902.9073262007812,1901.51753539813,1902.1880142302073,187
2024-01-05 09:58:00,1902.1880142302073,1902.8337069562317,1901.809775279173,1902.4554680051974,47
2024-01-05 09:59:00,1902.4554680051974,1904.651631026468,1901.1846520575502,1903.380815078821,65
2024-01-05 10:00:00,1903.380815078821,1904.6689998409254,1901.77145726109,1903.0596420231946,141
2024-01-05 10:01:00,1903.0596420231946,1905.17659814737,1901.730493850452,1903.8474499746274,107
2024-01-05 10:02:00,1903.8474499746274,1904.238803506719,1903.6342413396835,1904.0255948717752,23
2024-01-05 10:03:00,1904.0255948717752,1904.8131030642178,1901.986137862202,1902.7736460546446,163
2024-01-05 10:04:00,1902.7736460546446,1903.675284811467,1900.5256362771447,1901.4272750339671,53
2024-01-05 10:05:00,1901.4272750339671,1903.3538093167401,1900.5679737286746,1902.4945080114476,141
2024-01-05 10:06:00,1902.4945080114476,1904.0683456658205,1902.0583470225947,1903.6321846769677,73
2024-01-05 10:07:00,1903.6321846769677,1904.9978072653723,1902.573912290427,1903.9395348788316,152
2024-01-05 10:08:00,1903.9395348788316,1905.9351924834164,1903.3677448537662,1905.363402458351,180
2024-01-05 10:09:00,1905.363402458351,1906.9907698665409,1904.7426479186815,1906.3700153268715,156
2024-01-05 10:10:00,1906.3700153268715,1907.0360698248703,1906.3555854846206,1907.0216399826195,185
2024-01-05 10:11:00,1907.0216399826195,1907.8392898878342,1905.335044712515,1906.1526946177296,112
2024-01-05 10:12:00,1906.1526946177296,1908.2758564275664,1905.6797165975522,1907.802878407389,22
2024-01-05 10:13:00,1907.802878407389,1909.0643402969358,1907.0529952258728,1908.3144571154196,111
2024-01-05 10:14:00,1908.3144571154196,1908.9765578703161,1907.2842055046694,1907.946306259566,97
2024-01-05 10:15:00,1907.946306259566,1908.5875192827382,1906.6675815922908,1907.308794615463,146
2024-01-05 10:16:00,1907.308794615463,1908.108503482485,1906.7539687308388,1907.5536775978608,57
2024-01-05 10:17:00,1907.5536775978608,1908.4253110599577,1905.08822668438,1905.959860146477,142
2024-01-05 10:18:00,1905.959860146477,1907.1227799642627,1905.4637149177113,1906.626634735497,93
2024-01-05 10:19:00,1906.626634735497,1906.6437109485992,1905.7005067656937,1905.717582978796,137
2024-01-05 10:20:00,1905.717582978796,1906.859435314016,1904.9288678382663,1906.0707201734865,89
2024-01-05 10:21:00,1906.0707201734865,1906.3340683390425,1905.310249381888,1905.573597547444,82
2024-01-05 10:22:00,1905.573597547444,1905.6405650910708,1905.2546953449842,1905.321662888611,50
2024-01-05 10:23:00,1905.321662888611,1905.503650013619,1904.4185973748858,1904.600584499894,167
2024-01-05 10:24:00,1904.600584499894,1905.279836916155,1903.7677932492004,1904.4470456654615,23
2024-01-05 10:25:00,1904.4470456654615,1906.7812334404305,1903.9119695377692,1906.2461573127382,54
2024-01-05 10:26:00,1906.2461573127382,1907.8076665724757,1906.004780348856,1907.5662896085935,91
2024-01-05 10:27:00,1907.5662896085935,1908.3303612054872,1907.140314064162,1907.9043856610558,39
2024-01-05 10:28:00,1907.9043856610558,1908.9229003716966,1906.8617414303133,1907.880256140954,184
2024-01-05 10:29:00,1907.880256140954,1909.085902897679,1907.479926776196,1908.685573532921,75
2024-01-05 10:30:00,1908.685573532921,1910.273677582237,1908.1758485784808,1909.763952627797,56
2024-01-05 10:31:00,1909.763952627797,1910.7348523011592,1908.000674337651,1908.9715740110132,58
2024-01-05 10:32:00,1908.9715740110132,1909.8479448255896,1908.0212888979202,1908.8976597124965,46
2024-01-05 10:33:00,1908.8976597124965,1909.8595356145856,1906.196817910149,1907.1586938122382,136
2024-01-05 10:34:00,1907.1586938122382,1908.7153256977792,1906.6730289035086,1908.2296607890496,101
2024-01-05 10:35:00,1908.2296607890496,1911.4352661554678,1906.994325692028,1910.1999310584463,53
2024-01-05 10:36:00,1910.1999310584463,1911.0926410446914,1909.3837079842183,1910.2764179704634,175
2024-01-05 10:37:00,1910.2764179704634,1911.7883128606807,1906.734844715471,1908.2467396056882,134
2024-01-05 10:38:00,1908.2467396056882,1909.1016794670768,1907.972756415817,1908.8276962772056,86
2024-01-05 10:39:00,1908.8276962772056,1908.9282271747386,1907.864290159548,1907.964821057081,107
2024-01-05 10:40:00,1907.964821057081,1908.539774254985,1906.7570441597952,1907.3319973576993,134
2024-01-05 10:41:00,1907.3319973576993,1908.3968426182087,1906.8646966957085,1907.929541956218,38
2024-01-05 10:42:00,1907.929541956218,1908.9942900491076,1907.1076295313744,1908.172377624264,163
2024-01-05 10:43:00,1908.172377624264,1909.1548192248501,1906.7242381824894,1907.7066797830755,59
2024-01-05 10:44:00,1907.7066797830755,1908.2455103917894,1906.5482206720922,1907.087051280806,15
2024-01-05 10:45:00,1907.087051280806,1907.687387533004,1906.6067051843559,1907.207041436554,109
2024-01-05 10:46:00,1907.207041436554,1907.9784325716923,1906.0451825089267,1906.816573644065,176
2024-01-05 10:47:00,1906.816573644065,1907.2906012161645,1905.2849901967381,1905.7590177688376,149
2024-01-05 10:48:00,1905.7590177688376,1906.2010871630082,1905.0000557336266,1905.4421251277972,68
2024-01-05 10:49:00,1905.4421251277972,1906.732699101949,1904.4750881985121,1905.765662172664,85
2024-01-05 10:50:00,1905.765662172664,1906.8174664743083,1904.5441461353303,1905.5959504369746,123
2024-01-05 10:51:00,1905.5959504369746,1906.5800535480355,1903.265059195549,1904.2491623066098,54
2024-01-05 10:52:00,1904.2491623066098,1905.6983303647646,1903.7417069868156,1905.1908750449704,165
2024-01-05 10:53:00,1905.1908750449704,1905.4343252340122,1902.338445576862,1902.5818957659037,66
2024-01-05 10:54:00,1902.5818957659037,1903.0961606906778,1901.6430077097007,1902.1572726344748,51
2024-01-05 10:55:00,1902.1572726344748,1902.439472840329,1901.2852149282173,1901.5674151340716,28
2024-01-05 10:56:00,1901.5674151340716,1902.2294738582113,1901.0462424728175,1901.7083011969573,141
2024-01-05 10:57:00,1901.7083011969573,1902.557716861375,1901.3929439937215,1902.242359658139,14
2024-01-05 10:58:00,1902.242359658139,1903.877148855163,1901.6792603349381,1903.314049531962,163
2024-01-05 10:59:00,1903.314049531962,1903.489367694522,1902.460766267199,1902.636084429759,194
2024-01-05 11:00:00,1902.636084429759,1903.2775782471165,1902.5526169731515,1903.194110790509,31
2024-01-05 11:01:00,1903.194110790509,1904.416914540211,1902.1576472421075,1903.3804509918095,28
2024-01-05 11:02:00,1903.3804509918095,1903.5821668878184,1901.5498798018875,1901.7515956978964,187
2024-01-05 11:03:00,1901.7515956978964,1904.1299673152885,1901.1804018122343,1903.5587734296264,33
2024-01-05 11:04:00,1903.5587734296264,1904.4925638429672,1901.2555865080603,1902.1893769214012,87
2024-01-05 11:05:00,1902.1893769214012,1903.5070439338306,1901.270691536489,1902.5883585489184,175
2024-01-05 11:06:00,1902.5883585489184,1903.8327257322646,1901.714957990638,1902.959325173984,36
2024-01-05 11:07:00,1902.959325173984,1903.9078388607552,1902.2730742798599,1903.221587966631,136
2024-01-05 11:08:00,1903.221587966631,1904.0679328452604,1901.904598388482,1902.7509432671116,82
2024-01-05 11:09:00,1902.7509432671116,1904.6317776192247,1901.6571367961374,1903.5379711482506,92
2024-01-05 11:10:00,1903.5379711482506,1904.2702700950308,1901.3205628336725,1902.0528617804528,186
2024-01-05 11:11:00,1902.0528617804528,1902.1811328960991,1901.861985746864,1901.9902568625105,133
2024-01-05 11:12:00,1901.9902568625105,1902.3596967495912,1901.0845749049827,1901.4540147920634,70
2024-01-05 11:13:00,1901.4540147920634,1902.288991270517,1899.9751128680327,1900.8100893464864,187
2024-01-05 11:14:00,1900.8100893464864,1901.5494895167208,1900.4781732363404,1901.2175734065747,120
2024-01-05 11:15:00,1901.2175734065747,1903.4288732617538,1900.0305341215894,1902.2418339767685,28
2024-01-05 11:16:00,1902.2418339767685,1902.7883760465622,1901.3688141720147,1901.9153562418085,84
2024-01-05 11:17:00,1901.9153562418085,1903.2609880908292,1901.3121190694162,1902.657750918437,56
2024-01-05 11:18:00,1902.657750918437,1903.7038934690408,1901.6589280991552,1902.7050706497591,132
2024-01-05 11:19:00,1902.7050706497591,1903.2060765536783,1901.3547616952155,1901.8557675991347,173
